S10_w,S10_x,S10_y,S10_z,S6_w,S6_x,S6_y,S6_z,middle_pose_position_x,middle_pose_position_y,middle_pose_position_z
-0.4851,0.1636,0.8059,0.2971,-0.2214,0.3581,0.706,0.5693,-6.222600972,79.399479957,66.549032661
-0.4824,0.1634,0.8071,0.2984,-0.2184,0.3591,0.7048,0.5714,-6.3900173432,78.8350318252,66.9816155532
-0.4802,0.1641,0.8075,0.3004,-0.2159,0.3601,0.7037,0.573,-5.47473304,78.682300863,67.671896441
-0.4774,0.1649,0.8082,0.3025,-0.2122,0.3627,0.7012,0.5758,-6.02398744,78.012074385,67.973748815
-0.4733,0.1662,0.8093,0.3052,-0.2069,0.3671,0.6968,0.5802,-5.3324871752,77.4168044456,69.089462334
-0.4718,0.1671,0.8096,0.3065,-0.2045,0.369,0.6954,0.5816,-4.7535379764,77.5170397656,68.9969713432
-0.47,0.1693,0.8091,0.3093,-0.202,0.3724,0.6931,0.583,-4.6002848088,76.6423178416,69.7481531168
-0.4691,0.1713,0.8083,0.3117,-0.1998,0.3768,0.6903,0.5842,-3.971293128,76.3454420924,70.239866672
-0.4688,0.1713,0.8084,0.312,-0.1993,0.378,0.6892,0.585,-3.981004126,76.445447888,70.166926131
-0.4682,0.1707,0.8088,0.312,-0.199,0.3792,0.6887,0.5848,-4.132685575,76.6404563256,70.0454181332
-0.4641,0.1719,0.8093,0.3162,-0.1964,0.3806,0.6861,0.5879,-4.35359799,75.87957995,70.47761834
-0.4606,0.1731,0.8095,0.3199,-0.194,0.3816,0.6857,0.5886,-3.860317149,75.924933528,70.8559550642
-0.4593,0.1732,0.8096,0.3216,-0.1912,0.3827,0.6853,0.5893,-4.4092114208,74.8398992642,71.5927136758
-0.4577,0.173,0.8089,0.3256,-0.189,0.3844,0.6846,0.5897,-4.245599686,74.321502362,72.0941637
-0.4563,0.1726,0.809,0.3276,-0.189,0.3845,0.6847,0.5894,-3.870266293,74.6343451804,72.0529147498
-0.4555,0.1723,0.8093,0.3284,-0.1884,0.3842,0.6848,0.5897,-4.3201285432,74.2498115758,72.319664577
-0.4531,0.1737,0.8085,0.3328,-0.1871,0.3856,0.6834,0.5907,-3.9423881654,73.5534432824,72.652915649
-0.4514,0.1755,0.8068,0.3379,-0.185,0.388,0.682,0.5915,-3.677405383,73.7981018852,72.8255984274
-0.4497,0.177,0.8059,0.3419,-0.1837,0.3901,0.6822,0.5903,-3.325396872,72.5964824448,73.6193204456
-0.4462,0.1786,0.8041,0.3495,-0.1824,0.3892,0.6867,0.5861,-3.0731437912,72.9347128816,73.963138296
-0.4434,0.1787,0.8032,0.3552,-0.1741,0.3916,0.6828,0.5916,-2.955132353,73.487972386,73.274475565
-0.4404,0.1799,0.8021,0.3606,-0.1606,0.403,0.6597,0.6135,-2.951911467,73.5853013212,73.3558181126
-0.4367,0.1808,0.8022,0.3646,-0.1536,0.4066,0.6373,0.6362,-2.712187136,74.25728411,72.4066696
-0.4317,0.182,0.8024,0.3696,-0.12,0.4231,0.587,0.6795,-2.6492203896,74.7119148424,71.2575031056
-0.427,0.184,0.8015,0.3759,-0.1091,0.4345,0.5758,0.6838,-2.4085254668,75.2804741664,70.5469364764
-0.4248,0.1857,0.8006,0.3795,-0.1094,0.4332,0.5918,0.6708,-1.5971199586,74.9858045702,69.124974639
-0.4219,0.1864,0.8007,0.382,-0.1126,0.4266,0.6112,0.6569,-1.4949553378,75.334884635,68.2528135752
-0.4199,0.1871,0.7999,0.3856,-0.1192,0.4214,0.6231,0.6479,-1.3261366544,75.151216486,67.0870247106
-0.4183,0.1879,0.7992,0.3883,-0.1226,0.4185,0.6295,0.6429,-1.0104020154,74.92649398,65.5415350238
-0.4163,0.1888,0.799,0.3906,-0.128,0.4119,0.6379,0.6378,-0.6811574144,75.3149024714,65.316397815
-0.4168,0.1872,0.7999,0.3889,-0.1301,0.4083,0.6386,0.639,-0.8697214496,74.8780819458,64.1240389894
-0.4166,0.1872,0.7993,0.3902,-0.1288,0.4089,0.637,0.6405,-0.7635845416,75.034139024,63.2262485076
-0.4175,0.1859,0.8002,0.3882,-0.1252,0.412,0.6314,0.6448,-0.3943352496,75.2361364648,63.9633779432
-0.4223,0.1856,0.8004,0.3826,-0.1166,0.4223,0.6102,0.66,-0.565631846,74.783192584,64.860538554
-0.4258,0.1845,0.8012,0.3776,-0.1141,0.4213,0.6005,0.6699,-0.552820547,75.5144135336,66.8711204832
-0.4337,0.1796,0.8051,0.3624,-0.1123,0.4143,0.5838,0.689,-1.1962570444,75.189633496,67.5489629112
-0.4468,0.1764,0.8051,0.3477,-0.1618,0.3746,0.6299,0.6607,-1.5367848096,77.546670456,67.5064882728
-0.4501,0.1763,0.8049,0.3439,-0.1815,0.3526,0.6667,0.631,-3.5972860242,77.3969719066,68.3114397172
-0.4543,0.1779,0.8059,0.3352,-0.1911,0.3326,0.7167,0.5823,-3.8847656862,76.172455316,69.6760393542
-0.4541,0.1788,0.8077,0.3305,-0.1899,0.3316,0.7277,0.5694,-5.0936816098,77.439576058,68.8163857234
-0.458,0.1802,0.8104,0.3176,-0.197,0.3285,0.7328,0.5622,-5.325506898,77.367572359,69.068327439
-0.46,0.1846,0.8107,0.3112,-0.207,0.3239,0.7365,0.5565,-5.7259090702,76.8227945848,69.5782342326
-0.4609,0.1873,0.8112,0.307,-0.2103,0.3217,0.7334,0.5606,-4.9436043128,78.2645750022,68.375834059
-0.4672,0.1852,0.8129,0.2937,-0.2236,0.3292,0.717,0.5721,-4.7223881278,79.372959139,67.3022747804
-0.4675,0.1851,0.8145,0.2891,-0.2283,0.3295,0.7152,0.5724,-5.7065964708,78.2834225504,68.254253642
-0.4664,0.1846,0.8165,0.2854,-0.2294,0.3281,0.7179,0.5693,-6.131262116,79.382063504,66.400199604
-0.4667,0.182,0.819,0.2796,-0.2303,0.3292,0.7173,0.5691,-6.8701218884,79.1565308916,65.9538674112
-0.4663,0.1804,0.8209,0.2755,-0.2301,0.3283,0.7173,0.5697,-6.551582845,78.537150848,66.7902905814
-0.466,0.1799,0.8216,0.2742,-0.2287,0.328,0.7169,0.5709,-7.240948704,79.016900124,65.2062180324
-0.4664,0.1744,0.8237,0.2709,-0.2318,0.3229,0.7183,0.5708,-7.738768839,78.9833668892,64.7426585464
-0.4659,0.1707,0.8253,0.2692,-0.2327,0.3209,0.7192,0.5704,-7.3538154566,78.65032773,65.1884720992
-0.4653,0.1695,0.8257,0.2698,-0.2334,0.3197,0.7192,0.5709,-8.4411869244,79.122319884,64.2445269648
-0.4652,0.1675,0.8255,0.2721,-0.2382,0.3173,0.7211,0.5678,-8.2440538224,78.8609490694,65.3375308526
-0.4635,0.1688,0.8244,0.2773,-0.237,0.3163,0.7229,0.5667,-7.5247971444,79.1466766328,65.5516053636
-0.4602,0.1732,0.8231,0.2838,-0.2291,0.3175,0.7232,0.5688,-7.4071045148,78.8708591704,67.116426158
-0.4506,0.1871,0.8187,0.3024,-0.2109,0.3192,0.7362,0.5581,-5.6908050308,77.5305537,69.8056821132
-0.4472,0.1915,0.816,0.312,-0.2041,0.3231,0.7411,0.5518,-5.3496633364,78.9265720274,68.716805247
-0.4431,0.1958,0.8131,0.3225,-0.1937,0.3318,0.7393,0.5528,-3.7090611212,76.5773888694,71.8320354018
-0.432,0.2022,0.8117,0.3368,-0.1663,0.3597,0.72,0.5695,-3.0656576878,75.7933320214,72.2345549222
-0.4292,0.2034,0.8107,0.342,-0.1526,0.3789,0.6963,0.59,-3.1288702744,76.5555577762,70.850082727
-0.4279,0.2031,0.8098,0.346,-0.1313,0.3984,0.653,0.6304,-2.6097488844,75.3794993542,72.3522420642
-0.4212,0.2069,0.8068,0.3588,-0.103,0.4129,0.5771,0.6969,-1.9826913242,75.7913634066,70.6915471404
-0.4193,0.208,0.8059,0.3626,-0.1083,0.4152,0.5819,0.6907,-1.681629234,76.4332091848,69.2522908012
-0.4172,0.2087,0.8051,0.366,-0.1126,0.4193,0.5958,0.6755,-0.9787531416,75.7488480068,68.9167175676
-0.4121,0.2106,0.8032,0.3749,-0.1242,0.4117,0.6251,0.6513,0.0228317284,75.560467927,67.3177268702
-0.4102,0.2116,0.8024,0.3781,-0.1264,0.4086,0.6326,0.6455,0.0662673524,76.0836259348,66.6276577528
-0.4077,0.212,0.8024,0.3806,-0.1265,0.4061,0.6381,0.6417,0.6677717244,75.412276984,65.6859750836
-0.4046,0.2113,0.8032,0.3825,-0.1267,0.3966,0.6497,0.6359,0.9453283952,75.3450310756,64.0062568656
-0.4038,0.2119,0.8027,0.3841,-0.1266,0.395,0.6512,0.6354,1.2492855372,75.4362951204,63.4713337584
-0.4013,0.2135,0.8027,0.3859,-0.1275,0.391,0.6538,0.6351,1.1731364344,75.1440519784,62.7574772464
-0.4014,0.2111,0.8037,0.385,-0.1282,0.3897,0.6545,0.635,1.3557409708,75.024797722,62.0395391172
-0.4014,0.2106,0.8034,0.3858,-0.1267,0.3913,0.6523,0.6365,1.6706765362,75.035315986,61.8652969952
-0.4014,0.2119,0.8023,0.3874,-0.1226,0.3946,0.6469,0.6408,1.5162396856,74.8594162202,62.302341948
-0.4069,0.2113,0.8041,0.3782,-0.1146,0.4061,0.6258,0.6558,1.7982946816,75.155191945,63.7288176336
-0.4069,0.2113,0.8041,0.3782,-0.1146,0.4061,0.6258,0.6558,1.397925026,75.0551224388,64.3207172436
-0.418,0.2093,0.8051,0.3649,-0.1101,0.4096,0.6046,0.674,1.165986049,76.5430229666,65.1214944442
-0.4287,0.2037,0.8087,0.3473,-0.1374,0.3699,0.6174,0.6803,-0.8030411608,77.415613796,66.462460616
-0.4312,0.2019,0.8101,0.342,-0.1636,0.3439,0.6607,0.6467,-1.131341396,75.9042028624,68.6487747328
-0.4364,0.1994,0.8118,0.3325,-0.1848,0.3115,0.7305,0.5789,-2.99656818,77.3862391784,67.8797858848
-0.4387,0.1998,0.8145,0.3225,-0.1751,0.3145,0.7484,0.557,-3.7133120784,77.894154743,67.8143926834
-0.4404,0.1994,0.8162,0.3162,-0.1759,0.3148,0.7524,0.5511,-3.7974462588,77.1021256056,69.0793889712
-0.4465,0.1965,0.8178,0.3052,-0.1851,0.3112,0.7617,0.5371,-3.5117313556,79.6972591532,66.6801089864
-0.4518,0.1936,0.82,0.293,-0.2024,0.3063,0.7538,0.5448,-3.5380466936,81.6380874848,64.5051411432
-0.4526,0.1934,0.8207,0.2899,-0.2008,0.3104,0.7493,0.5493,-4.346428766,80.7851037434,65.6815146124
-0.4542,0.1918,0.8224,0.2836,-0.2029,0.3147,0.7485,0.5472,-4.763331846,82.267679389,63.384700694
-0.4534,0.1885,0.8267,0.2742,-0.2052,0.3143,0.7526,0.5409,-5.75190454,82.68307602,62.7410487376
-0.4536,0.1872,0.8282,0.2705,-0.2077,0.3127,0.7542,0.5386,-5.6656541032,81.879964791,63.7678431594
-0.4537,0.1853,0.8302,0.2655,-0.2088,0.3129,0.7536,0.5389,-6.5038585384,82.799544338,61.6921791348
-0.4547,0.1812,0.8321,0.2606,-0.2136,0.3107,0.7529,0.5392,-6.7870460916,82.1955476648,61.4509561092
-0.4543,0.1796,0.8327,0.2603,-0.2158,0.3094,0.7517,0.5408,-6.467327944,81.6565069254,62.5721292686
-0.4524,0.1782,0.834,0.2606,-0.2149,0.3081,0.7508,0.5432,-7.2085465376,81.6410941252,61.4530077156
-0.4503,0.1803,0.8337,0.2637,-0.2137,0.3108,0.7468,0.5475,-7.1608194708,80.7505318252,62.3926168576
-0.4489,0.1831,0.8326,0.2676,-0.2102,0.316,0.7416,0.553,-6.4763833026,81.056672161,62.9525360652
-0.4465,0.1912,0.8286,0.2781,-0.2061,0.3204,0.7374,0.5576,-5.8783336994,78.8598135082,65.1415877668
-0.4439,0.2025,0.8214,0.2952,-0.1915,0.3324,0.7297,0.5658,-2.925001961,76.7112538598,69.1695076188
-0.4442,0.205,0.8182,0.3018,-0.1864,0.337,0.7321,0.5617,-2.9985979648,78.5205096986,68.0420172648
-0.4396,0.2097,0.8156,0.312,-0.1846,0.3405,0.7343,0.5573,-0.2652127796,76.061430574,71.4891636606
-0.4287,0.213,0.8141,0.3286,-0.1695,0.3507,0.7292,0.5625,-0.77702511,75.050836091,72.150195691
-0.4287,0.213,0.8141,0.3286,-0.1695,0.3507,0.7292,0.5625,-0.7112388916,76.147725729,70.8777680148
-0.4198,0.2142,0.8125,0.343,-0.148,0.3735,0.6941,0.5972,-1.3797297564,74.196838931,73.0095163052
-0.4135,0.2171,0.8107,0.3529,-0.1102,0.3948,0.6237,0.6655,-0.99235088,74.5023899424,71.6058176576
-0.4135,0.218,0.8088,0.3565,-0.1019,0.3963,0.5956,0.6911,-0.3222298096,75.2364946736,70.6026104048
-0.4121,0.2187,0.8081,0.3593,-0.0992,0.4063,0.5896,0.6908,0.3266912928,74.8283957408,70.0994708464
-0.4067,0.221,0.8067,0.3672,-0.1129,0.4102,0.6113,0.6672,1.0208652464,75.017128794,68.1158835684
-0.4045,0.2219,0.8061,0.3704,-0.1208,0.4066,0.6255,0.6547,0.9900840544,75.4897376208,67.9481573184
-0.4029,0.2225,0.8046,0.3749,-0.1217,0.4073,0.6336,0.6463,1.630744304,74.7689330568,66.9033203448
-0.3986,0.2235,0.8046,0.3789,-0.1278,0.4035,0.6467,0.6343,2.3327831104,74.880124032,65.4697888568
-0.3976,0.2235,0.8042,0.3808,-0.1369,0.3993,0.6437,0.6382,2.3753014222,75.0802132544,65.233352549
-0.3959,0.224,0.8029,0.385,-0.1402,0.3977,0.643,0.6392,2.657174604,74.29747253,64.6336462556
-0.3931,0.2227,0.803,0.3884,-0.1246,0.4027,0.6495,0.6326,3.1297803272,73.9345710936,63.345556634
-0.3921,0.2227,0.8029,0.3898,-0.1239,0.4022,0.6506,0.632,3.2075132536,74.3056529082,63.0575112126
-0.3917,0.2206,0.8045,0.388,-0.122,0.4028,0.6492,0.6334,3.3869581184,73.8568593144,62.1246819904
-0.3893,0.2188,0.8051,0.3903,-0.1194,0.4016,0.6491,0.6348,3.448987337,73.7012635714,61.1342704202
-0.3897,0.2183,0.8046,0.3911,-0.1187,0.4011,0.6487,0.6356,3.998685414,74.058199664,61.177168838
-0.3909,0.2179,0.8043,0.3908,-0.118,0.4004,0.6486,0.6364,3.4991934972,74.041025692,60.7670391444
-0.3943,0.2208,0.8046,0.385,-0.1138,0.4022,0.6396,0.6449,3.690896019,74.4120902962,61.3707973896
-0.3954,0.2234,0.8045,0.3827,-0.1127,0.4057,0.6298,0.6525,3.3789634936,74.2966768218,62.3416720706
-0.4019,0.2248,0.8048,0.3742,-0.1133,0.4017,0.628,0.6566,3.307067689,74.6385797944,63.6771894476
-0.4158,0.2218,0.8071,0.3553,-0.1193,0.3892,0.6116,0.6782,1.9646071278,76.7252119182,64.5928452816
-0.4176,0.2218,0.8082,0.3507,-0.1204,0.3817,0.6058,0.6875,0.8258120996,75.3552155122,66.563812846
-0.4189,0.2228,0.8086,0.3476,-0.1327,0.3646,0.6262,0.6761,-0.3881301998,76.8208059164,66.547845802
-0.4254,0.22,0.8115,0.3344,-0.1751,0.3165,0.7101,0.6039,-0.9492803508,76.0620347526,69.1372870008
-0.4287,0.2197,0.8114,0.3306,-0.1759,0.3158,0.7453,0.5601,-1.0634566624,75.5285286392,69.5179420912
-0.431,0.2211,0.8112,0.3273,-0.1693,0.3227,0.7463,0.5568,-1.2975049088,76.8738378112,69.1418289344
-0.4352,0.2196,0.8136,0.3166,-0.1695,0.3252,0.7567,0.5411,-1.6550977208,77.6846709802,68.5128988378
-0.4371,0.2184,0.8139,0.314,-0.1745,0.3239,0.7619,0.5328,-2.1163331856,76.911084756,69.2651477888
-0.4375,0.2198,0.8133,0.314,-0.1816,0.3236,0.7605,0.5327,-2.2353475136,77.739404716,68.1152707328
-0.4387,0.2175,0.8159,0.307,-0.1859,0.3204,0.7564,0.539,-3.1290666524,77.3773483448,68.4443321844
-0.4397,0.2168,0.817,0.3032,-0.183,0.3244,0.7464,0.5513,-3.2074148472,77.0841293368,69.1096573464
-0.4407,0.2166,0.819,0.2963,-0.1793,0.3298,0.7446,0.5518,-3.9312681782,78.7000530038,67.5332942294
-0.4407,0.2166,0.8204,0.2925,-0.1789,0.3315,0.7481,0.5461,-4.135779709,79.2286561086,66.3974081564
-0.4384,0.2158,0.8245,0.285,-0.1776,0.3297,0.7557,0.5371,-4.0418505802,78.4359825222,67.2060233318
-0.4387,0.213,0.8264,0.2814,-0.179,0.3275,0.7578,0.5352,-4.644355081,79.5040182206,65.4079498402
-0.4396,0.208,0.828,0.2789,-0.1813,0.3245,0.7587,0.5347,-5.5078317556,79.5445784782,64.9474087244
-0.4381,0.2026,0.8299,0.2794,-0.1858,0.3214,0.7561,0.5388,-4.8798921076,79.0794418692,66.1929407348
-0.4374,0.2009,0.8306,0.2796,-0.1895,0.32,0.7528,0.5429,-5.7137425556,78.8717587428,65.9517799956
-0.436,0.1977,0.8317,0.2807,-0.1916,0.3187,0.749,0.5482,-4.7470266284,77.661847982,67.765870426
-0.4263,0.21,0.825,0.3057,-0.1773,0.3295,0.7296,0.5723,-3.8328999516,78.1032222272,68.5842554074
-0.4248,0.2132,0.8218,0.3139,-0.1709,0.3339,0.7327,0.5677,-2.231290862,73.4039710052,72.1688435344
-0.4248,0.2131,0.8197,0.3194,-0.1694,0.3367,0.7369,0.5609,0.051279534,74.1616072984,73.3222188944
-0.4184,0.2167,0.8158,0.3351,-0.1538,0.347,0.7119,0.5907,-0.995043552,75.648378375,71.120379939
-0.4133,0.2191,0.8148,0.3421,-0.1323,0.3627,0.6643,0.64,-0.53248976,74.4647708914,71.5649165242
-0.41,0.2174,0.8146,0.3476,-0.1226,0.3693,0.6445,0.658,-0.987880228,73.586972504,71.49473705
-0.4017,0.2183,0.8131,0.3601,-0.1038,0.3817,0.5969,0.6979,-0.0649914392,74.4090958584,70.7267159664
-0.3995,0.2191,0.8122,0.364,-0.0974,0.3933,0.5881,0.6999,-0.3404921232,73.4132929744,70.8589090464
-0.3988,0.2193,0.8114,0.3666,-0.1027,0.3968,0.6023,0.6849,0.9798978848,74.04865975,68.7829047792
-0.3953,0.2219,0.8072,0.3777,-0.1143,0.3952,0.6116,0.6756,1.0502123038,74.491404439,68.0869079152
-0.3927,0.2233,0.8054,0.3834,-0.1221,0.3931,0.6141,0.6732,1.5333759408,72.9835522282,68.1307841824
-0.3905,0.2218,0.8054,0.3866,-0.1223,0.3925,0.6192,0.6689,1.1724476322,72.9922713634,67.2023854684
-0.3876,0.2183,0.8057,0.3909,-0.1292,0.3891,0.6345,0.655,1.619040025,73.5299427246,66.4152074456
-0.3862,0.2178,0.8053,0.3933,-0.132,0.3872,0.6371,0.6531,1.209572767,72.998208856,65.775063689
-0.3847,0.2179,0.804,0.3974,-0.1425,0.3826,0.6354,0.6552,2.039052918,72.3761877096,65.2896981036
-0.3831,0.2181,0.8028,0.4011,-0.129,0.3886,0.6417,0.6484,2.1929361598,72.871515208,64.5322449806
-0.3824,0.2177,0.8028,0.402,-0.1279,0.3908,0.6424,0.6466,2.5807519052,72.4350373168,63.978279198
-0.3811,0.2178,0.8023,0.4042,-0.1286,0.3916,0.6428,0.6455,2.7472044774,72.3238907028,63.2123542882
-0.3811,0.2157,0.8032,0.4036,-0.1276,0.3916,0.6419,0.6467,2.9193899102,72.690581217,62.6511469744
-0.3803,0.2159,0.8029,0.4048,-0.1254,0.3909,0.6422,0.6472,2.4933335678,72.535109009,62.3514761776
-0.3809,0.2167,0.802,0.4057,-0.1239,0.3912,0.642,0.6475,2.8430890438,72.4316842604,63.009955009
-0.3867,0.2166,0.8033,0.3977,-0.1233,0.3922,0.6366,0.6524,2.9768780816,72.6875915392,62.8856385728
-0.3881,0.218,0.8042,0.3936,-0.1206,0.3914,0.629,0.6607,2.4967328486,73.7755890954,63.37900486
-0.391,0.2222,0.8038,0.3892,-0.1179,0.3911,0.6228,0.6671,1.887438564,72.9013979216,65.6293542988
-0.3983,0.2299,0.8008,0.3834,-0.1181,0.3848,0.6049,0.6869,1.3524608184,72.6096221584,66.6787603984
-0.4046,0.2284,0.8021,0.3748,-0.1172,0.3804,0.5983,0.6953,1.508766504,73.6947025128,67.1331311776
-0.4133,0.223,0.8054,0.3614,-0.1411,0.356,0.6304,0.6751,-0.551101056,75.9159142288,67.5440284816
-0.4218,0.2124,0.8126,0.3413,-0.1937,0.2874,0.7448,0.5701,-1.1638786124,74.4321247302,69.2837527734
-0.4218,0.2124,0.8126,0.3413,-0.1937,0.2874,0.7448,0.5701,-3.3322376596,77.339293087,68.0474252966
-0.4219,0.2094,0.8169,0.3326,-0.1807,0.2875,0.7698,0.5403,-4.6489525088,79.8020263456,65.6935337432
-0.4227,0.208,0.8242,0.3139,-0.1696,0.2928,0.7721,0.5378,-4.0812220588,78.6057101474,67.0292463134
-0.4227,0.208,0.8242,0.3139,-0.1696,0.2928,0.7721,0.5378,-3.7814120696,79.6765900348,65.5782030218
-0.4266,0.2156,0.8256,0.2996,-0.1751,0.3049,0.76,0.5463,-3.5294057348,79.9082253364,65.560535278
-0.4254,0.2167,0.8264,0.2984,-0.1707,0.3097,0.7605,0.5444,-4.2444210592,79.3392701268,66.5786500932
-0.4254,0.2167,0.8264,0.2984,-0.1707,0.3097,0.7605,0.5444,-4.8052845064,79.6678385228,65.5909414944
-0.4226,0.2151,0.8308,0.2911,-0.1654,0.3079,0.7656,0.5399,-6.181461113,79.7425662886,65.5567287102
-0.4208,0.2142,0.8338,0.2855,-0.1635,0.3073,0.7666,0.5395,-5.7188154896,79.0111995656,66.158468252
-0.4208,0.2142,0.8338,0.2855,-0.1635,0.3073,0.7666,0.5395,-6.5305095304,79.3541905004,65.669691652
-0.4222,0.2134,0.8347,0.2815,-0.164,0.3051,0.7696,0.5362,-6.1799897802,79.7495093864,65.2444760416
-0.4233,0.2125,0.8348,0.2803,-0.1708,0.3093,0.7649,0.5384,-6.4334234308,79.2443622568,65.564930322
-0.4233,0.2125,0.8348,0.2803,-0.1708,0.3093,0.7649,0.5384,-5.6989815824,78.8714375804,65.7654741984
-0.4233,0.213,0.8345,0.281,-0.1742,0.3129,0.7603,0.5416,-4.001048414,77.786659143,67.6583784924
-0.4214,0.218,0.8324,0.2861,-0.178,0.3231,0.749,0.5502,-4.066625807,78.2325928342,67.6801502682
-0.4212,0.2241,0.8268,0.2979,-0.1756,0.3282,0.7471,0.5505,-1.880863233,77.3608781894,69.1613475148
-0.4184,0.2295,0.8217,0.3112,-0.1695,0.3377,0.7513,0.541,0.4852848098,76.3662579598,70.7976096122
-0.4184,0.2295,0.8217,0.3112,-0.1695,0.3377,0.7513,0.541,-0.1278909152,77.668365485,69.3730087554
-0.4091,0.2364,0.8177,0.3286,-0.1487,0.3546,0.7365,0.5563,1.6156760476,74.678554775,72.2462759438
-0.4055,0.2366,0.8177,0.3328,-0.127,0.3732,0.7059,0.5883,1.8191218808,74.1734140112,72.5155059104
-0.4,0.2366,0.8136,0.3491,-0.096,0.4002,0.6461,0.6427,2.1024199626,75.1750712494,70.8113324164
-0.4,0.2366,0.8136,0.3491,-0.096,0.4002,0.6461,0.6427,2.0984410012,73.4010992062,72.5377167996
-0.3929,0.2363,0.8124,0.3601,-0.0639,0.4198,0.5852,0.6907,2.3467415288,73.271694994,71.6477190788
-0.3874,0.2368,0.8103,0.3703,-0.0626,0.4346,0.5824,0.684,3.0050040056,74.000173096,70.4203019176
-0.3874,0.2368,0.8103,0.3703,-0.0626,0.4346,0.5824,0.684,3.058653532,73.0328668604,70.5353528028
-0.384,0.2368,0.8081,0.3787,-0.0674,0.4373,0.5958,0.6701,3.5784442208,72.771487614,69.6209227416
-0.3801,0.2366,0.8063,0.3862,-0.0665,0.4314,0.6171,0.6546,3.867110075,73.2362576478,69.0786587226
-0.3801,0.2366,0.8063,0.3862,-0.0665,0.4314,0.6171,0.6546,3.7044937484,72.6726634648,68.5479882932
-0.3768,0.2335,0.807,0.3899,-0.0787,0.4138,0.6365,0.6459,3.8564304856,72.7916367444,66.5744612176
-0.3758,0.2321,0.8074,0.391,-0.0798,0.4097,0.6403,0.6447,4.1940268246,73.0141339794,65.959670254
-0.3749,0.2315,0.8064,0.3942,-0.0802,0.4045,0.6488,0.6394,4.025439387,72.8316448356,65.0780424426
-0.3748,0.2301,0.8072,0.3934,-0.0941,0.3934,0.6547,0.6384,4.1622437752,72.9117924236,64.062267088
-0.3751,0.2294,0.8076,0.3928,-0.095,0.3927,0.655,0.6384,4.5125566208,72.883403832,63.6523276016
-0.3751,0.2294,0.8076,0.3928,-0.095,0.3927,0.655,0.6384,4.2676011804,73.000962864,63.3177008068
-0.3775,0.2301,0.8061,0.3932,-0.0919,0.3967,0.6472,0.6443,4.433582955,73.0057502216,64.1772626962
-0.3828,0.2304,0.8072,0.3854,-0.0865,0.4091,0.6218,0.6621,4.1946927338,72.9771144988,64.628045199
-0.3828,0.2304,0.8072,0.3854,-0.0865,0.4091,0.6218,0.6621,3.8623419916,73.4883573564,66.2681208804
-0.3927,0.2293,0.8107,0.3685,-0.0899,0.3951,0.5927,0.6959,2.3622994116,74.8055152978,67.3654040114
-0.3959,0.2331,0.8102,0.3638,-0.1234,0.3574,0.6473,0.6616,2.0060183476,73.378561482,69.4329803472
-0.3959,0.2331,0.8102,0.3638,-0.1234,0.3574,0.6473,0.6616,1.3395357212,72.619617235,70.2738746864
-0.3989,0.2337,0.8108,0.3587,-0.1453,0.3361,0.7054,0.6068,1.07574199,73.0180064044,71.2358862712
-0.4075,0.2315,0.8118,0.3479,-0.1375,0.3405,0.7335,0.5718,0.296916418,72.30071329,71.7796281468
-0.4103,0.2316,0.8137,0.3402,-0.1362,0.3461,0.7385,0.5622,0.1473042534,72.8239096886,70.9417857878
-0.4161,0.229,0.8152,0.3312,-0.141,0.3502,0.7212,0.5806,0.2839115352,72.2147225074,71.742547413
-0.4161,0.229,0.8152,0.3312,-0.141,0.3502,0.7212,0.5806,0.121894768,71.735845501,72.4886860202
-0.4175,0.229,0.8153,0.3292,-0.1415,0.3527,0.7128,0.5892,0.00916539959997,72.1779286978,71.7863654888
-0.419,0.2274,0.8181,0.3215,-0.1434,0.356,0.7111,0.5889,-0.5762846788,72.0545171056,71.7811281348
-0.419,0.2274,0.8181,0.3215,-0.1434,0.356,0.7111,0.5889,-0.3243154288,71.672329312,71.8015690016
-0.4196,0.2264,0.8209,0.314,-0.1477,0.3519,0.7165,0.5838,-1.0638661696,72.854182229,70.6072561722
-0.4199,0.2255,0.8234,0.3075,-0.1477,0.3504,0.7214,0.5786,-0.8963197604,72.9808200392,70.0958788804
-0.4213,0.2244,0.8242,0.3044,-0.1511,0.3496,0.7218,0.5776,-0.833687898,72.410544773,70.488967137
-0.4211,0.2246,0.8247,0.3032,-0.1528,0.3491,0.722,0.5773,-1.0336590112,73.0204013884,69.529860772
-0.4195,0.2251,0.826,0.3015,-0.1527,0.348,0.7232,0.5765,-1.5397842326,73.0378351714,69.33670779
-0.4202,0.2206,0.828,0.2985,-0.1555,0.3448,0.7235,0.5773,-1.1341846246,72.6993129202,69.901845726
-0.4195,0.2178,0.8294,0.2975,-0.1586,0.3444,0.7216,0.5791,-1.851021711,73.0305017378,69.2493474892
-0.4195,0.2178,0.8294,0.2975,-0.1586,0.3444,0.7216,0.5791,-1.4929251754,72.7478689888,69.546951925
-0.4195,0.2163,0.8301,0.2967,-0.1669,0.3458,0.7183,0.58,-1.098085216,72.721719204,70.20210086
-0.4171,0.2196,0.828,0.3036,-0.168,0.3497,0.7137,0.5831,-0.4785994,72.817596177,70.493547951
-0.4139,0.2293,0.8228,0.3146,-0.16,0.361,0.7049,0.5891,1.0646595158,71.558556846,72.764702135
-0.4139,0.2293,0.8228,0.3146,-0.16,0.361,0.7049,0.5891,1.101183729,72.650981823,72.372251364
-0.4099,0.2388,0.8167,0.3283,-0.1578,0.3675,0.702,0.5891,3.3406504356,70.8284335648,74.6572325312
-0.4056,0.2435,0.814,0.3366,-0.1522,0.3729,0.7063,0.582,4.2417099048,68.8651985892,76.2106229998
-0.4056,0.2435,0.814,0.3366,-0.1522,0.3729,0.7063,0.582,3.6077960216,70.3609971112,74.6880126
-0.3971,0.2497,0.8087,0.3548,-0.1394,0.3785,0.7106,0.5764,4.4473163,68.108067956,77.163490392
-0.391,0.2507,0.806,0.3666,-0.1116,0.4052,0.6754,0.6058,4.2617015772,68.237813537,76.2377700566
-0.391,0.2507,0.806,0.3666,-0.1116,0.4052,0.6754,0.6058,4.6882837802,69.0185696096,75.029740467
-0.3847,0.2529,0.803,0.3782,-0.0819,0.4244,0.6209,0.6539,4.7031618522,68.1530066736,75.768643637
-0.3802,0.2527,0.8017,0.3856,-0.0588,0.4361,0.5684,0.6951,5.135511052,69.893448216,73.1587005752
-0.3771,0.2522,0.8018,0.3886,-0.0635,0.4379,0.577,0.6864,5.569861367,70.4748531492,72.0924999472
-0.3742,0.2514,0.8008,0.3942,-0.0693,0.4418,0.6112,0.6529,5.6092550396,70.2817637812,70.6772087314
-0.3726,0.2496,0.8007,0.3969,-0.0738,0.4338,0.6284,0.6412,5.9481801838,71.2707962498,68.1178250676
-0.3726,0.2496,0.8007,0.3969,-0.0738,0.4338,0.6284,0.6412,6.1458166344,71.5252984546,67.7473252426
-0.3726,0.2464,0.8022,0.3959,-0.0798,0.4241,0.6392,0.6364,6.1620168936,71.4365391174,66.3492404886
-0.374,0.2453,0.8021,0.3955,-0.0842,0.4201,0.6466,0.631,5.8584893384,72.3901630272,64.60534713
-0.374,0.2453,0.8021,0.3955,-0.0842,0.4201,0.6466,0.631,5.9793176612,72.2492448084,64.579059286
-0.3753,0.2433,0.8023,0.395,-0.0847,0.4163,0.6525,0.6274,5.6974550504,72.1707030782,64.0558186306
-0.3753,0.2424,0.8024,0.3954,-0.0844,0.4135,0.6527,0.629,5.6395972216,72.5650804066,63.8470513722
-0.3785,0.2417,0.8031,0.3913,-0.0747,0.4171,0.6396,0.6412,5.7369288918,72.5200375872,63.758936307
-0.3785,0.2417,0.8031,0.3913,-0.0747,0.4171,0.6396,0.6412,5.4196803978,72.658741581,65.4038999478
-0.3803,0.243,0.8038,0.3873,-0.0687,0.4237,0.6286,0.6485,5.364329398,73.4181403114,67.162684365
-0.3905,0.2448,0.8052,0.3728,-0.0741,0.4171,0.6068,0.6724,4.5866932,72.5850501496,68.3891636744
-0.3944,0.2485,0.8059,0.3647,-0.0836,0.3931,0.6052,0.6871,4.4087434544,73.5107068036,68.67741679
-0.3944,0.2485,0.8059,0.3647,-0.0836,0.3931,0.6052,0.6871,2.6157473772,72.8268149394,70.6963370242
-0.401,0.2452,0.8103,0.3497,-0.1331,0.3438,0.7314,0.5736,2.2468229408,72.0080739554,71.440017265
-0.4049,0.2446,0.8126,0.3403,-0.125,0.3583,0.7399,0.5553,1.3023104428,73.8313896054,70.638900705
-0.411,0.2432,0.8148,0.3284,-0.1315,0.3573,0.7402,0.554,0.9087303968,73.3731885234,71.1580820342
-0.411,0.2432,0.8148,0.3284,-0.1315,0.3573,0.7402,0.554,0.679430485,72.676833693,71.848419791
-0.4102,0.2428,0.8164,0.3258,-0.1383,0.35,0.742,0.5546,0.163864624,73.9740893892,70.7605716564
-0.4115,0.2421,0.821,0.3127,-0.1428,0.3448,0.7402,0.5591,-0.9227463018,75.324614152,69.0697139046
-0.4115,0.2421,0.821,0.3127,-0.1428,0.3448,0.7402,0.5591,-0.620675532,74.4950619432,69.9993987896
-0.4128,0.2443,0.8233,0.3034,-0.1393,0.3571,0.7372,0.5562,-0.9426746932,75.3536291314,68.3930756342
-0.4088,0.2444,0.8288,0.2934,-0.1361,0.3538,0.7454,0.5482,-1.7497392054,76.1783828864,67.5043183078
-0.4097,0.2441,0.8302,0.2886,-0.134,0.3533,0.7487,0.5445,-1.6011808648,75.2650880264,68.467871936
-0.4103,0.2445,0.8302,0.2872,-0.1348,0.3532,0.7496,0.5431,-1.8066658008,76.2062265344,66.971399076
-0.4108,0.2427,0.8314,0.2844,-0.1361,0.3524,0.7515,0.5407,-1.9161981554,76.143541445,67.3125938886
-0.4105,0.2413,0.8317,0.2853,-0.139,0.3519,0.7493,0.5432,-1.8453392222,75.869751248,67.7789033276
-0.4071,0.2461,0.8312,0.2874,-0.141,0.3588,0.7439,0.5457,-1.6548829738,75.2407102308,68.2139131928
-0.4055,0.2569,0.8263,0.2941,-0.1413,0.3718,0.7337,0.5507,0.3999214676,74.3805131754,70.0679592514
-0.4055,0.2569,0.8263,0.2941,-0.1413,0.3718,0.7337,0.5507,0.229157542,74.862633449,69.729971475
-0.4052,0.262,0.8238,0.2972,-0.138,0.3778,0.7308,0.5513,3.109035989,74.4932159232,71.5327162356
-0.408,0.2693,0.8168,0.3062,-0.1348,0.3897,0.7203,0.5576,5.2101720822,73.8860975554,72.4015393688
-0.408,0.2693,0.8168,0.3062,-0.1348,0.3897,0.7203,0.5576,3.9254089188,75.00043508,70.8324360022
-0.4017,0.2759,0.8134,0.3173,-0.1311,0.3946,0.7247,0.5493,5.164171362,73.795418066,72.4502973462
-0.4015,0.273,0.8106,0.3273,-0.1234,0.3956,0.7275,0.5466,5.2972037456,74.3176677368,71.4631066016
-0.3929,0.2742,0.808,0.3426,-0.0797,0.425,0.6661,0.6076,5.6384831456,75.0693010028,70.4648334412
-0.3911,0.2729,0.8081,0.3457,-0.0386,0.4384,0.6007,0.6673,5.3927843484,73.7870800884,71.0106718732
-0.3911,0.2729,0.8081,0.3457,-0.0386,0.4384,0.6007,0.6673,6.2269698978,74.4637561754,69.1877108592
-0.3909,0.27,0.806,0.3526,-0.0433,0.444,0.6036,0.6606,6.4337548188,75.0391774844,68.4189112464
-0.3872,0.2686,0.806,0.358,-0.0532,0.4452,0.6218,0.642,6.485098014,74.3686315708,68.1950167424
-0.3872,0.2686,0.806,0.358,-0.0532,0.4452,0.6218,0.642,6.4865011788,74.610627198,65.7930427644
-0.3841,0.2671,0.8054,0.3636,-0.0664,0.4248,0.6545,0.6218,6.5945528904,74.8566105868,64.9100711644
-0.3816,0.2661,0.8059,0.366,-0.0646,0.4179,0.6633,0.6173,6.2806844936,74.3817743996,63.7351188462
-0.3804,0.2642,0.8062,0.368,-0.0881,0.4012,0.68,0.6072,6.181796676,74.417886722,62.0392094948
-0.3804,0.2642,0.8062,0.368,-0.0881,0.4012,0.68,0.6072,6.5698627456,74.5016815848,61.6383814752
-0.3804,0.2627,0.8074,0.3662,-0.0913,0.3961,0.6832,0.6065,6.1440776804,74.487168919,61.2498040202
-0.3812,0.2627,0.8062,0.3682,-0.0911,0.3969,0.6814,0.608,6.3627412792,74.5158377916,61.2480876452
-0.3817,0.2642,0.8053,0.3684,-0.0779,0.404,0.6666,0.6214,6.322712836,74.5468685674,61.4329464668
-0.3829,0.2653,0.8045,0.3682,-0.0685,0.4121,0.6528,0.6318,6.237859007,74.2713236788,63.2283183966
-0.3829,0.2653,0.8045,0.3682,-0.0685,0.4121,0.6528,0.6318,6.193135951,74.731514826,65.679547683
-0.3875,0.2669,0.8045,0.3623,-0.054,0.4184,0.6215,0.6599,5.660066743,74.4771201816,66.2623158418
-0.3928,0.2673,0.8047,0.3557,-0.0722,0.3916,0.6246,0.6717,5.476903791,75.0277751592,67.4616983866
-0.3928,0.2673,0.8047,0.3557,-0.0722,0.3916,0.6246,0.6717,4.135892235,74.204924399,69.59781587
-0.3976,0.2659,0.8078,0.3444,-0.1252,0.3578,0.7336,0.5639,3.755758173,73.3959885872,70.1228717738
-0.4017,0.264,0.8115,0.332,-0.1183,0.3734,0.7469,0.5372,3.2826027776,75.3218818408,69.3596219392
-0.4017,0.264,0.8115,0.332,-0.1183,0.3734,0.7469,0.5372,3.5882741946,75.1586448012,69.3087334362
-0.4036,0.2648,0.8123,0.327,-0.1171,0.379,0.7454,0.5355,3.1121611488,74.5776867072,69.9345043328
-0.4061,0.2616,0.8164,0.3162,-0.127,0.3757,0.7457,0.5352,3.0477246544,75.6572123112,68.8188566968
-0.4054,0.2615,0.8199,0.308,-0.1231,0.3812,0.7329,0.5497,2.3120065638,76.0787472266,68.32464716
-0.4048,0.2622,0.8221,0.3022,-0.132,0.3797,0.7353,0.5455,2.7065849096,75.4915476808,69.345051584
-0.4028,0.2632,0.8236,0.3,-0.1331,0.3788,0.7362,0.5447,1.95708713,75.67988601,68.53118558
-0.4028,0.2632,0.8236,0.3,-0.1331,0.3788,0.7362,0.5447,1.4372679934,74.8445161716,68.955155206
-0.3977,0.2645,0.8276,0.2945,-0.1276,0.3784,0.7379,0.544,2.2878142072,74.4262010886,69.259466584
-0.3984,0.2644,0.8298,0.2874,-0.1259,0.3786,0.7385,0.5434,1.4332954502,75.2129237696,68.148492748
-0.3984,0.2644,0.8298,0.2874,-0.1259,0.3786,0.7385,0.5434,1.9086267136,74.4874661856,68.0865910256
-0.4,0.2634,0.8298,0.2863,-0.13,0.3776,0.7361,0.5464,2.1163793708,74.0484910442,68.4066155326
-0.3999,0.2633,0.8302,0.2853,-0.1304,0.3787,0.7351,0.5468,2.2576027576,74.2153658096,68.0654284102
-0.3999,0.2646,0.8297,0.2854,-0.1336,0.384,0.7307,0.5482,3.1017321034,73.5184526276,68.8480069462
-0.3999,0.2646,0.8297,0.2854,-0.1336,0.384,0.7307,0.5482,2.8182100736,73.5754066272,69.0170136512
-0.3997,0.267,0.8275,0.29,-0.1306,0.3916,0.7246,0.5516,3.8332650208,72.3664753856,70.3358559456
-0.3991,0.2711,0.8237,0.2975,-0.127,0.3959,0.7234,0.551,4.7240101452,73.044701996,71.4965362348
-0.4003,0.2738,0.8187,0.3073,-0.1198,0.3935,0.7235,0.5542,3.998427603,74.054304099,70.5899272058
-0.4003,0.2738,0.8187,0.3073,-0.1198,0.3935,0.7235,0.5542,5.4359148042,73.5724289032,71.827984171
-0.3981,0.2766,0.8171,0.3117,-0.1174,0.3942,0.7262,0.5507,5.248481251,72.5080564976,72.4427848702
-0.3931,0.2797,0.8135,0.3243,-0.1104,0.3978,0.7324,0.5413,4.9776488396,73.8636841648,71.1940472344
-0.3931,0.2797,0.8135,0.3243,-0.1104,0.3978,0.7324,0.5413,5.0108415876,72.9761193936,72.2783554504
-0.3881,0.2786,0.8131,0.3323,-0.1022,0.3997,0.7356,0.5371,5.5741651888,72.8112499856,71.6751189968
-0.383,0.2798,0.8101,0.3442,-0.0803,0.4221,0.7069,0.5617,6.210845968,73.609273475,70.6978835614
-0.383,0.2798,0.8101,0.3442,-0.0803,0.4221,0.7069,0.5617,6.6533045476,72.9896931492,71.2629036814
-0.38,0.2776,0.8086,0.3529,-0.04,0.4349,0.6177,0.6538,7.4404325194,73.3797768916,69.5308000768
-0.3762,0.2785,0.8062,0.3615,-0.0344,0.4429,0.59,0.6741,7.797748678,73.9858527674,68.6336410068
-0.3744,0.2777,0.8048,0.3672,-0.0418,0.4453,0.596,0.6668,8.071082565,73.251843721,68.454165212
-0.3703,0.2758,0.8052,0.3718,-0.0496,0.4469,0.6154,0.6473,7.87036837,73.7323898964,66.5478545672
-0.3676,0.2733,0.8043,0.3782,-0.0529,0.4386,0.6419,0.6267,8.625509122,74.228467227,65.775389197
-0.3676,0.2733,0.8043,0.3782,-0.0529,0.4386,0.6419,0.6267,8.2137250404,74.1959266138,64.529252357
-0.3666,0.2692,0.8065,0.3774,-0.0709,0.4246,0.6507,0.6253,8.566336174,74.2514402908,63.0443660812
-0.3658,0.2677,0.806,0.3804,-0.0697,0.4216,0.6536,0.6245,8.7050989132,74.27496486,62.9921425628
-0.3658,0.2677,0.806,0.3804,-0.0697,0.4216,0.6536,0.6245,8.615315325,73.9079463844,61.7868559502
-0.3648,0.2659,0.8059,0.3828,-0.0709,0.4141,0.6613,0.6213,8.2437211178,74.0978369452,60.2983341706
-0.3654,0.2629,0.8084,0.379,-0.074,0.4067,0.6688,0.6177,8.61339248,73.9591128368,60.4903004496
-0.3654,0.2629,0.8084,0.379,-0.074,0.4067,0.6688,0.6177,8.22196896,74.0602078624,59.7754843168
-0.3652,0.2619,0.8085,0.3796,-0.0724,0.4053,0.6688,0.6188,8.6329764936,73.9412720612,60.8921855312
-0.3666,0.2628,0.8064,0.3822,-0.0621,0.4118,0.656,0.6293,8.355381706,73.891497419,61.2517277854
-0.3707,0.2649,0.8055,0.3787,-0.0509,0.4248,0.6329,0.6452,8.5457646182,74.4001234668,63.2314014344
-0.3738,0.2677,0.8043,0.3763,-0.05,0.4285,0.6229,0.6525,8.4325042026,74.466471636,65.3097989636
-0.377,0.2685,0.8038,0.3734,-0.0484,0.4276,0.599,0.6751,7.507751562,73.7678140248,66.1150931314
-0.3823,0.2694,0.8036,0.3679,-0.0471,0.422,0.5885,0.6879,7.356710478,74.1992541304,67.5400267452
-0.3898,0.2699,0.8041,0.3582,-0.0946,0.384,0.6607,0.6379,5.423627736,74.2237761174,68.824567335
-0.3997,0.2673,0.8054,0.3462,-0.1141,0.3689,0.7451,0.5436,4.7557962552,73.1977000892,69.7435976792
-0.4017,0.2673,0.8047,0.3456,-0.1142,0.3727,0.7436,0.5431,3.4805655226,74.0685095928,69.2593950226
-0.4104,0.2622,0.8071,0.3336,-0.1205,0.371,0.7411,0.5463,1.77680638,74.17176141,69.69458823
-0.4104,0.2622,0.8071,0.3336,-0.1205,0.371,0.7411,0.5463,1.2355848544,73.1690692628,70.8634730336
-0.4158,0.2632,0.8058,0.3291,-0.1252,0.3771,0.7248,0.5627,1.630134463,73.9325731928,69.9534773926
-0.4183,0.2622,0.8073,0.3229,-0.1333,0.3762,0.7241,0.5623,1.0055485768,73.7142908452,70.2113361004
-0.4183,0.2622,0.8073,0.3229,-0.1333,0.3762,0.7241,0.5623,0.452774248,73.270051851,70.672352967
-0.4171,0.2584,0.8123,0.3151,-0.1317,0.3751,0.726,0.561,-0.878739512,73.462660132,69.634597668
-0.4174,0.2551,0.8142,0.3125,-0.1311,0.375,0.723,0.5651,-1.5266545452,72.851276983,69.2825319574
-0.4174,0.2551,0.8142,0.3125,-0.1311,0.375,0.723,0.5651,-0.6302858298,72.143368305,70.007564575
-0.416,0.2547,0.816,0.3099,-0.1311,0.3738,0.7229,0.5661,-1.4043535204,72.51816889,69.37381935
-0.4176,0.2521,0.8175,0.3061,-0.1316,0.372,0.7243,0.5653,-0.9649181174,72.1879094148,69.2780944618
-0.4159,0.2532,0.8177,0.3067,-0.1325,0.3741,0.7202,0.569,-0.7602167824,71.8860867928,69.57509985
-0.4159,0.2532,0.8177,0.3067,-0.1325,0.3741,0.7202,0.569,-0.6931786768,71.5799377008,69.7171512268
-0.4164,0.253,0.8175,0.3067,-0.1353,0.3779,0.7147,0.5725,-0.00291597240001,70.7644089068,70.0976647172
-0.4129,0.2589,0.8161,0.3106,-0.1336,0.3863,0.7085,0.5751,0.0696200694,70.8714050212,70.3306425934
-0.4107,0.263,0.8153,0.3118,-0.1327,0.3894,0.7074,0.5746,1.0161775984,69.5281310522,71.6777248754
-0.4107,0.263,0.8153,0.3118,-0.1327,0.3894,0.7074,0.5746,2.5860364552,69.2373232566,73.305990545
-0.4075,0.2722,0.8112,0.3188,-0.128,0.3967,0.7052,0.5734,2.0584914094,70.0476697814,72.5930357664
-0.4055,0.2811,0.8073,0.3235,-0.1209,0.4038,0.7013,0.5748,3.9095174058,69.855958439,74.1793586424
-0.3981,0.2941,0.8021,0.3338,-0.1157,0.4102,0.7021,0.5703,4.6858217916,70.2626908448,74.1013409578
-0.3981,0.2941,0.8021,0.3338,-0.1157,0.4102,0.7021,0.5703,4.223457792,71.1427145776,73.0654585912
-0.3939,0.3001,0.7987,0.3417,-0.1124,0.4141,0.7086,0.5601,5.694129555,68.771483008,75.106694021
-0.3927,0.3003,0.7988,0.3425,-0.1069,0.414,0.7108,0.5583,5.973607816,70.92198496,73.512754292
-0.3927,0.3003,0.7988,0.3425,-0.1069,0.414,0.7108,0.5583,5.9847773324,71.3279112344,72.5765660028
-0.3906,0.302,0.7968,0.3483,-0.0971,0.4226,0.7034,0.563,6.2502646738,71.006720518,72.4758124302
-0.3859,0.3015,0.7966,0.3541,-0.0772,0.4381,0.6709,0.5932,6.5673138046,71.1993592532,72.2447731642
-0.3841,0.3003,0.7957,0.359,-0.0419,0.4457,0.5985,0.6643,7.030338065,71.8241574972,71.3443573498
-0.3841,0.3003,0.7957,0.359,-0.0419,0.4457,0.5985,0.6643,7.4510076472,71.92473762,70.675091534
-0.3811,0.2998,0.7942,0.3661,-0.0429,0.4526,0.5864,0.6703,7.5609831356,71.8842367908,69.7680782816
-0.3771,0.2956,0.796,0.3696,-0.0577,0.4497,0.6167,0.6434,7.7538667058,72.4396076402,68.9462307338
-0.376,0.2952,0.795,0.3733,-0.0636,0.4447,0.6279,0.6354,7.1604586126,72.6771022848,67.2530830164
-0.373,0.2933,0.7963,0.375,-0.0678,0.4357,0.6399,0.6292,7.435250152,72.722072284,65.529546042
-0.373,0.2933,0.7963,0.375,-0.0678,0.4357,0.6399,0.6292,7.850113043,72.8518567708,65.3748353076
-0.3704,0.2916,0.7966,0.3783,-0.0727,0.423,0.6536,0.6232,7.409202992,72.6309387862,64.2641270334
-0.3687,0.2913,0.7969,0.3794,-0.09,0.4113,0.6729,0.608,7.5142753506,72.6328004646,62.5390171614
-0.3687,0.2913,0.7969,0.3794,-0.09,0.4113,0.6729,0.608,7.767978298,72.679295133,62.294448446
-0.3685,0.2911,0.7966,0.3802,-0.0946,0.4082,0.6755,0.6066,7.4890102434,72.4608310972,61.816695292
-0.3697,0.2904,0.7967,0.3796,-0.0903,0.4072,0.6718,0.6119,7.5033923414,72.62366423,62.3688882274
-0.3697,0.2904,0.7967,0.3796,-0.0903,0.4072,0.6718,0.6119,7.5680936222,72.61865574,62.5888802118
-0.3728,0.292,0.7947,0.3795,-0.0731,0.419,0.647,0.6327,7.8713436462,72.4166890264,64.9343409358
-0.3778,0.2897,0.7958,0.374,-0.0552,0.4255,0.6141,0.6623,7.3004985486,73.1303731176,66.8794166826
-0.3845,0.2869,0.7973,0.366,-0.0628,0.4037,0.6053,0.6831,6.6209546348,72.2867104076,67.888947774
-0.3845,0.2869,0.7973,0.366,-0.0628,0.4037,0.6053,0.6831,5.9559664632,72.618914321,69.0192634996
-0.3894,0.2838,0.7987,0.3601,-0.1138,0.3639,0.7152,0.5856,4.0590497574,71.7531368296,71.123013989
-0.3962,0.2744,0.8016,0.3535,-0.0973,0.3731,0.7368,0.5552,3.6877249956,70.8896966578,71.4173909794
-0.3988,0.2719,0.8029,0.3497,-0.0956,0.377,0.7273,0.5653,2.0679721572,71.7102269834,71.6456677222
-0.4027,0.2676,0.8054,0.3426,-0.1005,0.3762,0.7194,0.5751,1.2590742324,70.3938454024,72.4527268708
-0.4027,0.2676,0.8054,0.3426,-0.1005,0.3762,0.7194,0.5751,1.2647758518,70.0118330526,72.8402952704
-0.4073,0.2629,0.8084,0.3337,-0.1091,0.3745,0.707,0.5897,0.32591197,70.6771315208,72.044995168
-0.4055,0.2666,0.8099,0.3291,-0.1198,0.3683,0.7116,0.5861,-0.44002916,70.515907472,71.345641392
-0.4055,0.2666,0.8099,0.3291,-0.1198,0.3683,0.7116,0.5861,-0.1044629544,70.1835761542,72.0991175532
-0.4049,0.2687,0.8119,0.3231,-0.1162,0.3704,0.7129,0.5838,-0.1732061316,70.3699153212,71.2639224964
-0.4039,0.27,0.812,0.3231,-0.115,0.3727,0.7105,0.5856,-0.1802922922,69.5008055706,71.0964046548
-0.4039,0.27,0.812,0.3231,-0.115,0.3727,0.7105,0.5856,-0.00082205559998,69.303603957,71.2371871244
-0.3983,0.2857,0.8066,0.3302,-0.1168,0.4027,0.6859,0.5947,2.8618205368,66.8795904736,73.7936088192
-0.3966,0.2909,0.8021,0.3385,-0.1088,0.4122,0.6823,0.5938,4.456794259,67.0174649392,75.1717151658
-0.3966,0.2909,0.8021,0.3385,-0.1088,0.4122,0.6823,0.5938,4.9275018142,66.2148581934,76.1482785588
-0.3918,0.2929,0.7987,0.35,-0.106,0.4151,0.6829,0.5915,4.6180219552,67.2764047614,74.9259994084
-0.3916,0.2911,0.7985,0.3522,-0.1119,0.4124,0.6991,0.5731,5.152484514,68.365420591,75.3356017744
-0.3884,0.2929,0.7962,0.3596,-0.1055,0.4166,0.6917,0.5803,5.492988248,67.442337666,74.906389195
-0.3884,0.2929,0.7962,0.3596,-0.1055,0.4166,0.6917,0.5803,5.7097175604,68.1430731952,74.1739250782
-0.3843,0.2892,0.7957,0.3678,-0.1068,0.4187,0.6829,0.5888,6.2516521382,68.9754979472,74.291714775
-0.3834,0.2871,0.7962,0.3693,-0.0853,0.436,0.6361,0.6307,6.97986851,69.7119705456,71.9981412292
-0.3792,0.2861,0.7941,0.3787,-0.0561,0.4493,0.5798,0.6773,7.287287053,69.9951664638,71.926079215
-0.3765,0.2828,0.7954,0.3814,-0.0398,0.4712,0.5845,0.6592,7.34007574,70.4770162324,71.129629122
-0.3765,0.2828,0.7954,0.3814,-0.0398,0.4712,0.5845,0.6592,7.672973014,71.3467345066,68.925802987
-0.3753,0.2833,0.794,0.385,-0.0469,0.4723,0.5902,0.6528,8.100875604,71.6074554292,68.7520555554
-0.3721,0.2803,0.7946,0.389,-0.0515,0.4586,0.6256,0.6289,7.805163036,71.4355550054,67.6011064658
-0.3721,0.2803,0.7946,0.389,-0.0515,0.4586,0.6256,0.6289,7.8827004562,71.9953625138,65.4218303118
-0.3708,0.2776,0.7946,0.3922,-0.057,0.4497,0.643,0.6171,8.2406398696,72.0989722884,65.1174933092
-0.3697,0.2754,0.7955,0.393,-0.0574,0.4417,0.6554,0.6098,8.130989986,72.220127834,63.71660308
-0.3709,0.2745,0.7949,0.3937,-0.0617,0.4381,0.6603,0.6067,8.1644769908,72.4687167184,61.8182106756
-0.3724,0.2722,0.7974,0.3889,-0.0765,0.4268,0.6632,0.61,8.3699203622,72.3823787344,61.6160949414
-0.3724,0.2722,0.7974,0.3889,-0.0765,0.4268,0.6632,0.61,8.2483843676,72.4834674812,60.7619275804
-0.3737,0.2728,0.795,0.392,-0.0753,0.4258,0.663,0.611,8.2520277134,72.6649394244,60.4972764562
-0.3781,0.2739,0.7938,0.3896,-0.0701,0.4338,0.6514,0.6184,8.2182250024,72.6671147708,60.9783377624
-0.3852,0.2758,0.7946,0.3794,-0.0656,0.4439,0.6335,0.6302,8.242526932,73.1053933308,62.3420512896
-0.3852,0.2758,0.7946,0.3794,-0.0656,0.4439,0.6335,0.6302,8.065348284,74.347059582,63.980603808
-0.3889,0.277,0.7944,0.3751,-0.0631,0.4465,0.624,0.638,6.8703206228,73.4570937982,65.5490180066
-0.3963,0.2835,0.7922,0.3671,-0.0763,0.4346,0.605,0.6626,7.4239908428,74.0316790742,66.4438348682
-0.3963,0.2835,0.7922,0.3671,-0.0763,0.4346,0.605,0.6626,6.1161922404,74.9303623666,67.3296975336
-0.4076,0.2795,0.7949,0.3518,-0.1236,0.399,0.6558,0.6287,4.929164372,73.8542666018,68.567790312
-0.4146,0.2776,0.7939,0.3472,-0.1516,0.3798,0.6906,0.5964,4.6314068712,74.7628815152,67.9919852378
-0.4191,0.2755,0.7937,0.3439,-0.1672,0.3577,0.7251,0.564,3.3696520066,74.7979370326,69.0454874032
-0.4191,0.2755,0.7937,0.3439,-0.1672,0.3577,0.7251,0.564,2.7294921612,74.1220894048,69.7508648856
-0.4277,0.2631,0.7991,0.33,-0.1563,0.3605,0.7529,0.5277,0.70095017,76.2528779968,68.5248303704
-0.4342,0.2603,0.7999,0.3218,-0.1641,0.3609,0.753,0.525,0.0915259748,75.9680106876,68.2346254184
-0.4393,0.2627,0.7996,0.3138,-0.1729,0.3638,0.7412,0.5368,-0.0939414836,75.4200917568,69.2907772166
-0.4393,0.2627,0.7996,0.3138,-0.1729,0.3638,0.7412,0.5368,0.6757868272,76.3652909968,68.2815665502
-0.4431,0.2666,0.7999,0.3041,-0.177,0.3757,0.7327,0.539,1.467482496,77.031446588,67.562254668
-0.4453,0.2675,0.8011,0.2969,-0.182,0.3788,0.7352,0.5317,0.3489237462,76.6396435326,68.2357076718
-0.4453,0.2675,0.8011,0.2969,-0.182,0.3788,0.7352,0.5317,1.0912725224,77.207671172,66.753156292
-0.442,0.2691,0.8051,0.2896,-0.1809,0.3806,0.7406,0.5233,0.49326334,77.008169982,66.475373434
-0.4389,0.2702,0.8085,0.2839,-0.1746,0.3846,0.7392,0.5244,0.978678411,76.565478632,67.51247898
-0.4378,0.2686,0.8115,0.2782,-0.1733,0.3858,0.7365,0.5277,0.4858379916,76.2055592012,66.573254578
-0.4378,0.2686,0.8115,0.2782,-0.1733,0.3858,0.7365,0.5277,0.9225149832,76.0678494576,66.537148062
-0.4356,0.2691,0.8131,0.2767,-0.173,0.386,0.7346,0.5303,1.3953909462,75.825245864,66.8210173274
-0.4348,0.2689,0.8139,0.2758,-0.1724,0.3862,0.7335,0.5319,1.1639600682,75.683805879,66.5363537754
-0.4349,0.2699,0.814,0.2744,-0.1732,0.3888,0.7308,0.5335,1.7784431292,75.3548757264,66.475421106
-0.4335,0.269,0.8153,0.2736,-0.1734,0.3908,0.7281,0.5357,1.8768936276,75.195908799,66.9878203836
-0.4335,0.269,0.8153,0.2736,-0.1734,0.3908,0.7281,0.5357,2.0684099172,75.1394146716,66.9438933402
-0.4299,0.2736,0.8152,0.2749,-0.1688,0.3982,0.7225,0.5392,3.0666597312,73.791347638,68.2819798412
-0.4273,0.2797,0.8122,0.2817,-0.1634,0.4053,0.7184,0.541,3.3827933478,74.4369213172,68.3745243802
-0.4273,0.2797,0.8122,0.2817,-0.1634,0.4053,0.7184,0.541,5.5052509692,71.8150065168,71.4497052408
-0.4223,0.294,0.8056,0.2935,-0.1502,0.4184,0.7103,0.5456,7.52929663,70.9330150486,73.2377774926
-0.4146,0.3093,0.7999,0.3038,-0.1332,0.4326,0.7008,0.5512,6.7221908554,72.2079964624,71.710307723
-0.4096,0.3199,0.7938,0.3156,-0.1235,0.4397,0.6987,0.5505,8.9314492972,69.6118702424,74.5175932968
-0.4096,0.3199,0.7938,0.3156,-0.1235,0.4397,0.6987,0.5505,9.6841215428,69.5448909644,74.545288992
-0.4046,0.3228,0.7911,0.3257,-0.1173,0.4429,0.7053,0.5408,9.7609751802,70.744486656,72.730636958
-0.403,0.324,0.7901,0.3289,-0.1159,0.4435,0.7093,0.5354,10.2317760588,70.021529196,73.9673561784
-0.4002,0.325,0.7882,0.3359,-0.1116,0.4477,0.7069,0.5359,11.0178819148,70.6534048044,72.7679759228
-0.4002,0.325,0.7882,0.3359,-0.1116,0.4477,0.7069,0.5359,11.3626566708,71.460171028,71.8525830356
-0.399,0.3228,0.787,0.3422,-0.0721,0.4794,0.6524,0.5824,11.9472261056,71.5336744176,71.3286830424
-0.3973,0.3195,0.7859,0.3495,-0.0291,0.4932,0.5739,0.653,12.4480040608,72.4188484656,69.7629440784
-0.3953,0.3138,0.7877,0.353,-0.0535,0.4981,0.5993,0.6243,12.522999814,73.2359143066,68.7482067488
-0.3953,0.3138,0.7877,0.353,-0.0535,0.4981,0.5993,0.6243,12.08333829,74.062447045,66.83310912
-0.3938,0.3123,0.7879,0.3555,-0.0643,0.5,0.6141,0.6071,12.3593523792,74.717065575,64.4167386716
-0.3936,0.3071,0.789,0.3579,-0.0788,0.4858,0.6419,0.5878,12.6202209492,74.9210169026,64.2065115898
-0.3936,0.3071,0.789,0.3579,-0.0788,0.4858,0.6419,0.5878,12.4476082896,75.055289312,61.9484014616
-0.3921,0.3016,0.7911,0.3595,-0.0904,0.472,0.6597,0.5776,12.419262952,75.0209273976,60.3491486452
-0.3922,0.2992,0.7915,0.3605,-0.0971,0.4691,0.6658,0.5718,12.6736593912,75.1413932928,60.2059026672
-0.392,0.2976,0.7919,0.3612,-0.096,0.4694,0.6652,0.5725,12.512003152,74.8027703992,59.8866878464
-0.3918,0.2975,0.7916,0.3621,-0.0949,0.4699,0.6651,0.5724,12.8022841904,74.9336575418,59.9208747634
-0.3924,0.2982,0.7905,0.3632,-0.0902,0.4725,0.6622,0.5743,12.783198282,74.9974947548,59.9085095302
-0.3937,0.2988,0.7898,0.3629,-0.0869,0.4744,0.6591,0.577,12.9197782822,75.0689731622,60.644262927
-0.3967,0.3011,0.7886,0.3603,-0.0758,0.4808,0.6421,0.5921,12.8512956976,75.6676681532,61.8618547752
-0.3967,0.3011,0.7886,0.3603,-0.0758,0.4808,0.6421,0.5921,12.409351664,75.3605368098,62.3299313534
-0.3981,0.3061,0.7877,0.3565,-0.0626,0.4876,0.6197,0.6117,12.698605952,75.2258442978,64.1326391014
-0.405,0.3062,0.7886,0.3465,-0.0626,0.4756,0.6002,0.6399,12.2082638888,75.8512580632,65.436072794
-0.4111,0.3082,0.7877,0.3396,-0.0784,0.4532,0.6217,0.6339,11.3911613664,74.9300241816,66.4399162168
-0.4111,0.3082,0.7877,0.3396,-0.0784,0.4532,0.6217,0.6339,11.2860551344,75.4125339048,66.7332238584
-0.4191,0.3034,0.7894,0.3302,-0.1348,0.4172,0.6943,0.5704,9.5714014004,76.3200320722,67.1895423084
-0.4255,0.2977,0.792,0.3208,-0.1532,0.4022,0.731,0.5294,9.0289648208,75.2066312704,68.5614942864
-0.4282,0.294,0.7939,0.3157,-0.1473,0.4035,0.7501,0.5027,6.9705880048,76.9742174432,66.7718269024
-0.4304,0.2887,0.7964,0.3114,-0.1506,0.4011,0.7505,0.5029,5.46996318,76.8756138864,67.1545491852
-0.4328,0.2815,0.8007,0.3035,-0.1541,0.3955,0.7498,0.5074,6.2451802376,76.066636908,68.4937826272
-0.4343,0.2794,0.8028,0.2977,-0.1533,0.3984,0.7388,0.5213,5.2569707928,76.8003737544,67.3062863388
-0.4362,0.2774,0.8047,0.2918,-0.1652,0.3981,0.7399,0.5163,5.217536964,76.4396690936,67.8917480584
-0.4362,0.2774,0.8047,0.2918,-0.1652,0.3981,0.7399,0.5163,5.1897633612,76.0978924388,68.2623581592
-0.4354,0.2731,0.809,0.2849,-0.1725,0.3931,0.7402,0.5173,3.9801684966,76.1439511214,67.5033268456
-0.4361,0.2702,0.8107,0.2819,-0.1714,0.3923,0.7399,0.5189,2.7204523594,75.4088957326,66.9092310748
-0.4361,0.2702,0.8107,0.2819,-0.1714,0.3923,0.7399,0.5189,3.6213128944,74.5120935684,67.7471243604
-0.4387,0.2647,0.8116,0.2805,-0.1779,0.3932,0.726,0.5354,2.6508561112,73.6556107554,66.5337463546
-0.4392,0.2615,0.8144,0.2745,-0.182,0.3898,0.7219,0.5418,3.101773772,73.571044342,66.1033894712
-0.4392,0.2615,0.8144,0.2745,-0.182,0.3898,0.7219,0.5418,3.3615449496,73.0381538408,66.7554773434
-0.4411,0.259,0.8145,0.2735,-0.1845,0.3889,0.7201,0.5441,3.2627356182,73.287164465,65.8439256802
-0.4405,0.259,0.8152,0.2723,-0.184,0.3888,0.7205,0.5438,3.2205645976,73.2157852512,66.2669595324
-0.441,0.2586,0.8155,0.271,-0.1851,0.3895,0.7204,0.543,3.241435254,73.16798026,66.668786824
-0.4416,0.26,0.8156,0.2683,-0.1907,0.394,0.7211,0.5369,4.0272668068,74.082578084,66.5523303936
-0.4416,0.26,0.8156,0.2683,-0.1907,0.394,0.7211,0.5369,5.3999317444,73.9406507816,67.8825663884
-0.4428,0.264,0.8115,0.2749,-0.1922,0.406,0.7165,0.5335,4.934774007,74.386495816,67.776486178
-0.4425,0.2677,0.8066,0.2861,-0.1903,0.4163,0.7092,0.536,7.0237691052,73.2317653874,70.537048725
-0.4378,0.2733,0.8046,0.2935,-0.1826,0.4225,0.7022,0.543,7.5648788926,73.198322332,71.7996896054
-0.4349,0.2766,0.8031,0.2988,-0.1731,0.4262,0.6985,0.548,7.1052214476,74.44375125,70.2241514868
-0.4329,0.2781,0.8007,0.3066,-0.1624,0.4291,0.6965,0.5515,8.1019779838,73.560151995,72.3735484704
-0.4268,0.2806,0.7998,0.3151,-0.1501,0.4376,0.6962,0.5488,8.4401633562,74.2341559622,71.563631885
-0.4268,0.2806,0.7998,0.3151,-0.1501,0.4376,0.6962,0.5488,8.5600680536,75.1621540176,70.2023899332
-0.4217,0.2813,0.7978,0.3261,-0.143,0.439,0.6976,0.5477,8.8409818334,74.5216021444,70.9619150518
-0.4146,0.2822,0.7975,0.3352,-0.1077,0.4684,0.6528,0.5854,8.9099137212,75.0836820364,69.465850066
-0.4146,0.2822,0.7975,0.3352,-0.1077,0.4684,0.6528,0.5854,9.4250944128,76.0416264856,68.33337528
-0.4108,0.2832,0.7954,0.3438,-0.0731,0.4769,0.5983,0.6397,9.4998973264,75.3377146868,68.033531138
-0.4066,0.2825,0.7954,0.3493,-0.0759,0.486,0.6048,0.6262,9.7048288298,75.8281877316,66.3965186628
-0.4053,0.2823,0.7957,0.3504,-0.0831,0.486,0.6135,0.6168,9.9000666152,76.3337735062,65.7212160316
-0.4053,0.2823,0.7957,0.3504,-0.0831,0.486,0.6135,0.6168,9.7506923788,76.1743236238,64.166655768
-0.4028,0.282,0.7944,0.3563,-0.0986,0.4754,0.6427,0.5925,9.9391857112,75.9128901936,62.8363558376
-0.4003,0.2799,0.7952,0.3589,-0.1169,0.463,0.645,0.5964,10.2263248312,76.171947161,62.5514830562
-0.3995,0.2792,0.7943,0.3624,-0.1042,0.4648,0.6578,0.5833,10.129481736,75.758035018,61.729112058
-0.3983,0.2791,0.794,0.3646,-0.1064,0.4626,0.6633,0.5783,10.4443518448,75.312004702,60.8588734528
-0.3976,0.2786,0.794,0.3657,-0.1062,0.4629,0.6628,0.5787,10.6133605536,75.5441993862,60.5001529848
-0.3972,0.2785,0.794,0.3662,-0.1057,0.462,0.6616,0.5809,10.5058932724,75.2068917608,60.0646400846
-0.3973,0.2783,0.7937,0.3668,-0.1034,0.4617,0.6602,0.5832,10.6705657232,74.961367929,59.8593977194
-0.3973,0.2783,0.7937,0.3668,-0.1034,0.4617,0.6602,0.5832,10.7417883904,75.0365077952,59.601181408
-0.3988,0.278,0.7927,0.3676,-0.0994,0.4636,0.658,0.5848,10.6727669852,75.2231862368,60.1847772852
-0.4016,0.2799,0.7911,0.3666,-0.0932,0.4727,0.6455,0.5924,10.7406239484,75.3477581,62.036664792
-0.4033,0.2828,0.7912,0.3621,-0.0793,0.478,0.6224,0.6145,10.279416866,75.3197343046,62.3321920982
-0.4033,0.2828,0.7912,0.3621,-0.0793,0.478,0.6224,0.6145,10.2394612372,75.4644345052,64.4190862316
-0.4101,0.2869,0.7918,0.3497,-0.073,0.4653,0.5974,0.6489,9.5327508448,76.112876299,65.7949259502
-0.4101,0.2869,0.7918,0.3497,-0.073,0.4653,0.5974,0.6489,9.1256243598,75.1647751792,66.9350581018
-0.4159,0.2873,0.7926,0.3406,-0.1115,0.4375,0.6419,0.6196,9.410009331,75.0968373996,68.006785681
-0.4159,0.2873,0.7926,0.3406,-0.1115,0.4375,0.6419,0.6196,8.41485468,76.691659798,67.591462146
-0.4236,0.2824,0.7958,0.3276,-0.1387,0.4118,0.6906,0.578,7.98174395,75.5834509058,68.5863742344
-0.424,0.2855,0.7958,0.3242,-0.133,0.4198,0.7122,0.5465,8.01061742,75.6248799642,68.1463204956
-0.4249,0.2858,0.7966,0.3208,-0.1292,0.4259,0.7251,0.5253,8.100384037,74.308577794,69.655045789
-0.4249,0.2858,0.7966,0.3208,-0.1292,0.4259,0.7251,0.5253,8.0396621822,74.4343081624,69.9141915472
-0.4273,0.2858,0.7973,0.3162,-0.1346,0.4248,0.7315,0.5161,7.8099356168,74.803539742,69.6315383804
-0.4297,0.2865,0.7976,0.3112,-0.1396,0.4254,0.7247,0.5236,7.5070181928,74.6614560868,69.7106952946
-0.4322,0.2818,0.8004,0.305,-0.1469,0.4245,0.7163,0.5338,7.4566187044,74.2456862396,70.105486366
-0.4318,0.2726,0.8063,0.2982,-0.1545,0.4199,0.7186,0.5322,5.9724239452,75.1282228928,69.3731277412
-0.4318,0.2726,0.8063,0.2982,-0.1545,0.4199,0.7186,0.5322,4.652590188,75.2823006884,68.6803725308
-0.4324,0.2664,0.8101,0.2927,-0.1575,0.4169,0.721,0.5304,6.046094375,74.425676215,69.451925682
-0.4303,0.262,0.8143,0.2881,-0.1559,0.4137,0.7207,0.5338,4.2774545728,74.1903086044,68.352518034
-0.4303,0.262,0.8143,0.2881,-0.1559,0.4137,0.7207,0.5338,4.1924369108,73.0950312322,67.922509173
-0.4313,0.2611,0.8146,0.2863,-0.1553,0.4129,0.7179,0.5383,5.135849062,72.4597666916,68.9275881504
-0.4287,0.2609,0.8161,0.2864,-0.1538,0.4113,0.7125,0.5471,4.2752489326,71.5349124454,67.930657864
-0.4287,0.2609,0.8161,0.2864,-0.1538,0.4113,0.7125,0.5471,4.0850117954,71.5504259268,67.79010872
-0.4285,0.2576,0.8181,0.2838,-0.1533,0.4085,0.7118,0.5502,4.6182437618,71.3216420676,67.9997553622
-0.4271,0.2584,0.8184,0.2842,-0.1528,0.4088,0.7108,0.5516,4.4357579336,71.3164587258,67.8382888918
-0.4271,0.2584,0.8184,0.2842,-0.1528,0.4088,0.7108,0.5516,5.1803891724,71.3425363568,68.567770486
-0.4275,0.26,0.8184,0.2822,-0.1538,0.4141,0.7085,0.5502,4.9557585826,71.391494926,68.3132065302
-0.4274,0.2678,0.8148,0.2855,-0.1543,0.4256,0.7039,0.5472,6.7507557594,70.96724027,69.4710442686
-0.4271,0.2721,0.8128,0.2877,-0.155,0.4326,0.7031,0.5424,8.999876297,71.639609544,71.174805636
-0.431,0.2813,0.8053,0.2939,-0.1478,0.4428,0.6961,0.5453,7.433680409,72.5385767256,70.1681830734
-0.4266,0.2907,0.802,0.3004,-0.133,0.4508,0.6899,0.5505,10.5507442908,73.3042678072,71.215870596
-0.4266,0.2907,0.802,0.3004,-0.133,0.4508,0.6899,0.5505,10.4902319062,73.0917667698,71.5784435794
-0.4207,0.2957,0.7993,0.3105,-0.1286,0.4494,0.7057,0.5323,9.842561805,74.083840396,70.3748797
-0.4183,0.2951,0.7996,0.3136,-0.1265,0.4491,0.7093,0.5283,10.2088031928,73.644430937,71.6309782364
-0.4183,0.2951,0.7996,0.3136,-0.1265,0.4491,0.7093,0.5283,10.17545563,74.229786888,70.549111526
-0.4147,0.2956,0.7977,0.3225,-0.1127,0.4555,0.7031,0.5341,10.987072494,74.9065128054,69.5797003518
-0.4095,0.2938,0.7975,0.3314,-0.0646,0.4811,0.6486,0.5861,11.2029285672,74.3371559656,70.2450102184
-0.4095,0.2938,0.7975,0.3314,-0.0646,0.4811,0.6486,0.5861,12.1601465382,75.5562731564,68.2186623294
-0.4078,0.2933,0.7955,0.3385,-0.0266,0.508,0.5921,0.6249,12.3528069068,76.2356462094,66.9331144596
-0.4044,0.2906,0.7954,0.3452,-0.0437,0.5111,0.6121,0.6017,12.5790895254,75.872841921,66.6109844268
-0.4026,0.2893,0.7962,0.3467,-0.046,0.5094,0.6281,0.5862,12.1493689824,76.7805688552,63.9157781656
-0.4035,0.2861,0.796,0.3485,-0.0724,0.4911,0.6563,0.5681,12.7068594192,77.064939496,63.0697766896
-0.4024,0.2828,0.7959,0.3527,-0.0798,0.4776,0.6775,0.5535,12.6692480764,77.355396588,61.0693537592
-0.4024,0.2828,0.7959,0.3527,-0.0798,0.4776,0.6775,0.5535,12.5045260988,77.2406662496,59.0099815868
-0.4016,0.2778,0.7966,0.3559,-0.0757,0.4698,0.6834,0.5535,12.77747095,77.4213456832,58.3778195188
-0.4017,0.2766,0.7962,0.3579,-0.0809,0.4683,0.6867,0.5499,12.5156835112,77.1891865848,57.0861394208
-0.4017,0.2766,0.7962,0.3579,-0.0809,0.4683,0.6867,0.5499,12.3825438664,77.0387592128,56.0848285056
-0.4016,0.2735,0.7964,0.3599,-0.0878,0.4608,0.6917,0.5489,12.605899444,77.218920216,55.6663113716
-0.4016,0.2727,0.7965,0.3603,-0.088,0.4579,0.6937,0.5489,12.2671816094,77.218367337,55.4790492076
-0.4016,0.2727,0.7965,0.3603,-0.088,0.4579,0.6937,0.5489,12.4706543342,77.366271793,55.7701794116
-0.4034,0.2731,0.7969,0.3568,-0.0864,0.4611,0.689,0.5524,12.333060027,77.1875551132,55.7804418376
-0.4056,0.2775,0.7963,0.3526,-0.0837,0.4728,0.6774,0.5571,12.608250127,77.8633738642,56.8503056806
-0.4053,0.2803,0.7958,0.3516,-0.0776,0.4783,0.6674,0.5653,12.8523074852,77.6453500994,59.414033927
-0.409,0.2846,0.7947,0.3463,-0.0705,0.4814,0.6572,0.5755,12.1943896282,77.534683011,59.6924820876
-0.409,0.2846,0.7947,0.3463,-0.0705,0.4814,0.6572,0.5755,12.4566976988,78.029331518,60.8741394424
-0.4121,0.2852,0.7963,0.3383,-0.0703,0.4793,0.6347,0.602,11.4779031904,78.57207743,61.9836766968
-0.4178,0.2826,0.7968,0.3325,-0.0781,0.4684,0.6336,0.6107,10.825357288,77.822869738,63.31410301
-0.4178,0.2826,0.7968,0.3325,-0.0781,0.4684,0.6336,0.6107,10.4518667136,78.7707317952,62.58379024
-0.422,0.2801,0.7987,0.3248,-0.104,0.4455,0.6528,0.6036,9.1274321224,78.6492092272,63.5791560984
-0.4233,0.2788,0.7997,0.3215,-0.1256,0.4306,0.6771,0.5833,9.2623729394,78.168829348,65.144156032
-0.4263,0.2755,0.8022,0.3143,-0.1609,0.4024,0.7346,0.5219,8.1187329076,78.3449915408,64.9746782208
-0.4263,0.2755,0.8022,0.3143,-0.1609,0.4024,0.7346,0.5219,7.4289599608,78.2849854888,66.3050996548
-0.43,0.2736,0.804,0.3059,-0.1502,0.4058,0.7537,0.4944,7.6097831896,77.8239508104,67.2413711888
-0.4306,0.2736,0.806,0.2998,-0.1474,0.4132,0.7536,0.4893,6.2977725326,77.969266691,67.1430174572
-0.4338,0.2709,0.8076,0.2932,-0.153,0.4212,0.7334,0.5109,6.1916858184,77.875876397,67.6059108334
-0.435,0.2714,0.8078,0.2907,-0.1588,0.4244,0.7312,0.5097,6.5407410048,77.2471756944,67.94148936
-0.435,0.2714,0.8078,0.2907,-0.1588,0.4244,0.7312,0.5097,6.8019109824,77.6809678416,67.5705258528
-0.4349,0.2699,0.8099,0.2863,-0.1691,0.4234,0.7299,0.5092,5.990750009,77.0151443858,67.3002846432
-0.433,0.2653,0.8146,0.2799,-0.1657,0.4221,0.7286,0.5131,6.3403154958,76.3525974678,68.094704388
-0.433,0.2653,0.8146,0.2799,-0.1657,0.4221,0.7286,0.5131,4.8927654072,75.8228042082,67.385009028
-0.4306,0.2636,0.8174,0.277,-0.1623,0.4185,0.7283,0.5175,4.6009323744,75.1687449524,67.0237817312
-0.4313,0.2628,0.8175,0.2765,-0.1605,0.4176,0.7271,0.5205,5.4438840232,74.768150274,67.7469548684
-0.4282,0.2638,0.818,0.2789,-0.1571,0.4162,0.7219,0.5299,4.4960686408,73.386269902,67.6247831116
-0.4282,0.2638,0.818,0.2789,-0.1571,0.4162,0.7219,0.5299,4.653862911,73.622550711,67.561065178
-0.4298,0.2621,0.8178,0.2785,-0.1574,0.4157,0.7199,0.5328,4.9634094258,73.4113959218,67.7220707252
-0.4285,0.2633,0.8181,0.2785,-0.1563,0.4163,0.7188,0.5343,4.8339372734,73.0246675262,67.88011427
-0.4291,0.2663,0.8167,0.2788,-0.1578,0.4229,0.7144,0.5344,5.4847559352,73.1790708504,68.1568260792
-0.4291,0.2663,0.8167,0.2788,-0.1578,0.4229,0.7144,0.5344,5.1804076784,73.0670030712,68.2404003808
-0.4279,0.2695,0.8154,0.2814,-0.1557,0.4291,0.7112,0.5344,6.783076608,72.3112445248,69.6924564312
-0.4258,0.278,0.8112,0.2886,-0.1519,0.4352,0.7136,0.5273,8.6945665078,73.7699656496,71.0960899838
-0.4269,0.2854,0.8043,0.2989,-0.1404,0.4487,0.6965,0.5419,7.321304729,74.9771632924,69.5851270142
-0.4269,0.2854,0.8043,0.2989,-0.1404,0.4487,0.6965,0.5419,9.8996379194,72.798178254,71.3967225854
-0.421,0.2949,0.7954,0.3209,-0.1328,0.4561,0.701,0.5317,10.9560671364,72.6817330138,72.237219043
-0.4193,0.2933,0.7954,0.3244,-0.1123,0.4635,0.6909,0.5433,9.8705659418,74.7665895878,69.6251756452
-0.4193,0.2933,0.7954,0.3244,-0.1123,0.4635,0.6909,0.5433,10.6668393316,75.4030124968,68.84165235
-0.4144,0.296,0.7922,0.3359,-0.0709,0.492,0.6317,0.5947,10.7295044218,75.1853808346,68.1086551164
-0.4113,0.294,0.7929,0.3399,-0.0548,0.4967,0.603,0.6217,11.272826562,76.066241946,67.1473935904
-0.4086,0.2925,0.7919,0.3469,-0.0614,0.5064,0.6132,0.603,11.0880452668,76.4882611916,65.7253711976
-0.4086,0.2925,0.7919,0.3469,-0.0614,0.5064,0.6132,0.603,11.9013550182,75.952823897,64.3136045136
-0.4057,0.2919,0.7907,0.3533,-0.0678,0.5087,0.6343,0.578,11.716162432,76.551593928,63.331757736
-0.4039,0.2891,0.7915,0.3558,-0.0863,0.4871,0.6497,0.577,11.1481149824,76.5422087632,62.17879444
-0.4011,0.2877,0.7909,0.3615,-0.087,0.4816,0.6536,0.5771,11.229372979,75.7891098708,60.9598219066
-0.4006,0.2866,0.7918,0.3609,-0.0883,0.4766,0.6597,0.5742,11.557364721,76.025241397,60.429594182
-0.4006,0.2866,0.7918,0.3609,-0.0883,0.4766,0.6597,0.5742,11.173660522,76.032816304,59.819917106
-0.4022,0.287,0.7906,0.3613,-0.0889,0.4739,0.6616,0.5742,11.53158936,75.837492942,58.923643026
-0.4022,0.287,0.7906,0.3613,-0.0889,0.4739,0.6616,0.5742,11.4690029372,75.7067732242,59.0421438624
-0.4025,0.2871,0.791,0.3602,-0.0883,0.4729,0.6625,0.574,11.4606475966,75.8807954142,58.8455572368
-0.4029,0.2882,0.7908,0.3593,-0.0866,0.4737,0.6618,0.5745,11.4580242122,76.0937043204,58.894835907
-0.4041,0.2906,0.7896,0.3586,-0.0825,0.4792,0.6548,0.5785,11.2776618506,75.9078438576,59.5451597866
-0.404,0.2923,0.7897,0.3572,-0.077,0.4844,0.6458,0.585,11.4013702362,76.0222199162,61.1659546682
-0.4042,0.295,0.7906,0.3527,-0.0698,0.4881,0.6369,0.5925,11.36172607,76.8917825656,62.6407502136
-0.4086,0.302,0.7893,0.3444,-0.0592,0.4944,0.6225,0.6036,10.9109271048,76.3456881312,63.6940210656
-0.4123,0.3073,0.7885,0.3372,-0.0565,0.4803,0.6026,0.6348,11.3497394248,76.268288238,65.030259902
-0.4169,0.3062,0.7921,0.3236,-0.1259,0.428,0.6866,0.5739,9.8292808318,76.835375591,66.470907736
-0.4169,0.3062,0.7921,0.3236,-0.1259,0.428,0.6866,0.5739,9.191537837,75.9787433378,67.1569431902
-0.42,0.3038,0.796,0.3123,-0.1351,0.4223,0.7424,0.5021,7.7918777446,77.4053285906,66.6034526878
-0.422,0.3025,0.7981,0.3053,-0.1362,0.4229,0.7454,0.4968,6.9563547344,78.3286291024,66.461149264
-0.422,0.3025,0.7981,0.3053,-0.1362,0.4229,0.7454,0.4968,7.151449249,77.150212132,67.6576490758
-0.4182,0.3031,0.804,0.2944,-0.1267,0.4229,0.7404,0.5067,5.8382525882,77.356427296,66.6997614614
-0.4175,0.3002,0.8087,0.2855,-0.1268,0.4284,0.7385,0.5048,5.1466504462,77.185483217,66.8416391332
-0.4175,0.3002,0.8087,0.2855,-0.1268,0.4284,0.7385,0.5048,5.8723620014,76.5730419752,67.775051185
-0.4174,0.301,0.8103,0.2803,-0.1367,0.4271,0.7379,0.5043,5.2978067958,76.3134876054,66.822631174
-0.4169,0.3016,0.8128,0.273,-0.1397,0.4268,0.7331,0.5106,5.2150137864,75.410001714,66.902437836
-0.4162,0.3023,0.8136,0.2706,-0.1386,0.4273,0.731,0.5136,5.2227995136,74.9104785832,67.167862806
-0.416,0.3019,0.8145,0.2686,-0.1373,0.4274,0.729,0.5167,4.5000319852,74.8390307534,66.123506441
-0.4159,0.3013,0.8157,0.2659,-0.1358,0.4274,0.7283,0.5179,4.388265822,74.7451717808,65.8756056744
-0.4157,0.2994,0.8169,0.2645,-0.1341,0.4257,0.7288,0.5191,4.7130575606,74.3317776218,66.3172791004
-0.4163,0.2983,0.8173,0.2636,-0.1365,0.4251,0.7274,0.5209,4.568931097,74.4095567158,66.0102322168
-0.4163,0.2983,0.8173,0.2636,-0.1365,0.4251,0.7274,0.5209,5.161970712,74.2721182682,66.3285175606
-0.4149,0.3023,0.8158,0.2661,-0.1411,0.4296,0.7231,0.522,5.0819153246,74.3676032146,66.4843247128
-0.413,0.3064,0.8123,0.275,-0.1394,0.4395,0.7168,0.5229,6.2525206142,73.128954789,67.7568066548
-0.4138,0.3099,0.809,0.2794,-0.1376,0.4464,0.7139,0.5216,8.7229692956,72.7385860536,70.3536874708
-0.4138,0.3099,0.809,0.2794,-0.1376,0.4464,0.7139,0.5216,7.9642570666,74.1454273462,68.991367138
-0.4124,0.3244,0.799,0.2936,-0.1265,0.4622,0.7019,0.5267,10.8997056098,71.6860873266,71.952852186
-0.4091,0.33,0.7935,0.3063,-0.1127,0.4692,0.6955,0.5322,11.0054712588,72.2977454084,72.728801882
-0.4091,0.33,0.7935,0.3063,-0.1127,0.4692,0.6955,0.5322,10.5253189388,73.636738848,70.4028607864
-0.4064,0.3326,0.7909,0.3138,-0.1014,0.4758,0.6959,0.5281,10.6689880164,71.935339912,72.0384031272
-0.4025,0.3311,0.7883,0.3269,-0.0975,0.4798,0.6947,0.5267,11.1932712868,72.151695178,72.0883626744
-0.4021,0.3289,0.7884,0.3292,-0.0964,0.4786,0.6955,0.5269,11.7600877082,73.4694823906,70.044621732
-0.4021,0.3289,0.7884,0.3292,-0.0964,0.4786,0.6955,0.5269,12.2911141998,73.979445567,69.0292168776
-0.4039,0.3269,0.7849,0.3374,-0.065,0.4958,0.6454,0.5773,13.0405867338,73.8776245458,68.257569241
-0.399,0.3225,0.786,0.3447,-0.025,0.5098,0.5819,0.6331,12.963925968,74.9921377404,67.1750958436
-0.3995,0.3187,0.7866,0.3463,-0.0617,0.5095,0.616,0.5975,12.3400453224,75.684504761,65.3162012982
-0.3987,0.3174,0.7852,0.3516,-0.0701,0.5134,0.6248,0.584,13.068293438,75.6852770872,63.3941101616
-0.3987,0.3174,0.7852,0.3516,-0.0701,0.5134,0.6248,0.584,13.117888882,75.9816108588,63.4239894704
-0.3952,0.3144,0.7868,0.3546,-0.0733,0.5059,0.6378,0.576,12.538478238,75.7169647492,62.5915058936
-0.3955,0.314,0.7866,0.3552,-0.0725,0.5039,0.6413,0.574,12.9584962386,75.7630886518,61.102664238
-0.3955,0.314,0.7866,0.3552,-0.0725,0.5039,0.6413,0.574,12.9523333688,75.8123867952,60.613456528
-0.3936,0.311,0.787,0.3588,-0.0832,0.4976,0.6527,0.565,12.7167496632,75.5958725488,59.5513791808
-0.395,0.308,0.7886,0.3566,-0.0932,0.4941,0.6575,0.561,12.6328313984,75.6519502424,58.2371267464
-0.3956,0.3081,0.7877,0.3576,-0.0936,0.4948,0.6566,0.5614,12.7986753814,75.4524682252,58.2537554334
-0.3956,0.3081,0.7877,0.3576,-0.0936,0.4948,0.6566,0.5614,12.7967165784,75.4303234568,58.1837148584
-0.397,0.3087,0.7869,0.3571,-0.0875,0.4944,0.6534,0.5664,12.947913112,75.6661391864,58.5466113368
-0.3992,0.3123,0.7853,0.3554,-0.0706,0.5025,0.6289,0.5889,12.5900979592,75.5677461116,59.599907673
-0.4003,0.3123,0.7859,0.3527,-0.0646,0.4998,0.6254,0.5955,12.9150565068,75.649377057,61.483575249
-0.4003,0.3123,0.7859,0.3527,-0.0646,0.4998,0.6254,0.5955,12.365909169,77.4531269986,62.5286611596
-0.4107,0.3084,0.7885,0.3382,-0.0585,0.4886,0.6058,0.6251,11.5654925622,76.5395577228,64.118940414
-0.4248,0.3007,0.7894,0.3252,-0.1165,0.4398,0.6671,0.5898,11.3303557056,77.9280089648,64.2274980392
-0.4248,0.3007,0.7894,0.3252,-0.1165,0.4398,0.6671,0.5898,7.4820116984,78.9084026408,65.6199475376
-0.4388,0.2824,0.7968,0.3045,-0.1536,0.4173,0.7488,0.4913,7.0701595248,77.13193795,67.3532888436
-0.4384,0.2735,0.8008,0.3026,-0.1437,0.418,0.7218,0.5324,2.8943939648,78.449098635,65.9558853486
-0.4393,0.2624,0.8069,0.2947,-0.1393,0.4136,0.725,0.5327,1.450652496,77.59139253,66.708526236
-0.4393,0.2624,0.8069,0.2947,-0.1393,0.4136,0.725,0.5327,3.0586136432,76.8733805232,67.7581417276
-0.4409,0.2592,0.809,0.2893,-0.1526,0.4057,0.7313,0.5266,2.3500702362,77.294320077,66.4355502818
-0.442,0.2593,0.8111,0.2817,-0.1625,0.4038,0.7322,0.5236,2.8061498932,76.959120054,66.4238382638
-0.4414,0.2587,0.8127,0.2785,-0.1636,0.4041,0.7322,0.523,2.519320271,76.506943961,67.0253409576
-0.4386,0.26,0.8153,0.2742,-0.1613,0.405,0.7293,0.5271,1.9998172084,76.5079900874,65.5813496978
-0.4386,0.26,0.8153,0.2742,-0.1613,0.405,0.7293,0.5271,1.808706904,76.2832785664,65.48627551
-0.4325,0.2631,0.8206,0.2648,-0.158,0.4037,0.7322,0.5252,2.5575819122,75.7119319608,66.0712930654
-0.4271,0.2709,0.8222,0.2606,-0.1549,0.4064,0.7315,0.525,2.6686247708,76.1116752656,64.919784056
-0.4271,0.2709,0.8222,0.2606,-0.1549,0.4064,0.7315,0.525,3.9011048076,76.309234784,65.0229217658
-0.4234,0.2747,0.8245,0.2553,-0.1528,0.4071,0.7346,0.5208,3.888966343,76.1208027694,65.1369361368
-0.4216,0.2773,0.825,0.2542,-0.1495,0.4104,0.7336,0.5205,4.123698932,75.9145945024,64.7885446008
-0.4216,0.2773,0.825,0.2542,-0.1495,0.4104,0.7336,0.5205,4.1860440462,75.4476568926,65.6201614758
-0.4179,0.2781,0.8266,0.2542,-0.1443,0.4135,0.7319,0.5218,4.6621769952,75.7000684616,65.669344828
-0.4154,0.2846,0.8246,0.2576,-0.1425,0.4234,0.7269,0.5214,6.1555097328,75.0029088242,66.883311889
-0.4147,0.296,0.8196,0.2617,-0.1423,0.4383,0.7236,0.5137,9.483175008,75.9241546832,68.3163569296
-0.419,0.3067,0.8086,0.2764,-0.1361,0.4544,0.7086,0.5222,8.1052588638,76.8212678258,67.4028707812
-0.419,0.3067,0.8086,0.2764,-0.1361,0.4544,0.7086,0.5222,11.7634264704,75.9329406416,69.214364404
-0.4187,0.3091,0.8062,0.281,-0.1296,0.4598,0.7019,0.5281,11.487895128,75.538069444,69.9289254292
-0.4155,0.3093,0.8032,0.294,-0.1119,0.4656,0.6969,0.5338,11.0415067276,76.9380085196,68.2676350208
-0.4093,0.3082,0.8038,0.302,-0.0999,0.4696,0.6967,0.5328,10.9120882196,76.2051539956,69.0999060288
-0.4093,0.3082,0.8038,0.302,-0.0999,0.4696,0.6967,0.5328,11.7548908602,76.7317103542,68.2520778404
-0.4075,0.3067,0.8012,0.3129,-0.0768,0.484,0.6765,0.5496,12.4444321848,77.7341623736,67.1918130524
-0.4048,0.3051,0.8013,0.3173,-0.0443,0.5006,0.6301,0.5919,12.4489680498,77.9061181958,66.3254941832
-0.4048,0.3051,0.8013,0.3173,-0.0443,0.5006,0.6301,0.5919,13.056637214,78.7096225012,63.6810258156
-0.3993,0.302,0.8009,0.3285,-0.0357,0.5158,0.6353,0.5735,13.1405616568,79.1332045832,63.2155501816
-0.3993,0.302,0.8009,0.3285,-0.0357,0.5158,0.6353,0.5735,13.1096577496,78.6420384764,61.8859362464
-0.3958,0.2985,0.8025,0.3317,-0.0599,0.4955,0.6569,0.5649,13.0007907184,78.6775131084,60.0572881696
-0.3956,0.296,0.8032,0.3324,-0.0646,0.4896,0.6624,0.5632,13.345427577,78.8728476588,59.8554364182
-0.3947,0.2952,0.8034,0.3339,-0.0716,0.4867,0.6677,0.5585,13.1612775822,78.8766419592,58.9290635628
-0.3947,0.2952,0.8034,0.3339,-0.0716,0.4867,0.6677,0.5585,13.2053233334,78.110634387,58.7262972326
-0.3927,0.2935,0.8035,0.3374,-0.0801,0.4807,0.677,0.5513,13.4749491232,78.3158801616,58.0486145348
-0.3927,0.2935,0.8035,0.3374,-0.0801,0.4807,0.677,0.5513,13.1040531206,78.0778500388,57.8010769826
-0.3923,0.2928,0.8035,0.3386,-0.0816,0.4783,0.6771,0.553,13.0591463752,77.8605988956,57.6959089396
-0.3923,0.2928,0.8035,0.3386,-0.0816,0.4783,0.6771,0.553,13.294451355,77.9223767306,57.4059302622
-0.3953,0.2928,0.8029,0.3365,-0.0766,0.4812,0.6715,0.5582,13.3176050698,78.1907029832,57.6452273606
-0.3985,0.2941,0.8023,0.333,-0.0655,0.487,0.6565,0.5722,13.408760734,78.67548608,59.029403336
-0.4022,0.2972,0.8023,0.3257,-0.0504,0.4899,0.6411,0.5885,12.61473594,78.4997603924,60.0948330928
-0.4022,0.2972,0.8023,0.3257,-0.0504,0.4899,0.6411,0.5885,13.1174803694,79.7417048506,60.939407543
-0.4117,0.3002,0.8016,0.3126,-0.0511,0.4641,0.623,0.6275,12.5544904508,80.9025992244,62.3846050224
-0.4176,0.2996,0.8037,0.2996,-0.1136,0.4227,0.7145,0.5457,11.6558553976,79.7955734904,64.3736909
-0.4176,0.2996,0.8037,0.2996,-0.1136,0.4227,0.7145,0.5457,11.1956048356,80.6577529944,64.324555494
-0.4179,0.2998,0.8044,0.2973,-0.1184,0.4208,0.7509,0.4947,9.9546381604,79.87585455,65.5350253252
-0.4175,0.3002,0.8073,0.2893,-0.1132,0.4318,0.741,0.5015,9.951818133,79.2444758472,66.2285621532
-0.4167,0.2997,0.8085,0.2876,-0.1159,0.434,0.7377,0.5037,9.177072943,78.5447959428,66.5520001588
-0.417,0.2971,0.812,0.2796,-0.1148,0.4408,0.7318,0.5067,8.8231473356,78.367327158,66.9281307232
-0.4171,0.2968,0.8129,0.2775,-0.1189,0.4407,0.7335,0.5034,9.2984907404,77.84802224,67.4574002552
-0.4171,0.2968,0.8129,0.2775,-0.1189,0.4407,0.7335,0.5034,8.56233823,78.126526543,66.529927477
-0.4163,0.2946,0.816,0.2718,-0.1314,0.4371,0.7347,0.5017,8.3579834138,77.4191147734,66.8049234424
-0.416,0.2933,0.8182,0.2669,-0.1449,0.4332,0.7332,0.5035,8.6779925772,76.9995841068,67.3789620648
-0.416,0.2933,0.8182,0.2669,-0.1449,0.4332,0.7332,0.5035,8.0816267192,76.6238908248,66.5477616112
-0.4146,0.2923,0.8204,0.2632,-0.1466,0.4323,0.7293,0.5094,7.78015314,75.733637556,66.509547468
-0.4154,0.2897,0.8225,0.2587,-0.1441,0.4307,0.728,0.5134,8.1744059356,75.3162599538,66.9470002174
-0.4141,0.2872,0.8239,0.259,-0.1409,0.4273,0.7256,0.5204,6.9033885016,74.9331918468,65.785127848
-0.4141,0.2872,0.8239,0.259,-0.1409,0.4273,0.7256,0.5204,6.9193540884,74.6638820862,65.9391103842
-0.4142,0.2858,0.8252,0.2562,-0.1406,0.4255,0.7254,0.5222,7.3189568972,74.4891922892,66.4304206412
-0.4146,0.2853,0.8254,0.2555,-0.1411,0.4272,0.7236,0.5232,7.1489605948,74.4584707774,66.1206524526
-0.4138,0.2876,0.8242,0.2581,-0.1416,0.4313,0.7218,0.5222,7.7293954682,74.5648502656,66.6559116918
-0.4131,0.2883,0.8238,0.2597,-0.1399,0.434,0.7211,0.5214,7.5074180032,74.5567525752,66.6291122088
-0.4131,0.2883,0.8238,0.2597,-0.1399,0.434,0.7211,0.5214,8.3902600002,74.661589125,67.7970575158
-0.4124,0.2922,0.8209,0.2655,-0.135,0.442,0.7221,0.5147,9.6950755692,75.8717722756,68.7179127858
-0.4126,0.2983,0.8134,0.2811,-0.1282,0.4491,0.7135,0.5222,9.2737812908,76.7209531634,67.629553498
-0.4126,0.2983,0.8134,0.2811,-0.1282,0.4491,0.7135,0.5222,11.087058762,75.403492869,69.635217474
-0.4111,0.3018,0.8084,0.2937,-0.1121,0.4525,0.7103,0.5272,11.3100564792,76.0539983116,69.9327105496
-0.4099,0.3024,0.8064,0.3001,-0.1058,0.4604,0.7117,0.5198,10.9871542528,77.3986247642,67.9817806648
-0.4099,0.3024,0.8064,0.3001,-0.1058,0.4604,0.7117,0.5198,11.772981105,76.797252056,68.782476436
-0.4071,0.3015,0.8048,0.309,-0.0881,0.4717,0.6976,0.5319,12.538326147,78.0118072736,67.5391427304
-0.4061,0.2988,0.8052,0.3117,-0.0648,0.4882,0.6662,0.5598,12.7596862308,78.8225504322,66.2252493564
-0.4042,0.2976,0.8036,0.3195,-0.0354,0.5097,0.6083,0.6072,13.3119922904,79.2644514588,64.7934060088
-0.4042,0.2976,0.8036,0.3195,-0.0354,0.5097,0.6083,0.6072,13.738177104,78.9064265424,63.7588857488
-0.4,0.296,0.8034,0.3268,-0.0357,0.5207,0.6315,0.5733,13.767994384,79.6693425808,62.868570576
-0.3986,0.2933,0.8037,0.3303,-0.0435,0.5111,0.6519,0.5583,13.4842392262,79.4020474578,62.0667402316
-0.398,0.2924,0.8029,0.3336,-0.0664,0.4996,0.652,0.5662,13.6151127872,78.9477169136,60.8587430448
-0.3942,0.2883,0.8038,0.3393,-0.0696,0.4855,0.6669,0.5608,13.8972901796,79.3242104676,60.2776683476
-0.3942,0.2883,0.8038,0.3393,-0.0696,0.4855,0.6669,0.5608,13.3362386188,78.5137067212,59.321909046
-0.3923,0.2864,0.8033,0.3444,-0.0701,0.4779,0.672,0.5612,13.3589714056,78.0591595236,58.1612256904
-0.3923,0.2864,0.8033,0.3444,-0.0701,0.4779,0.672,0.5612,13.6905966282,78.2503794838,57.5958648212
-0.392,0.2836,0.8051,0.3428,-0.0706,0.4724,0.6756,0.5615,13.1636928428,78.2911157636,57.3492685034
-0.3924,0.2835,0.8048,0.3432,-0.0709,0.4725,0.6752,0.5618,13.7076881298,78.301834683,57.1487097476
-0.3945,0.2851,0.8034,0.3428,-0.0681,0.4761,0.6698,0.5656,13.4276484798,78.1962316236,57.394936545
-0.4015,0.2853,0.8032,0.3349,-0.0599,0.4887,0.6503,0.5783,13.873903325,78.8891870482,57.9029367894
-0.4046,0.2863,0.8041,0.3278,-0.0501,0.4948,0.6378,0.5879,13.6052230632,80.2389547912,59.5383609408
-0.4086,0.286,0.8049,0.3212,-0.0438,0.4955,0.6364,0.5894,12.55591207,79.545889252,61.3231523308
-0.4156,0.2854,0.8047,0.3132,-0.0507,0.4851,0.622,0.6125,13.2397843876,81.4932571364,61.2851339686
-0.4201,0.284,0.8076,0.301,-0.1108,0.4418,0.6737,0.5818,11.972624997,82.0338138502,62.4134802424
-0.4201,0.284,0.8076,0.301,-0.1108,0.4418,0.6737,0.5818,11.3830449864,80.8294150592,64.0914241612
-0.4231,0.2802,0.8112,0.2904,-0.1379,0.4259,0.7338,0.5109,10.0959562872,81.5988035684,63.895655836
-0.4238,0.2763,0.8159,0.2796,-0.1397,0.4236,0.7327,0.5137,8.3968345664,81.5921622066,64.416499903
-0.4256,0.2733,0.8176,0.2749,-0.1384,0.4233,0.7314,0.5163,8.9194193626,80.4972263988,65.4522414938
-0.4256,0.2733,0.8176,0.2749,-0.1384,0.4233,0.7314,0.5163,7.4233360408,81.3910033884,64.5595209688
-0.4235,0.272,0.8209,0.2694,-0.1417,0.4252,0.7363,0.5067,7.4378671984,80.5805192704,64.933680527
-0.4237,0.2702,0.8228,0.265,-0.1528,0.4223,0.7412,0.4989,7.8542148154,80.0505958996,65.7188065298
-0.4244,0.2678,0.8262,0.2557,-0.1588,0.4206,0.7435,0.4948,7.4741212842,80.5065250088,64.8716022882
-0.4242,0.2683,0.8265,0.2547,-0.1607,0.4213,0.7424,0.4953,7.6107607922,79.9558121816,64.5779089824
-0.4237,0.2687,0.8268,0.2541,-0.1622,0.4218,0.741,0.4965,7.6676444444,79.4681015002,65.4886739354
-0.4234,0.2682,0.8279,0.2516,-0.1622,0.4215,0.7409,0.497,7.4301359072,79.1403727182,64.9291416246
-0.4233,0.2659,0.8291,0.2499,-0.1596,0.4208,0.7404,0.4991,6.9439577242,78.7683975284,65.056963407
-0.4233,0.2659,0.8291,0.2499,-0.1596,0.4208,0.7404,0.4991,7.3457744672,78.510171628,65.2864997176
-0.4221,0.2651,0.8297,0.251,-0.159,0.4214,0.7387,0.5012,7.1607693956,78.554362622,65.2820172648
-0.422,0.2658,0.8292,0.2521,-0.1559,0.4244,0.737,0.5023,7.6218559232,78.4419523144,65.8897434656
-0.4206,0.2683,0.8283,0.2548,-0.1518,0.4279,0.7346,0.504,7.512437725,78.4753603076,65.6441186682
-0.4206,0.2683,0.8283,0.2548,-0.1518,0.4279,0.7346,0.504,8.656217575,78.390423771,66.801333322
-0.4176,0.278,0.822,0.2694,-0.1369,0.4374,0.7264,0.512,10.465214918,77.559142558,68.399910808
-0.4155,0.2826,0.8182,0.279,-0.1215,0.4403,0.7199,0.5225,9.4098976074,78.6129606524,67.0917215654
-0.4147,0.2843,0.8163,0.2839,-0.1139,0.441,0.7319,0.5066,10.8445095048,79.4399538088,67.5746970208
-0.4146,0.2853,0.8135,0.2911,-0.1125,0.4432,0.7299,0.5079,11.9266773166,80.1239903388,66.047447761
-0.4146,0.2853,0.8135,0.2911,-0.1125,0.4432,0.7299,0.5079,11.8668412568,80.6678819178,65.6320058222
-0.4116,0.2816,0.8145,0.2961,-0.0792,0.4694,0.6864,0.5496,12.2661022864,80.906831182,65.419187386
-0.4089,0.2797,0.814,0.3031,-0.0392,0.492,0.6243,0.6054,12.2935807616,81.9535029976,62.8430220752
-0.4089,0.2797,0.814,0.3031,-0.0392,0.492,0.6243,0.6054,12.8420994344,82.2227629128,62.3348737184
-0.4048,0.2783,0.8139,0.3101,-0.0517,0.4983,0.65,0.5712,12.7237702808,81.46742628,61.4950244772
-0.4035,0.2777,0.8143,0.3113,-0.0515,0.4945,0.665,0.5571,12.8750479064,81.7240239282,59.685071275
-0.4035,0.2777,0.8143,0.3113,-0.0515,0.4945,0.665,0.5571,13.2162505284,82.140996006,59.1180330296
-0.4032,0.2764,0.8132,0.3156,-0.0556,0.4858,0.6785,0.5481,13.091937016,81.1705662364,58.6150465632
-0.3996,0.2745,0.8131,0.322,-0.0677,0.4776,0.6842,0.5469,12.95754146,80.5308233408,57.9794439816
-0.3966,0.2717,0.8135,0.327,-0.075,0.4676,0.6894,0.548,13.4201958252,81.058949237,57.5696385768
-0.3964,0.2709,0.8134,0.3281,-0.0758,0.4654,0.6915,0.5471,12.909006106,80.1735801934,57.2406977878
-0.3964,0.2709,0.8134,0.3281,-0.0758,0.4654,0.6915,0.5471,13.1841803608,79.9887326892,56.6678308992
-0.3955,0.2709,0.8128,0.3309,-0.0775,0.4633,0.6942,0.5452,13.3985327708,80.1539353208,56.307826162
-0.3967,0.2695,0.813,0.3299,-0.0873,0.4608,0.6994,0.5391,13.254603602,80.2014146264,56.2397823404
-0.3981,0.2709,0.8118,0.3298,-0.0818,0.4671,0.6876,0.5496,13.3964063282,80.1811624932,56.3905943602
-0.3981,0.2709,0.8118,0.3298,-0.0818,0.4671,0.6876,0.5496,13.1637334334,80.18279765,56.6749288098
-0.3992,0.2742,0.8115,0.3267,-0.0715,0.4741,0.6694,0.5673,13.6326244034,80.2649531624,58.5156017358
-0.4044,0.2775,0.8106,0.3197,-0.0703,0.4742,0.656,0.5828,13.565722287,81.267263458,59.5649589532
-0.4044,0.2775,0.8106,0.3197,-0.0703,0.4742,0.656,0.5828,12.8463599504,80.8098736672,60.378190448
-0.4064,0.2833,0.8083,0.3178,-0.0654,0.4692,0.6384,0.6065,13.5251685512,80.5473649466,61.759094799
-0.4094,0.2839,0.8089,0.3118,-0.0606,0.4615,0.6281,0.6235,12.7834325756,81.1186807792,62.9433582008
-0.4094,0.2839,0.8089,0.3118,-0.0606,0.4615,0.6281,0.6235,12.1676998542,80.7956736874,63.218135341
-0.4174,0.2851,0.8088,0.3001,-0.1127,0.4271,0.6889,0.5746,11.8239694474,81.4715037738,63.060982155
-0.42,0.2873,0.8094,0.2929,-0.1274,0.4213,0.7362,0.514,11.1415832876,80.933466004,64.655197062
-0.4241,0.2872,0.8104,0.2842,-0.1304,0.4297,0.7414,0.4985,10.837304061,80.6637855536,65.0615388148
-0.4259,0.2864,0.8138,0.2723,-0.1427,0.4249,0.7564,0.4761,10.181290405,81.295143953,64.260959909
-0.4259,0.2864,0.8138,0.2723,-0.1427,0.4249,0.7564,0.4761,9.8295784362,81.9161095352,63.7917204502
-0.4279,0.2871,0.8133,0.2699,-0.1465,0.4271,0.7525,0.4793,9.7558057768,81.3521478064,64.8179997188
-0.4261,0.289,0.8144,0.2674,-0.1477,0.4332,0.7437,0.4871,9.7914419514,81.1383880912,64.5541124218
-0.4254,0.286,0.8178,0.2614,-0.1536,0.4316,0.7451,0.4846,8.757281692,80.9675577916,65.1139494964
-0.4254,0.286,0.8178,0.2614,-0.1536,0.4316,0.7451,0.4846,8.96603976,80.911994744,64.947603128
-0.4242,0.2832,0.8201,0.2589,-0.1578,0.4259,0.7489,0.4826,7.49034714,80.6316803784,64.7370484968
-0.4218,0.2813,0.8224,0.2578,-0.1573,0.4228,0.7515,0.4812,6.4602815384,80.1068923758,65.2501282922
-0.4218,0.2813,0.8224,0.2578,-0.1573,0.4228,0.7515,0.4812,7.368587288,79.981256605,65.1388303666
-0.4194,0.2796,0.8248,0.2557,-0.1544,0.42,0.7513,0.4849,6.306372392,78.670487639,65.4713497878
-0.418,0.2805,0.8251,0.2562,-0.1516,0.4213,0.7433,0.4968,6.16191429,77.328460792,65.595653918
-0.418,0.2778,0.8262,0.2553,-0.1489,0.4191,0.7395,0.5051,6.4293540972,77.2545248892,65.44343614
-0.418,0.2778,0.8262,0.2553,-0.1489,0.4191,0.7395,0.5051,5.6165394092,76.9091329716,64.9921822808
-0.4173,0.2758,0.8273,0.2554,-0.15,0.4176,0.7361,0.5109,5.901671315,76.72140607,65.121863325
-0.4174,0.2759,0.8269,0.2563,-0.1515,0.4213,0.732,0.5134,6.1539316488,76.7275252596,65.351484448
-0.4181,0.2751,0.8265,0.2572,-0.1543,0.4253,0.7295,0.5128,6.8790049232,76.9611728364,65.642473162
-0.4181,0.2751,0.8265,0.2572,-0.1543,0.4253,0.7295,0.5128,8.3882853444,77.728886875,66.9698844978
-0.4185,0.2778,0.8223,0.267,-0.1503,0.4338,0.7235,0.5153,7.988001598,78.3778732568,66.2887309776
-0.4158,0.2863,0.8156,0.2825,-0.1348,0.4423,0.7146,0.5247,10.0494882372,77.3519791186,68.3832845714
-0.4158,0.2863,0.8156,0.2825,-0.1348,0.4423,0.7146,0.5247,11.8919579838,77.4406253058,69.4376194396
-0.4166,0.2919,0.8081,0.2966,-0.1306,0.4489,0.7208,0.5115,10.9266555308,78.9238001216,66.8529832232
-0.4158,0.2948,0.8052,0.3027,-0.1265,0.4519,0.7192,0.5122,13.1133022292,78.2859381896,68.1097266832
-0.4126,0.2963,0.8031,0.3111,-0.091,0.4778,0.6824,0.5455,12.7441508692,78.6183080604,67.12050145
-0.4078,0.2946,0.8037,0.3173,-0.028,0.505,0.6071,0.6128,12.6454038112,79.258682015,65.6018348078
-0.4074,0.2936,0.8037,0.3191,-0.0345,0.5145,0.6112,0.6004,12.5628708042,79.8674337864,64.5630341014
-0.406,0.2923,0.8031,0.3235,-0.0401,0.5178,0.6205,0.5875,13.2547708932,80.1067458188,61.9587062248
-0.4052,0.2919,0.8025,0.3262,-0.0431,0.5166,0.6348,0.5728,13.4080090878,80.4592100262,61.5705885082
-0.4026,0.2894,0.8035,0.3291,-0.0658,0.5001,0.6498,0.5685,13.3959796304,79.9737047696,60.2642082316
-0.4026,0.2894,0.8035,0.3291,-0.0658,0.5001,0.6498,0.5685,13.4409214608,79.3216890976,59.1580457544
-0.3999,0.2876,0.8032,0.3348,-0.0562,0.4969,0.6605,0.5599,13.597200528,79.660260848,58.909313696
-0.3981,0.2842,0.8038,0.3381,-0.0781,0.4847,0.6749,0.5507,13.0197558912,79.0134480592,57.944916336
-0.3981,0.2842,0.8038,0.3381,-0.0781,0.4847,0.6749,0.5507,12.8877847432,78.8852991496,57.0012276288
-0.3975,0.2828,0.8048,0.3377,-0.0859,0.4754,0.6829,0.5479,13.377665742,78.9316185184,56.6651478376
-0.3982,0.283,0.8045,0.3376,-0.0859,0.4754,0.6829,0.5477,13.3117213158,79.0563553944,56.7037745106
-0.4003,0.2851,0.803,0.3368,-0.0815,0.4787,0.6768,0.5531,13.5338069372,79.3853159134,57.4818760362
-0.4035,0.2884,0.8018,0.333,-0.0688,0.4906,0.6555,0.5698,13.1318294062,79.351238484,57.846201152
-0.4126,0.2863,0.8043,0.3174,-0.0571,0.4949,0.6323,0.5932,13.6715726934,79.8532288312,59.6629736252
-0.4126,0.2863,0.8043,0.3174,-0.0571,0.4949,0.6323,0.5932,13.1392069312,82.1795396288,59.9909328864
-0.4166,0.2862,0.8045,0.3117,-0.0662,0.4835,0.6265,0.6076,12.3380232154,81.0902126824,61.8362811672
-0.4166,0.2862,0.8045,0.3117,-0.0662,0.4835,0.6265,0.6076,12.0176727526,82.63377697,61.0483279456
-0.4223,0.2869,0.8059,0.2998,-0.1133,0.4381,0.672,0.586,10.181756413,83.2248422996,61.7344415844
-0.4245,0.2834,0.8112,0.285,-0.1491,0.4101,0.7546,0.4899,10.3534121828,82.3403881346,63.055182884
-0.4253,0.2807,0.814,0.2786,-0.1513,0.4132,0.7575,0.4822,8.6366120178,83.0322021296,62.168297234
-0.4248,0.2767,0.8179,0.2719,-0.1547,0.4086,0.7612,0.479,7.2524416102,82.8321329558,62.8125745052
-0.4248,0.2767,0.8179,0.2719,-0.1547,0.4086,0.7612,0.479,7.8204566668,82.0842448976,64.0044174356
-0.4225,0.273,0.8216,0.268,-0.1469,0.4127,0.7537,0.4896,6.3979401294,82.3080333872,63.6170498874
-0.4218,0.2671,0.8262,0.2608,-0.1552,0.4083,0.7588,0.483,5.4780084992,81.88579288,63.7491423584
-0.4202,0.2637,0.8294,0.2566,-0.1631,0.4031,0.7583,0.4855,6.143207548,81.315703224,64.407253732
-0.4202,0.2637,0.8294,0.2566,-0.1631,0.4031,0.7583,0.4855,4.65283057,81.03848482,64.037384902
-0.4193,0.2598,0.8318,0.2542,-0.1656,0.4009,0.7573,0.4881,4.0944170532,80.3928413104,64.02716425
-0.42,0.2551,0.8338,0.2512,-0.1682,0.3975,0.7523,0.4976,4.8764810352,79.8923140056,64.35594138
-0.42,0.2551,0.8338,0.2512,-0.1682,0.3975,0.7523,0.4976,4.2172618632,79.0151892768,64.0394414232
-0.4195,0.2536,0.8343,0.252,-0.1665,0.3967,0.7476,0.5059,4.0639520028,78.9113143,63.8309562752
-0.421,0.2507,0.8354,0.2486,-0.1657,0.3952,0.7473,0.5076,4.3492862202,78.6948949786,64.2465868192
-0.4215,0.2502,0.8353,0.2487,-0.1657,0.3959,0.7461,0.5089,4.299517572,78.6053964268,63.771496912
-0.4213,0.2517,0.8349,0.2487,-0.1653,0.398,0.7437,0.5108,5.0369629024,78.4850678932,64.5133784116
-0.4241,0.2553,0.8325,0.2485,-0.1661,0.4064,0.7406,0.5085,4.653524793,78.5289530626,64.4976447836
-0.4241,0.2553,0.8325,0.2485,-0.1661,0.4064,0.7406,0.5085,6.4528474362,78.735672973,65.2392952964
-0.4273,0.2642,0.8258,0.2557,-0.1654,0.419,0.7351,0.5065,8.5111158456,79.7851933556,66.157940884
-0.4267,0.2712,0.823,0.2586,-0.1561,0.4255,0.7316,0.509,7.1118844668,80.5588437394,65.1155128232
-0.4267,0.2712,0.823,0.2586,-0.1561,0.4255,0.7316,0.509,10.2346099738,82.5933834952,65.137285891
-0.4232,0.2835,0.8181,0.2667,-0.1449,0.4264,0.7388,0.5012,12.4037642384,82.8109213528,64.3402745608
-0.4207,0.2935,0.8104,0.2827,-0.1105,0.4565,0.7113,0.5227,11.5029437928,84.1105409002,62.3821853806
-0.4207,0.2935,0.8104,0.2827,-0.1105,0.4565,0.7113,0.5227,12.5225493764,83.5086566736,62.9077521832
-0.4179,0.291,0.8109,0.2879,-0.05,0.4844,0.6277,0.6071,11.636208002,84.7471822592,59.4350482964
-0.4158,0.2877,0.8114,0.293,-0.064,0.4953,0.6519,0.5704,12.3353577404,84.933411548,58.8726527108
-0.4146,0.2873,0.8115,0.2947,-0.0661,0.4927,0.6621,0.5606,11.8636805436,84.7242365244,57.5193447176
-0.413,0.286,0.812,0.297,-0.0701,0.4873,0.6732,0.5516,12.418234404,83.9171508464,56.4370829152
-0.4108,0.2862,0.8118,0.3001,-0.0874,0.4785,0.6785,0.5504,12.434623094,84.1953166032,55.8939119648
-0.4082,0.2883,0.8101,0.3062,-0.0906,0.4751,0.6851,0.5446,12.7828172992,83.2169768608,55.5131302768
-0.4082,0.2883,0.8101,0.3062,-0.0906,0.4751,0.6851,0.5446,12.4689191604,82.9783576418,54.2980566404
-0.4061,0.2873,0.8105,0.3089,-0.1121,0.4699,0.7037,0.5208,12.6754925236,82.9829948088,53.9315562828
-0.4038,0.2868,0.8116,0.3096,-0.122,0.4651,0.7119,0.5117,12.0983966544,82.9374687392,53.0653732316
-0.4046,0.2854,0.8125,0.3074,-0.1255,0.4638,0.7149,0.5079,12.459584502,82.54643639,52.59505117
-0.4025,0.2876,0.8121,0.309,-0.1207,0.4652,0.712,0.5117,12.666329434,82.64251578,52.903682964
-0.4025,0.2876,0.8121,0.309,-0.1207,0.4652,0.712,0.5117,12.868945521,82.35113015,53.098978988
-0.4055,0.2893,0.8113,0.3057,-0.1054,0.4674,0.6997,0.5299,12.7251706176,82.9193817,54.323416438
-0.4064,0.2913,0.8098,0.3067,-0.0936,0.4712,0.6852,0.5473,12.4678224996,83.0217214244,55.2338051392
-0.4102,0.2917,0.8109,0.2983,-0.0767,0.4721,0.6726,0.5646,12.5839452594,84.0532756894,56.6046703916
-0.4102,0.2917,0.8109,0.2983,-0.0767,0.4721,0.6726,0.5646,11.9999462728,85.252784282,57.8457485496
-0.4133,0.2922,0.8117,0.2912,-0.0778,0.447,0.657,0.6019,11.604556965,84.416681019,59.03576829
-0.4143,0.2908,0.8139,0.2848,-0.1408,0.404,0.7322,0.5297,10.8658490698,84.661070271,60.0455065834
-0.4151,0.2888,0.8159,0.28,-0.1418,0.4001,0.7617,0.4894,9.7960669298,84.3062043084,61.5709833526
-0.4151,0.2888,0.8159,0.28,-0.1418,0.4001,0.7617,0.4894,9.7549460618,83.7305106054,62.066427312
-0.4166,0.286,0.8183,0.2736,-0.1358,0.405,0.764,0.4832,8.5107789052,83.8751173236,62.109121348
-0.4155,0.2837,0.8218,0.2671,-0.1382,0.4061,0.7644,0.4812,7.857097982,83.1844032932,62.9936093348
-0.4155,0.2837,0.8218,0.2671,-0.1382,0.4061,0.7644,0.4812,8.170120504,82.6455957084,63.5236505084
-0.4166,0.2792,0.8248,0.261,-0.1399,0.4119,0.7569,0.4875,7.076299862,82.104297416,63.4986142092
-0.4155,0.2739,0.8285,0.2563,-0.1515,0.4081,0.7548,0.4906,6.4365578942,80.4929240826,64.1508282496
-0.4163,0.2727,0.8294,0.2534,-0.1571,0.4077,0.7514,0.4943,7.1238357518,79.9310449766,64.8704964242
-0.4161,0.2714,0.831,0.25,-0.16,0.4064,0.7443,0.505,6.3506741756,79.2539349206,64.153116162
