S10_w,S10_x,S10_y,S10_z,S8_w,S8_x,S8_y,S8_z,index_pose_position_x,index_pose_position_y,index_pose_position_z
-0.4221,-0.0234,0.8615,0.2811,-0.2977,0.4006,0.7514,0.4314,37.501831408,79.951586652,51.611728228
-0.4206,-0.0245,0.8618,0.2823,-0.304,0.3997,0.7548,0.4218,37.5647234616,80.125675168,51.7379721872
-0.4199,-0.0274,0.8624,0.2813,-0.3104,0.3941,0.7628,0.4078,37.4812936224,80.9129463852,51.5888722844
-0.4199,-0.0274,0.8624,0.2813,-0.3104,0.3941,0.7628,0.4078,37.5407489342,80.6540372664,51.9265497262
-0.418,-0.0299,0.8627,0.2828,-0.3101,0.3946,0.7662,0.4011,37.1236843796,81.4573554828,51.7015288684
-0.4174,-0.0311,0.863,0.2826,-0.3099,0.395,0.7717,0.3901,36.9364027856,82.4293846228,52.25157823
-0.4167,-0.0327,0.8633,0.2826,-0.3234,0.3883,0.7812,0.3663,37.0393284396,82.1909232372,52.606765812
-0.4167,-0.0358,0.8632,0.2824,-0.3384,0.3789,0.781,0.363,36.2343011728,83.7191267136,52.422851976
-0.417,-0.0366,0.8633,0.2816,-0.3381,0.3784,0.7807,0.3644,35.9921675372,83.977819116,51.677069568
-0.4174,-0.0364,0.8633,0.2813,-0.3376,0.3777,0.7804,0.3663,36.34329876,83.794960223,52.273420879
-0.4159,-0.035,0.8631,0.2841,-0.3314,0.374,0.7823,0.3716,36.12092469,83.3935023358,52.6751435694
-0.4171,-0.0338,0.8626,0.2839,-0.3304,0.3695,0.7875,0.366,36.247762009,83.103752556,53.411681847
-0.4182,-0.0331,0.8623,0.2835,-0.3263,0.3573,0.799,0.3568,36.1930688352,83.465602597,52.6402781918
-0.4182,-0.0321,0.8619,0.2848,-0.3005,0.3721,0.7794,0.4044,36.388987908,82.6511287388,53.439492494
-0.4182,-0.0321,0.8619,0.2848,-0.3005,0.3721,0.7794,0.4044,36.658147335,81.2260408474,53.1349325052
-0.4174,-0.0304,0.8623,0.2849,-0.2984,0.3842,0.7622,0.427,36.3909353144,81.4991997008,52.1679012632
-0.4163,-0.0309,0.8625,0.2858,-0.3062,0.3885,0.759,0.423,36.8742382608,80.3752673616,52.2514871216
-0.4154,-0.0324,0.863,0.2852,-0.311,0.3883,0.7636,0.4114,36.652465356,80.7663873826,51.7187025206
-0.4162,-0.0335,0.8632,0.2836,-0.3129,0.387,0.772,0.3951,36.7665194424,80.5925781162,52.005704307
-0.4166,-0.0358,0.864,0.2802,-0.3163,0.3856,0.783,0.3715,36.7378379536,82.5536599136,51.1349477172
-0.4171,-0.0363,0.864,0.2794,-0.3344,0.3759,0.7911,0.3476,36.382559695,83.1555714816,51.3301721508
-0.4174,-0.0366,0.8641,0.2786,-0.3383,0.3779,0.7885,0.3477,36.5250602976,82.6566211896,52.31939387
-0.4185,-0.0354,0.8647,0.2752,-0.3413,0.3784,0.787,0.3476,36.1851923936,83.7240083572,52.0761409288
-0.4192,-0.0331,0.8639,0.2769,-0.341,0.3795,0.7869,0.3468,36.4833079562,83.7839505004,51.5261497608
-0.4193,-0.0328,0.8638,0.2771,-0.3409,0.3807,0.7861,0.3475,36.4104028512,83.5993637178,51.8417296362
-0.419,-0.0317,0.8641,0.2767,-0.3351,0.3765,0.786,0.3577,36.6374236284,83.4518031984,52.0219709968
-0.4201,-0.03,0.864,0.2757,-0.3298,0.3714,0.7885,0.3625,36.2759461396,83.4646770332,52.540149094
-0.4205,-0.029,0.8638,0.2756,-0.3253,0.3638,0.7957,0.3587,36.1622837088,83.6259257852,52.2186221016
-0.4199,-0.0287,0.8638,0.2767,-0.3037,0.3753,0.7839,0.3901,35.973718466,82.8283996418,53.5921192602
-0.4202,-0.028,0.8637,0.2764,-0.3018,0.3784,0.7744,0.4074,36.5104530014,81.9043724152,52.8463842154
-0.4204,-0.0269,0.8636,0.2767,-0.2961,0.3853,0.7642,0.424,36.326740733,82.1699326026,52.278143306
-0.4194,-0.0268,0.8641,0.2765,-0.2993,0.3909,0.7598,0.4243,36.663146776,80.8587875724,52.2932331024
-0.4184,-0.028,0.8645,0.2767,-0.3041,0.3934,0.759,0.4201,36.7199017866,80.9584124514,51.4330284372
-0.418,-0.0286,0.8648,0.2766,-0.3084,0.3934,0.7615,0.4123,36.5813729646,80.9464643494,51.4875635236
-0.4176,-0.03,0.8655,0.2748,-0.3066,0.3942,0.7645,0.4073,36.7416566058,81.8212342002,51.2838892076
-0.4174,-0.0326,0.8662,0.2725,-0.3139,0.3881,0.7811,0.3748,36.3477497816,83.2974609044,51.104367204
-0.4163,-0.0333,0.8668,0.2723,-0.3303,0.3831,0.7872,0.3526,36.5234623558,82.7591981064,52.1110236542
-0.4169,-0.0338,0.867,0.2706,-0.3402,0.3786,0.7863,0.3499,35.9948521864,84.226538904,51.6638415314
-0.4167,-0.0336,0.867,0.2708,-0.3405,0.3799,0.7862,0.3485,36.166864447,84.3018616758,51.3066668012
-0.4169,-0.0334,0.8667,0.2714,-0.3407,0.3806,0.7863,0.3472,36.2137268994,84.0852167358,51.8024599612
-0.4166,-0.0332,0.8669,0.2716,-0.3397,0.3809,0.786,0.3486,36.238937838,84.0847571796,51.6128176808
-0.4167,-0.0319,0.867,0.2712,-0.335,0.3746,0.7878,0.3559,36.1985476976,84.0081121968,52.0442993904
-0.4181,-0.0303,0.8663,0.2711,-0.3284,0.3671,0.7941,0.3558,36.1850583764,84.106064496,51.6739706282
-0.4187,-0.03,0.8663,0.2705,-0.3286,0.3572,0.8025,0.3466,35.8530636876,83.968026348,52.8064126528
-0.4187,-0.0304,0.8666,0.2695,-0.302,0.3655,0.7917,0.385,35.6864891356,83.30957696,52.7507688276
-0.4185,-0.0294,0.8666,0.2698,-0.2977,0.3698,0.7849,0.3979,35.7151021756,83.476194433,52.2384841404
-0.4185,-0.0293,0.8666,0.27,-0.2959,0.3726,0.7808,0.4046,35.9929963212,82.486019674,52.4049882352
-0.4174,-0.0296,0.8667,0.2713,-0.3026,0.3791,0.7739,0.4069,36.0665526432,81.9776000476,51.807847234
-0.4171,-0.0305,0.8669,0.2709,-0.3071,0.3806,0.7762,0.3978,36.145253232,82.0485276852,51.7653745392
-0.4167,-0.0314,0.8671,0.2709,-0.3046,0.3825,0.7796,0.391,36.311729164,82.246472448,51.580432732
-0.4159,-0.0349,0.868,0.2689,-0.3197,0.3727,0.7967,0.3522,35.9237969198,84.1867581926,51.0430919108
-0.4151,-0.0354,0.8679,0.2702,-0.3323,0.3709,0.7971,0.3411,36.114089552,83.7052475232,51.9392477696
-0.415,-0.0357,0.8679,0.2702,-0.3343,0.3722,0.7935,0.3461,35.550981528,84.2722925712,51.4231423296
-0.4122,-0.0359,0.8688,0.2716,-0.3316,0.3756,0.7907,0.3518,35.6547130622,84.1931454726,52.1845787468
-0.4116,-0.0343,0.8684,0.2741,-0.3285,0.3786,0.7894,0.3542,35.8433117462,84.15079895,52.2844876618
-0.4115,-0.0335,0.8682,0.2747,-0.3265,0.3815,0.7883,0.3551,36.0597806132,83.486296049,52.6176172578
-0.4107,-0.0328,0.8687,0.2747,-0.3261,0.3831,0.7891,0.3521,36.507768269,83.3441795728,52.6285452914
-0.41,-0.0311,0.8686,0.2764,-0.3217,0.3809,0.792,0.3522,36.2751893532,83.4448393942,52.3774740854
-0.4108,-0.0298,0.8681,0.2769,-0.3201,0.3744,0.7966,0.3502,36.3656403056,82.794081032,52.9599943852
-0.4124,-0.0294,0.8677,0.2755,-0.3087,0.3697,0.7984,0.3612,36.3963065006,82.2353291182,53.763419394
-0.4121,-0.0296,0.8681,0.2747,-0.2968,0.3829,0.7713,0.4125,36.277609624,82.7405600812,53.0035681328
-0.4125,-0.0286,0.8677,0.2755,-0.2925,0.3883,0.7634,0.4251,36.4885812352,81.1816090324,52.3970588244
-0.4121,-0.028,0.8682,0.2748,-0.2861,0.3922,0.759,0.4335,36.6869121894,80.5036950936,51.7718390076
-0.41,-0.0293,0.8696,0.2733,-0.2786,0.3967,0.7526,0.4454,36.4705794288,80.6483382188,51.5364603652
-0.4096,-0.0294,0.8695,0.2742,-0.2767,0.3971,0.7509,0.449,36.1879609088,80.3662923012,51.3593281596
-0.4083,-0.0291,0.8698,0.2752,-0.277,0.3989,0.7507,0.4476,36.0828838912,79.9134074696,51.682393295
-0.409,-0.0297,0.87,0.2734,-0.2908,0.3931,0.7593,0.4291,36.2732726662,80.0566690484,51.541959232
-0.4102,-0.03,0.8698,0.2722,-0.2946,0.3902,0.7639,0.4209,36.5487569178,80.6652526404,51.251558276
-0.4105,-0.0305,0.8698,0.2716,-0.2994,0.3888,0.7692,0.4089,36.6267568004,81.5466555872,50.819957856
-0.4105,-0.0316,0.8699,0.2713,-0.3009,0.3864,0.7705,0.4078,36.6061643034,81.3031963682,51.400637134
-0.4097,-0.0311,0.8698,0.273,-0.2962,0.3898,0.7653,0.4176,36.5269455942,81.5075923584,51.099894405
-0.4064,-0.0287,0.8697,0.2785,-0.2736,0.3991,0.7497,0.4512,36.3746240188,79.980919059,52.3241284306
-0.4057,-0.0283,0.8699,0.2789,-0.2633,0.402,0.7454,0.4617,36.4173171838,80.326833331,51.3999584476
-0.4055,-0.0275,0.8697,0.2798,-0.2529,0.4091,0.7383,0.4727,36.243784541,79.3252136842,52.6567949486
-0.4053,-0.0263,0.8692,0.2819,-0.2491,0.4126,0.7354,0.4761,36.1601271472,78.3882263944,52.3325995088
-0.4046,-0.0263,0.8695,0.282,-0.255,0.4108,0.7374,0.4715,36.1674868358,78.5492175306,52.0617439344
-0.405,-0.0276,0.8699,0.2798,-0.2625,0.4107,0.7397,0.4637,36.0974227496,78.6238987816,52.18386568
-0.4055,-0.0277,0.8697,0.2799,-0.2672,0.4111,0.7416,0.4575,36.3454503516,79.2062680848,51.1538952666
-0.4061,-0.0296,0.8698,0.2783,-0.2907,0.3963,0.7608,0.4237,36.459676581,79.0710762882,51.6546057496
-0.4071,-0.0322,0.8708,0.2736,-0.3003,0.3898,0.7693,0.4072,36.675986884,80.5457339738,51.2815293214
-0.4069,-0.0325,0.8706,0.2742,-0.3015,0.3917,0.7694,0.4042,36.7797708144,81.5989605648,50.6047280728
-0.4065,-0.0328,0.8702,0.2762,-0.2983,0.3944,0.7733,0.3966,36.9364084522,80.9089431588,52.0938124062
-0.4067,-0.0335,0.8696,0.2778,-0.2929,0.3945,0.7818,0.3836,36.7714550438,81.2464767948,53.207572165
-0.405,-0.0338,0.8703,0.278,-0.3079,0.3879,0.7902,0.3607,36.7645599912,82.039389236,53.5684702064
-0.4052,-0.033,0.8697,0.2796,-0.3128,0.3895,0.7882,0.3591,36.7054891922,81.754187851,53.6621630196
-0.4064,-0.0325,0.8692,0.2794,-0.317,0.3883,0.7879,0.3574,36.6894796664,82.314341384,53.7267449612
-0.4065,-0.0324,0.8693,0.2791,-0.3183,0.3881,0.7874,0.3576,36.8703562352,82.6395094064,53.18099715
-0.4067,-0.0317,0.8693,0.2789,-0.3128,0.3878,0.7871,0.3635,36.696722265,82.519980782,53.130824769
-0.4076,-0.0314,0.8689,0.2787,-0.3123,0.3823,0.7905,0.3623,36.562865577,82.4545254368,53.4148986626
-0.4084,-0.0314,0.8689,0.2776,-0.3143,0.3724,0.7972,0.3561,36.3705671894,82.204800515,53.811062913
-0.4087,-0.0303,0.8687,0.2781,-0.2848,0.3804,0.7825,0.402,36.5008873626,82.5218379362,53.3402384968
-0.4087,-0.0303,0.8687,0.2781,-0.2848,0.3804,0.7825,0.402,36.3412487492,81.0355039964,53.7247050436
-0.4093,-0.0297,0.8684,0.2782,-0.284,0.3898,0.7741,0.4097,36.9419541352,80.8696195154,53.0383252362
-0.4079,-0.0317,0.8688,0.2786,-0.2865,0.3937,0.782,0.3889,36.7108708656,81.0487598152,52.7606589704
-0.4079,-0.0317,0.8688,0.2786,-0.2865,0.3937,0.782,0.3889,36.5988538252,82.0068251776,52.4605570092
-0.409,-0.0354,0.8698,0.2736,-0.3208,0.3816,0.7916,0.3531,36.1886940744,84.1681147248,51.5583219848
-0.4103,-0.0365,0.8695,0.2723,-0.328,0.379,0.7919,0.3485,36.289224056,83.5919955472,52.6845028368
-0.4103,-0.0365,0.8695,0.2723,-0.328,0.379,0.7919,0.3485,36.1139131628,84.227924632,51.2066135364
-0.4092,-0.0374,0.8693,0.2743,-0.325,0.383,0.7888,0.354,36.1288576296,83.8153482452,52.2408196716
-0.4089,-0.0371,0.8698,0.2735,-0.3242,0.3845,0.7883,0.3542,36.3605614356,83.8205401268,52.1272923364
-0.4089,-0.0371,0.8698,0.2735,-0.3242,0.3845,0.7883,0.3542,36.4973792688,83.694735992,52.2384413808
-0.4091,-0.036,0.8692,0.2753,-0.3237,0.3805,0.7913,0.3522,36.4243009902,83.4800976786,52.217187114
-0.4098,-0.0344,0.8691,0.2746,-0.3186,0.369,0.8001,0.3493,36.4377808816,83.6722991064,52.0276815848
-0.4098,-0.0344,0.8691,0.2746,-0.3186,0.369,0.8001,0.3493,36.1644314152,83.4027447588,52.9358228056
-0.4102,-0.0335,0.8684,0.2763,-0.2955,0.3772,0.7909,0.3804,36.4542155916,82.2539579496,53.3767662284
-0.4111,-0.0324,0.8681,0.2761,-0.2941,0.3797,0.7846,0.3918,36.404570068,82.7214268346,52.5804398628
-0.4118,-0.0324,0.8681,0.2752,-0.2933,0.3785,0.7812,0.4003,36.850115552,81.9651525344,52.6266658542
-0.4119,-0.034,0.8675,0.2765,-0.288,0.3812,0.7697,0.4233,36.137746368,81.413871264,51.1923486016
-0.4111,-0.0347,0.8674,0.2778,-0.2843,0.3858,0.7612,0.4368,36.474527432,81.475312306,51.36200088
-0.4104,-0.0348,0.8674,0.2788,-0.2819,0.3889,0.7551,0.4459,35.9484533664,80.3915037498,51.887737188
-0.4086,-0.0347,0.8673,0.282,-0.2631,0.3995,0.7417,0.4699,35.9572614278,79.4663718548,51.9819549048
-0.407,-0.0346,0.8676,0.2834,-0.2548,0.4047,0.7382,0.4757,36.050499646,79.7134816156,51.619096176
-0.4069,-0.0346,0.8677,0.2831,-0.2578,0.4044,0.7384,0.4739,35.8095621424,78.881120958,52.2033259684
-0.4086,-0.0359,0.8682,0.2792,-0.2689,0.402,0.7445,0.4601,36.1071764986,79.8364845326,51.0177927144
-0.4098,-0.0363,0.8679,0.278,-0.2771,0.3985,0.7498,0.4495,36.045713712,79.71909475,51.555642218
-0.41,-0.0369,0.8682,0.2767,-0.286,0.3951,0.7557,0.4368,36.146633072,80.60582643,50.796947562
-0.4122,-0.0393,0.8688,0.2712,-0.3045,0.3829,0.7736,0.4026,36.591945225,82.3300842966,50.1960335622
-0.4122,-0.0391,0.8687,0.2718,-0.3054,0.3838,0.7747,0.3989,36.5410616956,81.8995643656,50.9627964326
-0.4114,-0.039,0.8687,0.2728,-0.306,0.3834,0.7742,0.3998,36.4808775188,82.0265832488,50.5592573188
-0.4069,-0.0364,0.8687,0.2799,-0.2912,0.3974,0.7536,0.435,36.434587944,80.3113392648,52.0111654344
-0.406,-0.0342,0.868,0.2836,-0.2706,0.4084,0.7395,0.4614,36.5306670716,80.59142633,51.1118512112
-0.4046,-0.0316,0.8673,0.2878,-0.2572,0.4136,0.7317,0.4766,36.5499740324,78.04915287,53.2738959168
-0.4039,-0.0269,0.8667,0.2911,-0.268,0.421,0.7272,0.471,37.2326944516,76.9698573624,51.7639574092
-0.4039,-0.03,0.8685,0.2854,-0.2932,0.4093,0.7407,0.4447,37.8316458784,78.7226443328,51.170501134
-0.4042,-0.0296,0.868,0.2868,-0.2996,0.4082,0.7442,0.4356,37.7472587368,78.3394912188,51.99070243
-0.4042,-0.0308,0.8679,0.2866,-0.3055,0.405,0.7523,0.4201,37.8862350468,79.1420990122,51.9930947278
-0.4028,-0.0319,0.8684,0.2872,-0.3023,0.4066,0.7613,0.4044,37.8757849658,79.6688572118,53.2879163106
-0.4031,-0.032,0.868,0.2879,-0.3042,0.4052,0.7669,0.3936,37.9061685326,79.3176599166,53.6436839596
-0.4025,-0.0321,0.8678,0.2894,-0.3242,0.3952,0.7796,0.3617,37.8655651616,80.2969828112,53.9713610676
-0.4016,-0.0321,0.8678,0.2905,-0.3228,0.3964,0.7765,0.368,37.6937483592,80.6676877184,54.1199486482
-0.4013,-0.0318,0.8678,0.2911,-0.3187,0.3979,0.7755,0.3721,37.6617525054,80.4441209,54.3790451898
-0.4012,-0.0316,0.8676,0.2919,-0.3132,0.3991,0.7747,0.3771,37.5595537464,80.1065381354,54.8308119384
-0.402,-0.0308,0.8674,0.2914,-0.3081,0.3955,0.7753,0.3839,37.4794312506,80.1000121682,54.9941027744
-0.4033,-0.0301,0.8667,0.2917,-0.3074,0.3863,0.7806,0.3831,37.534128068,80.3196768112,54.8869220304
-0.4046,-0.0306,0.866,0.2921,-0.2942,0.3812,0.7846,0.3905,37.0200807014,79.4682084214,55.9383281208
-0.4049,-0.032,0.8659,0.2919,-0.2879,0.3918,0.7619,0.4277,37.0681785544,78.89744757,55.0029011166
-0.4046,-0.0317,0.8659,0.2921,-0.2898,0.3966,0.7595,0.4263,37.1631055094,79.221726048,54.2066510792
-0.4055,-0.0316,0.8654,0.2926,-0.2946,0.3992,0.7625,0.415,37.6462191154,79.044738526,53.6861931112
-0.4046,-0.0334,0.8656,0.2931,-0.3208,0.389,0.7803,0.3696,37.3841415168,80.4101712684,53.9299094124
-0.4038,-0.0341,0.8658,0.2933,-0.327,0.3882,0.7806,0.3646,37.4675782732,80.098576556,54.3395967628
-0.4036,-0.0341,0.8654,0.2947,-0.3253,0.3917,0.7756,0.3728,36.9335942952,80.9350655756,53.9874003076
-0.4043,-0.0333,0.8643,0.2972,-0.3298,0.3897,0.7735,0.3753,37.3432955822,80.7594171058,54.215604225
-0.4043,-0.0333,0.8643,0.2972,-0.3298,0.3897,0.7735,0.3753,37.2589644822,80.8144054392,54.2086433518
-0.4053,-0.0334,0.8634,0.2984,-0.3287,0.3908,0.7714,0.3795,37.2685328234,80.7407703564,54.376531105
-0.408,-0.0313,0.8615,0.3005,-0.3302,0.3905,0.7692,0.3829,37.5160800256,80.610437912,54.490212186
-0.4091,-0.0302,0.8609,0.3007,-0.3299,0.389,0.77,0.3831,37.1435638496,80.6571310656,54.3925141528
-0.412,-0.0286,0.8598,0.3002,-0.3298,0.3836,0.7732,0.3821,37.6164610412,80.4744562732,55.0833075016
-0.4188,-0.0277,0.8572,0.2981,-0.3295,0.3806,0.7718,0.3883,37.6071768,80.444560704,55.05530144
-0.4213,-0.027,0.8563,0.2973,-0.3242,0.3897,0.761,0.4047,36.770207413,80.7085148198,54.6278253796
-0.4237,-0.025,0.8548,0.2983,-0.323,0.3985,0.7487,0.4197,38.2017713186,79.648465375,53.8425782704
-0.4257,-0.0249,0.8535,0.2994,-0.3196,0.4099,0.7324,0.4396,38.1291147384,78.7956144492,53.191302968
-0.4253,-0.026,0.8535,0.2998,-0.3197,0.4125,0.7292,0.4424,37.5351916428,79.0716974664,52.6362295332
-0.425,-0.0279,0.8539,0.2988,-0.3206,0.4133,0.7272,0.4442,37.3404764742,78.7980161168,52.7009154202
-0.4238,-0.0276,0.8536,0.3014,-0.3218,0.4178,0.7243,0.444,37.3742409632,78.4608365328,51.9153657792
-0.4238,-0.0276,0.8536,0.3014,-0.3218,0.4178,0.7243,0.444,37.6232569894,78.3930762294,52.1728264686
-0.4222,-0.028,0.854,0.3026,-0.326,0.4149,0.7278,0.4379,37.678866771,77.8379882552,52.7783707536
-0.4188,-0.0301,0.8557,0.3023,-0.3333,0.4124,0.7394,0.4147,37.3867167488,78.4075834776,52.6388240956
-0.4188,-0.0301,0.8557,0.3023,-0.3333,0.4124,0.7394,0.4147,37.9190887368,78.003459072,53.256151086
-0.4182,-0.0297,0.8553,0.3043,-0.3566,0.3977,0.7588,0.3724,37.4255746224,80.0825736448,53.6122507976
-0.4179,-0.0302,0.8554,0.3044,-0.3621,0.3918,0.7598,0.3713,36.95913328,80.530979642,53.827578961
-0.4165,-0.0303,0.8556,0.3057,-0.3591,0.3957,0.7577,0.3744,37.3672638654,80.25926721,54.3297012002
-0.4165,-0.0286,0.8549,0.3076,-0.3512,0.3989,0.7537,0.3864,37.3432624276,79.900177234,54.8160940604
-0.4165,-0.0286,0.8549,0.3076,-0.3512,0.3989,0.7537,0.3864,37.0819863348,80.3530523102,55.0725671824
-0.4174,-0.0297,0.8557,0.3041,-0.3479,0.3908,0.7548,0.3953,37.1343555564,80.3190284652,54.983396342
-0.4198,-0.0327,0.8555,0.3012,-0.3544,0.3702,0.7735,0.3726,36.521880334,80.9278623358,54.7905382194
-0.42,-0.0367,0.856,0.2988,-0.3201,0.3833,0.7551,0.4245,36.211643336,79.9048602424,54.6165349172
-0.42,-0.0367,0.856,0.2988,-0.3201,0.3833,0.7551,0.4245,36.3725322718,80.1607322476,53.8313378342
-0.4203,-0.0379,0.857,0.2954,-0.3289,0.3874,0.7597,0.4056,36.3608587022,80.2339471832,53.3492558662
-0.4201,-0.0396,0.858,0.2927,-0.3642,0.3723,0.7759,0.3557,35.9455214202,82.5915890598,52.4498841828
-0.4201,-0.0396,0.858,0.2927,-0.3642,0.3723,0.7759,0.3557,36.0670438324,81.938058858,53.6388779552
-0.4186,-0.0401,0.8583,0.2937,-0.3563,0.3769,0.7705,0.3702,35.3483140262,81.924864431,53.3353131776
-0.4179,-0.0382,0.8577,0.2969,-0.3577,0.3776,0.7699,0.3695,36.1993656134,81.3714870182,54.3063996232
-0.4179,-0.0382,0.8577,0.2969,-0.3577,0.3776,0.7699,0.3695,36.084350131,81.758614937,53.9239565604
-0.4182,-0.0399,0.8587,0.2935,-0.3552,0.3737,0.7706,0.3743,35.5766290608,82.2030246448,53.7450185504
-0.419,-0.0401,0.8585,0.2928,-0.3508,0.3686,0.7731,0.3783,35.3891934686,82.2773795074,54.3891755898
-0.4203,-0.0411,0.8582,0.2916,-0.345,0.3518,0.7886,0.3676,35.492016616,82.4977482266,54.1250904758
-0.4203,-0.0411,0.8582,0.2916,-0.345,0.3518,0.7886,0.3676,35.3524518788,81.70689787,54.6739773772
-0.4198,-0.0421,0.8589,0.29,-0.3189,0.3684,0.777,0.3982,35.6450632256,81.6103022104,53.935750512
-0.4198,-0.0421,0.8589,0.29,-0.3189,0.3684,0.777,0.3982,35.42802642,81.4498488416,53.6909809472
-0.4185,-0.0445,0.8603,0.2875,-0.3483,0.3633,0.7832,0.3648,35.0819308242,82.9827530498,53.4633628448
-0.4171,-0.0445,0.8609,0.2879,-0.3555,0.3664,0.7789,0.3641,34.5605378,83.606359988,53.0047361636
-0.4171,-0.0445,0.8609,0.2879,-0.3555,0.3664,0.7789,0.3641,35.0471252978,83.0064982396,54.227779816
-0.4171,-0.0436,0.8603,0.2896,-0.3501,0.371,0.7764,0.3699,35.2603402374,82.6238716088,53.943991094
-0.4143,-0.0441,0.8612,0.2908,-0.3478,0.361,0.7775,0.3795,35.2825108,82.3608849848,54.5767385276
-0.4142,-0.0438,0.8615,0.2903,-0.3433,0.359,0.7774,0.3856,35.4823332128,82.4755174196,54.4372072344
-0.414,-0.0432,0.8615,0.2905,-0.3379,0.3615,0.7815,0.3798,35.347014452,82.564603266,54.7279863948
-0.414,-0.0432,0.8615,0.2905,-0.3379,0.3615,0.7815,0.3798,35.3662399324,82.0944900302,54.7971824196
-0.4138,-0.042,0.8612,0.2918,-0.3347,0.3609,0.7852,0.3757,35.4691659832,82.433404436,54.5001628544
-0.415,-0.0418,0.8612,0.2901,-0.3321,0.3483,0.8009,0.3562,35.301644804,81.931831084,55.425776008
-0.415,-0.0418,0.8612,0.2901,-0.3321,0.3483,0.8009,0.3562,35.7352312272,81.2688590894,54.3327115338
-0.4154,-0.0411,0.8616,0.2883,-0.3029,0.369,0.7754,0.413,35.5495564988,81.4978214086,53.6536614574
-0.4164,-0.0388,0.8609,0.2895,-0.2942,0.3856,0.7531,0.4443,36.4989510004,79.9986744178,52.9351892616
-0.416,-0.0386,0.8609,0.2903,-0.2891,0.3897,0.7469,0.4544,36.055772442,79.0948061436,52.8639176388
-0.4136,-0.0384,0.8612,0.2928,-0.2791,0.3969,0.7382,0.4685,35.9133431054,79.2799279368,52.1225361092
-0.4123,-0.0385,0.8616,0.2932,-0.2759,0.4003,0.7333,0.4751,35.6978388198,77.943378054,52.9800787008
-0.41,-0.0377,0.8619,0.2957,-0.2659,0.4068,0.7256,0.4869,35.601713159,77.260311216,53.1569165804
-0.4086,-0.038,0.8623,0.2964,-0.2619,0.4103,0.7221,0.4915,35.6617546254,77.4699595836,52.8609833586
-0.4096,-0.0404,0.8628,0.2932,-0.2722,0.4049,0.7261,0.4843,35.6014343844,77.2616172984,52.9684761702
-0.4096,-0.0404,0.8628,0.2932,-0.2722,0.4049,0.7261,0.4843,35.4759787308,78.1553362212,52.4098022808
-0.4104,-0.0419,0.8634,0.2904,-0.2874,0.3971,0.7373,0.4647,35.6047027688,77.961336876,52.7135298176
-0.4107,-0.0426,0.8638,0.2885,-0.3015,0.3853,0.7536,0.4389,35.7620978792,78.967259608,52.0526644064
-0.4107,-0.0426,0.8638,0.2885,-0.3015,0.3853,0.7536,0.4389,35.824177454,80.8608328278,52.3476435332
-0.41,-0.0455,0.8655,0.2837,-0.3121,0.3757,0.7702,0.41,35.8773111928,80.2250359668,53.469348602
-0.4099,-0.0442,0.8649,0.286,-0.3123,0.3807,0.7692,0.4072,35.7032997192,80.6109984362,53.0247669474
-0.4099,-0.0442,0.8649,0.286,-0.3123,0.3807,0.7692,0.4072,36.337980035,80.2165032828,54.2171348176
-0.4084,-0.0444,0.8662,0.2841,-0.3042,0.3816,0.778,0.3954,36.0452347992,80.2521453644,53.9909722716
-0.4052,-0.0447,0.8677,0.2841,-0.3231,0.364,0.7906,0.3713,35.5894356044,82.3862892438,54.3331285182
-0.4032,-0.043,0.8677,0.2874,-0.3212,0.361,0.7911,0.3747,35.017364482,82.0274126614,55.4740114212
-0.4035,-0.0426,0.8677,0.2867,-0.3256,0.3594,0.7902,0.3745,35.4838704354,81.8168822142,55.9000154688
-0.4041,-0.0414,0.8672,0.2877,-0.322,0.3631,0.788,0.3786,35.8309557466,81.7686910878,55.5045292352
-0.404,-0.0411,0.8671,0.2881,-0.3174,0.3638,0.7868,0.3843,35.5811065118,81.7455145346,55.515072927
-0.4028,-0.041,0.8671,0.2899,-0.3116,0.3604,0.788,0.3897,35.6448245328,81.9467366758,55.4252243138
-0.4028,-0.041,0.8671,0.2899,-0.3116,0.3604,0.788,0.3897,35.38737744,81.2964753718,56.130829859
-0.402,-0.0411,0.8668,0.2919,-0.3044,0.3665,0.7925,0.3806,35.8554376772,80.703920433,56.2473424226
-0.4036,-0.0421,0.8662,0.2913,-0.295,0.38,0.7772,0.4053,35.9019177228,81.2324163164,55.4390788552
-0.404,-0.0415,0.866,0.2915,-0.2941,0.3853,0.7684,0.4176,36.3684297786,79.2820855934,55.8930288172
-0.404,-0.0415,0.866,0.2915,-0.2941,0.3853,0.7684,0.4176,36.614857014,80.2765156272,55.1929546056
-0.4047,-0.0422,0.8668,0.2879,-0.2967,0.3764,0.7901,0.382,36.2167325888,80.0528805644,55.2277498272
-0.4047,-0.0422,0.8668,0.2879,-0.2967,0.3764,0.7901,0.382,35.0927000676,83.1709699808,54.3708300084
-0.4053,-0.0463,0.8681,0.2825,-0.3124,0.3591,0.7916,0.3829,34.5515694406,83.5436173544,53.8882218142
-0.4054,-0.0462,0.8679,0.2829,-0.3175,0.3593,0.7907,0.3803,35.118258936,82.9509274976,55.0213616512
-0.4046,-0.0454,0.8682,0.2836,-0.3117,0.3605,0.7877,0.3901,35.292802776,82.990483744,54.607876784
-0.4041,-0.046,0.8684,0.2834,-0.3092,0.3612,0.7875,0.3919,35.078709412,82.897980108,55.4224291
-0.4041,-0.046,0.8684,0.2834,-0.3092,0.3612,0.7875,0.3919,35.1527668542,82.999434789,55.1257349844
-0.403,-0.0452,0.8683,0.2854,-0.3023,0.3623,0.7913,0.3885,35.364857655,82.118965029,55.659577254
-0.4033,-0.0456,0.8679,0.2862,-0.3007,0.3604,0.8023,0.3687,35.7018847694,81.2525074242,56.0442745876
-0.4036,-0.0446,0.8674,0.2875,-0.2904,0.3815,0.7672,0.426,35.7924945002,81.6995336964,55.1046190868
-0.4036,-0.0446,0.8674,0.2875,-0.2904,0.3815,0.7672,0.426,36.4472883704,78.8235607052,55.0821991968
-0.4048,-0.0416,0.8662,0.2898,-0.2824,0.3977,0.7407,0.4617,37.000494954,77.3816746648,54.1262015348
-0.405,-0.0409,0.866,0.2901,-0.2697,0.4033,0.7348,0.4739,36.5871986908,77.928663081,53.138310916
-0.405,-0.0409,0.866,0.2901,-0.2697,0.4033,0.7348,0.4739,36.5408294492,77.4658117274,53.2327468424
-0.4042,-0.0415,0.8659,0.2914,-0.2615,0.4076,0.7289,0.4837,36.1278863392,76.8361595964,52.989241141
-0.4039,-0.0409,0.8654,0.2933,-0.2612,0.4085,0.7276,0.4851,36.3143682774,77.0361581332,52.745631644
-0.4052,-0.0428,0.8668,0.2874,-0.2717,0.4052,0.7348,0.4711,36.4004267204,77.6380175962,52.659271378
-0.4052,-0.0428,0.8668,0.2874,-0.2717,0.4052,0.7348,0.4711,36.363853457,78.6968903604,51.2708998178
-0.4055,-0.0434,0.8661,0.2888,-0.2778,0.4002,0.7394,0.4645,36.451874872,78.3719499664,52.1110303928
-0.4038,-0.0425,0.8662,0.2911,-0.2775,0.4003,0.7367,0.4688,36.151272426,78.536968168,52.315008522
-0.4011,-0.0409,0.8665,0.2941,-0.268,0.4054,0.7313,0.4785,36.4703353244,76.9222956144,53.3050295676
-0.3981,-0.0364,0.8657,0.3009,-0.2371,0.4149,0.7177,0.5064,36.3789158628,77.2333472762,52.7432829918
-0.3978,-0.0356,0.8663,0.2996,-0.2397,0.4174,0.715,0.5069,36.5817963518,76.5090368046,52.9487846874
-0.4008,-0.0381,0.8674,0.2924,-0.2736,0.401,0.7397,0.4658,37.1118794184,79.6074055376,51.9406252576
-0.4053,-0.0411,0.8676,0.2849,-0.2943,0.3877,0.7658,0.4201,36.9448153592,78.848494432,53.5441707448
-0.4044,-0.0411,0.8679,0.2854,-0.3181,0.3673,0.7976,0.3572,36.3644186892,80.9899261668,52.972166636
-0.4044,-0.0411,0.8679,0.2854,-0.3181,0.3673,0.7976,0.3572,35.7842396634,82.1812938348,55.6953566718
-0.4021,-0.041,0.8687,0.286,-0.3107,0.3717,0.7834,0.3892,35.8266195406,81.7977933664,55.603099853
-0.4021,-0.0405,0.8688,0.2857,-0.3098,0.3741,0.7822,0.39,36.1963574368,82.2468939772,55.1105539204
-0.4049,-0.0388,0.8674,0.2866,-0.3041,0.3781,0.7805,0.3941,36.3216361558,82.0283122918,55.0708612402
-0.4037,-0.0407,0.8677,0.2869,-0.3067,0.3757,0.7828,0.3896,36.1103977496,82.010920938,55.0529422228
-0.4037,-0.0407,0.8677,0.2869,-0.3067,0.3757,0.7828,0.3896,35.6842306824,82.099791828,54.8522362272
-0.4032,-0.0391,0.8672,0.2892,-0.2963,0.3692,0.7878,0.3939,35.7956070868,81.1759180864,55.8969803936
-0.4039,-0.0399,0.8669,0.2891,-0.2966,0.3598,0.7996,0.3781,35.8468098788,81.84280244,55.2844910452
-0.4039,-0.0399,0.8669,0.2891,-0.2966,0.3598,0.7996,0.3781,35.4171904136,81.0261758796,56.098092062
-0.4035,-0.0419,0.8676,0.2876,-0.2716,0.3692,0.7901,0.4069,35.7388251424,80.9911619132,54.8001814356
-0.4055,-0.042,0.8672,0.2855,-0.2761,0.3706,0.7907,0.4013,35.6370685732,80.9835358096,54.8826746198
-0.4055,-0.042,0.8672,0.2855,-0.2761,0.3706,0.7907,0.4013,36.0641035032,80.647499448,54.0853537852
-0.4044,-0.0408,0.8664,0.2899,-0.2746,0.3782,0.782,0.4122,36.2234534428,80.04111448,55.3399736416
-0.4025,-0.0402,0.8673,0.2897,-0.2886,0.3795,0.7883,0.3888,36.2622197238,80.1931046104,54.6950512418
-0.4029,-0.0396,0.8672,0.2897,-0.3034,0.3778,0.791,0.3732,36.4791317842,81.1857460188,54.7055138006
-0.4046,-0.0418,0.8671,0.2872,-0.3135,0.3717,0.7855,0.3825,35.8730267354,82.9589308248,52.9132679284
-0.4046,-0.0418,0.8671,0.2872,-0.3135,0.3717,0.7855,0.3825,36.1017144896,82.2188912676,54.2438541022
-0.4035,-0.0422,0.867,0.2891,-0.3128,0.3666,0.7837,0.3917,35.9727342896,82.263866091,53.9080847644
-0.4025,-0.0413,0.8676,0.2889,-0.3092,0.3668,0.7815,0.3988,36.4203518694,81.6626191402,55.0811745854
-0.4025,-0.0413,0.8676,0.2889,-0.3092,0.3668,0.7815,0.3988,36.3011408816,81.8989381924,54.6440179188
-0.4031,-0.0415,0.8677,0.2877,-0.3084,0.3685,0.7814,0.3978,36.4007221432,81.8988910716,54.5037197716
-0.4036,-0.0401,0.8669,0.2894,-0.3044,0.3691,0.7865,0.3903,36.2331490058,81.307715135,55.0498511776
-0.4033,-0.0383,0.8666,0.291,-0.2983,0.3655,0.7957,0.3798,36.383416872,81.7014312548,54.5752740444
-0.4033,-0.0383,0.8666,0.291,-0.2983,0.3655,0.7957,0.3798,36.592528194,80.7086857374,55.7661224322
-0.4034,-0.0376,0.867,0.2899,-0.2742,0.3756,0.7842,0.4107,37.2725736526,79.062397684,54.6882033
-0.4045,-0.0341,0.8649,0.2951,-0.2681,0.398,0.7425,0.4672,37.1373496956,79.2767930398,53.7714217858
-0.4042,-0.0337,0.8649,0.2952,-0.26,0.4035,0.737,0.4757,37.6465782634,76.483386891,54.1409642886
-0.4024,-0.0368,0.8662,0.2935,-0.2423,0.4105,0.7275,0.4932,36.6712568334,76.5138646378,53.2480817578
-0.4024,-0.0368,0.8662,0.2935,-0.2423,0.4105,0.7275,0.4932,36.8601457134,76.513019636,52.8267869238
-0.3995,-0.0348,0.8689,0.2899,-0.2483,0.3919,0.7438,0.481,36.917572136,78.3550819456,52.6529978408
-0.4004,-0.0352,0.8699,0.2855,-0.2762,0.3865,0.7728,0.4206,37.750580104,80.0085025296,52.8462813328
-0.4005,-0.0336,0.8697,0.2862,-0.3112,0.3768,0.7977,0.3532,37.5187339498,79.2202446056,54.401924441
-0.3988,-0.0328,0.8699,0.288,-0.3167,0.3776,0.7976,0.3477,37.7400375952,79.9926999464,54.201591002
-0.3961,-0.0316,0.8707,0.2897,-0.3111,0.3845,0.7883,0.3659,38.048254773,79.6208141724,55.1159506242
-0.3961,-0.0316,0.8707,0.2897,-0.3111,0.3845,0.7883,0.3659,37.9453285048,79.7593049692,54.4700195392
-0.3968,-0.0313,0.8706,0.2888,-0.3016,0.3851,0.7881,0.3735,37.9509877052,79.6331095018,54.7335392558
-0.3972,-0.0312,0.8702,0.2896,-0.2922,0.3704,0.7962,0.3785,37.394779869,79.0578364056,55.0380364578
-0.3972,-0.0312,0.8702,0.2896,-0.2922,0.3704,0.7962,0.3785,37.8651665754,79.504985446,54.6397455322
-0.3981,-0.0297,0.8693,0.2912,-0.2685,0.3843,0.7709,0.431,37.871412893,77.4316788516,55.6615354278
-0.4015,-0.0295,0.8687,0.2884,-0.2716,0.3871,0.7691,0.4298,38.6610998544,78.9023797752,53.1137598892
-0.4015,-0.0295,0.8687,0.2884,-0.2716,0.3871,0.7691,0.4298,37.9335525246,78.6179433562,53.6360487396
-0.4033,-0.0302,0.8679,0.2882,-0.2791,0.3928,0.7657,0.4259,38.033417145,78.6049476558,53.1331989076
-0.4047,-0.0299,0.8661,0.2916,-0.2964,0.3946,0.763,0.4171,38.6368016404,78.587806899,54.1603204558
-0.4019,-0.0294,0.8672,0.2922,-0.2992,0.4015,0.7653,0.4042,38.3218741746,78.5368440404,54.0403017854
-0.4019,-0.0294,0.8672,0.2922,-0.2992,0.4015,0.7653,0.4042,38.8456404432,78.560339414,54.6079426912
-0.4011,-0.0281,0.866,0.297,-0.3153,0.3979,0.7757,0.3746,38.9068219664,78.6169164684,54.7497371896
-0.4002,-0.0257,0.8657,0.2992,-0.3179,0.3958,0.7766,0.3728,38.800405696,78.6540043356,54.6427172552
-0.401,-0.025,0.8653,0.2994,-0.3158,0.3953,0.777,0.3744,39.188648308,78.1250467116,54.6882084672
-0.401,-0.025,0.8653,0.2994,-0.3158,0.3953,0.777,0.3744,39.079624201,77.5723941524,55.2462557384
-0.4024,-0.0245,0.8645,0.2999,-0.3056,0.3906,0.775,0.3914,39.1577167712,77.9950506808,54.5617159156
-0.4036,-0.0241,0.8646,0.2979,-0.2855,0.4076,0.7371,0.457,39.0678531516,76.2520590814,54.3101559578
-0.4036,-0.0241,0.8646,0.2979,-0.2855,0.4076,0.7371,0.457,39.313233089,75.127403374,53.572117178
-0.4041,-0.0221,0.8635,0.3007,-0.2677,0.4222,0.7222,0.4779,39.0371340924,75.4045882068,52.9521157896
-0.4026,-0.0231,0.8642,0.3007,-0.2597,0.4265,0.7197,0.4821,38.797376345,74.978343785,53.315200038
-0.4026,-0.0231,0.8642,0.3007,-0.2597,0.4265,0.7197,0.4821,38.814897318,75.4050156538,52.6282745406
-0.4027,-0.0239,0.8647,0.2991,-0.2689,0.4262,0.7228,0.4726,38.9423792206,75.2714636634,52.850590574
-0.403,-0.0244,0.8646,0.2989,-0.2725,0.4261,0.7228,0.4707,39.114317385,75.3791864678,52.3901201412
-0.4031,-0.0256,0.8648,0.298,-0.2733,0.423,0.7245,0.4705,38.6118350872,76.1198885824,52.236844116
-0.4047,-0.0297,0.8655,0.2933,-0.2828,0.4156,0.7329,0.4581,38.7381440544,75.891172038,52.5882187536
-0.4073,-0.0322,0.8659,0.2883,-0.2947,0.4104,0.7416,0.4411,38.5133229136,77.5000541156,51.1080021624
-0.4073,-0.0322,0.8659,0.2883,-0.2947,0.4104,0.7416,0.4411,38.8854130682,77.6748710078,51.3026034262
-0.4074,-0.0324,0.8656,0.289,-0.301,0.408,0.7449,0.4334,38.903248521,77.5275745334,51.7406093012
-0.4076,-0.0339,0.8665,0.2857,-0.3033,0.4047,0.749,0.4278,38.802026933,78.314656379,51.9010952
-0.4076,-0.0339,0.8665,0.2857,-0.3033,0.4047,0.749,0.4278,38.637723609,77.667460395,51.459134403
-0.4066,-0.033,0.8665,0.2874,-0.2955,0.409,0.7442,0.4375,38.8254132304,77.6570576792,51.752112528
-0.4039,-0.0299,0.8653,0.2951,-0.2712,0.4227,0.7259,0.4698,38.6556485552,75.5377795624,53.4595075812
-0.4039,-0.0299,0.8653,0.2951,-0.2712,0.4227,0.7259,0.4698,38.3484255768,75.2680061944,53.1667497488
-0.4036,-0.0284,0.8651,0.2962,-0.2448,0.4268,0.7185,0.4914,38.1940007776,75.4128588232,52.580993143
-0.4047,-0.0286,0.8657,0.2928,-0.2475,0.4266,0.7196,0.4887,38.1951815306,75.6231231402,51.766201912
-0.4049,-0.0277,0.8652,0.2943,-0.2503,0.4278,0.7206,0.4847,38.5171909416,75.5146839236,52.2817558228
-0.4042,-0.028,0.8663,0.2918,-0.2768,0.4172,0.7352,0.4567,38.6449781862,75.6415403396,52.3607158578
-0.4042,-0.028,0.8663,0.2918,-0.2768,0.4172,0.7352,0.4567,39.365498902,77.183164255,51.4258708296
-0.4052,-0.028,0.8672,0.2879,-0.2958,0.4125,0.7473,0.4287,39.8529926548,77.9228535006,51.3739139706
-0.406,-0.0278,0.8672,0.2868,-0.3074,0.4099,0.7601,0.3994,39.711861435,77.5157927666,52.5282776888
-0.4037,-0.0281,0.8679,0.2879,-0.321,0.4042,0.7728,0.3691,39.694896125,78.6518524382,52.9091673976
-0.4037,-0.0281,0.8679,0.2879,-0.321,0.4042,0.7728,0.3691,39.6521264772,79.6589846616,53.0908651188
-0.4036,-0.0279,0.8685,0.2861,-0.3383,0.3877,0.7807,0.3543,39.606571661,79.459768068,53.231941645
-0.4028,-0.0252,0.8677,0.2899,-0.3251,0.3883,0.7816,0.3639,39.4004622214,78.7393301928,53.8837741702
-0.4028,-0.0252,0.8677,0.2899,-0.3251,0.3883,0.7816,0.3639,39.4827156362,77.1067488414,55.077835018
-0.4033,-0.0255,0.8676,0.2896,-0.2977,0.3979,0.7658,0.4079,39.5365565424,77.6331439776,53.78325608
-0.4049,-0.0216,0.866,0.2924,-0.2781,0.4166,0.7336,0.4591,40.0227331008,75.4241788768,53.5040014176
-0.4049,-0.0203,0.8655,0.294,-0.2637,0.4232,0.7268,0.4722,39.5331434622,74.4219615558,53.3155885086
-0.4033,-0.0192,0.865,0.2977,-0.248,0.4309,0.718,0.487,39.5468979436,74.7793635786,52.5937109848
-0.4033,-0.0192,0.865,0.2977,-0.248,0.4309,0.718,0.487,39.3279093152,74.5690646894,52.9580161384
-0.4039,-0.0192,0.8656,0.2952,-0.252,0.4318,0.7192,0.4822,39.7365226538,74.9219573216,52.1250717164
-0.4049,-0.0196,0.8656,0.2939,-0.2603,0.428,0.7254,0.472,39.5872025124,74.8910677868,52.471037996
-0.4049,-0.0196,0.8656,0.2939,-0.2603,0.428,0.7254,0.472,39.5239767258,75.7558019406,52.062584418
-0.4064,-0.0225,0.8666,0.2882,-0.2809,0.4155,0.742,0.4447,39.8955823706,77.5689488482,51.1443295908
-0.4074,-0.0236,0.8673,0.285,-0.2904,0.4121,0.7517,0.425,39.8458335456,77.0507910192,52.343847888
-0.4079,-0.0254,0.8678,0.2823,-0.3059,0.4079,0.7654,0.3924,40.0523020672,79.0586879696,50.9347735808
-0.4067,-0.0252,0.8679,0.2839,-0.3111,0.4063,0.7662,0.3885,40.011073219,78.4865425574,52.5109775734
-0.4067,-0.0252,0.8679,0.2839,-0.3111,0.4063,0.7662,0.3885,40.0117713832,78.5734937432,51.9235756668
-0.4036,-0.0216,0.8674,0.2899,-0.2994,0.4122,0.7488,0.4238,40.0120595244,76.3855413756,53.1539536104
-0.401,-0.0165,0.8672,0.2944,-0.2621,0.4273,0.7268,0.4694,39.8781953888,74.5129050528,54.0445562528
-0.4008,-0.0177,0.8681,0.2919,-0.2617,0.431,0.7286,0.4633,39.5568134042,75.1022982956,52.3871858558
-0.4008,-0.0177,0.8681,0.2919,-0.2617,0.431,0.7286,0.4633,39.7571443018,75.1663193804,52.0224000692
-0.4013,-0.021,0.8682,0.291,-0.2893,0.4227,0.7445,0.4279,39.9699351716,76.3113676508,51.4355423296
-0.4033,-0.026,0.8691,0.285,-0.3067,0.4138,0.7601,0.3959,40.3603386664,76.0170076876,52.4394032208
-0.4033,-0.026,0.8691,0.285,-0.3067,0.4138,0.7601,0.3959,40.1040217356,79.2019296964,51.1252824868
-0.4035,-0.0256,0.8688,0.2856,-0.3171,0.4,0.771,0.3805,39.9379069576,77.86337469,53.1798018288
-0.4022,-0.023,0.8684,0.289,-0.2968,0.4078,0.7489,0.4298,40.08125408,78.017317204,53.079632332
-0.4004,-0.0169,0.867,0.296,-0.2589,0.4262,0.7172,0.4865,40.228629984,75.7983246472,54.2000093336
-0.4004,-0.0169,0.867,0.296,-0.2589,0.4262,0.7172,0.4865,40.2245995514,73.6503020284,54.2899121202
-0.3982,-0.012,0.8659,0.3023,-0.2466,0.437,0.7084,0.4962,39.9037225076,74.2021108268,53.065686408
-0.3984,-0.0119,0.8662,0.3011,-0.2491,0.4354,0.7108,0.4929,40.3178261796,73.0122593076,53.9087562904
-0.3996,-0.0137,0.8672,0.2965,-0.2607,0.4296,0.7187,0.4804,40.342048967,74.8642302558,51.8315060146
-0.4003,-0.0147,0.8676,0.2946,-0.27,0.4252,0.7263,0.4674,40.335930551,74.4974076662,53.0139054884
-0.4026,-0.0181,0.8684,0.2887,-0.2884,0.415,0.7521,0.4227,40.388724462,77.0454662764,52.2278512648
-0.4016,-0.0194,0.8688,0.2885,-0.3165,0.3973,0.7765,0.3726,39.8296977132,77.9335818646,53.513514189
-0.4016,-0.0194,0.8688,0.2885,-0.3165,0.3973,0.7765,0.3726,40.2122383522,77.4699260868,54.4286989718
-0.3999,-0.0183,0.8687,0.2915,-0.3153,0.3972,0.7704,0.3862,39.96624026,78.372134308,55.1617071238
-0.3987,-0.0163,0.869,0.2925,-0.3035,0.4006,0.7673,0.3981,40.1126632716,77.9323497476,55.2730493586
-0.3987,-0.0155,0.8685,0.2939,-0.2973,0.4028,0.765,0.4049,39.9425748698,78.0324763302,55.2488574356
-0.3987,-0.0155,0.8685,0.2939,-0.2973,0.4028,0.765,0.4049,39.9738005966,78.103455289,55.3016484428
-0.3988,-0.0155,0.8687,0.2933,-0.2972,0.3966,0.7647,0.4116,40.0292942152,78.139887572,55.2116226768
-0.3986,-0.015,0.8684,0.2943,-0.2947,0.3952,0.7651,0.414,40.0196083664,78.148923092,55.2802038984
-0.3986,-0.015,0.8684,0.2943,-0.2947,0.3952,0.7651,0.414,39.623148656,77.854628032,56.046826264
-0.3992,-0.0147,0.8681,0.2943,-0.2831,0.3906,0.7712,0.4152,39.5678620594,77.4660986588,56.5437533454
-0.4,-0.0155,0.8682,0.2927,-0.2899,0.3844,0.7844,0.3908,39.5500844608,77.9458325368,55.6299801304
-0.4013,-0.014,0.8676,0.2931,-0.2661,0.3985,0.7648,0.4305,40.0404811072,77.0109828888,54.8736309112
-0.4013,-0.014,0.8676,0.2931,-0.2661,0.3985,0.7648,0.4305,40.385737487,76.100546368,54.436669992
-0.4008,-0.0145,0.8682,0.292,-0.2638,0.4056,0.7622,0.4299,40.1837429984,76.1951907668,54.275800646
-0.4003,-0.0166,0.8694,0.289,-0.2953,0.3965,0.781,0.3814,40.1130375212,77.4323799624,54.306732218
-0.4009,-0.0176,0.8697,0.2872,-0.2963,0.3966,0.7745,0.3934,39.5681208676,79.525841882,53.7358943172
-0.4004,-0.0181,0.8698,0.2875,-0.3036,0.3916,0.7756,0.3906,39.6781522202,78.7792841452,55.0115883166
-0.4002,-0.0185,0.8696,0.2884,-0.3072,0.3901,0.7744,0.3918,39.2968108292,79.1485658672,54.3304061208
-0.3995,-0.0192,0.8699,0.2882,-0.3018,0.3927,0.7708,0.4005,39.365244505,78.88411934,55.24859516
-0.3995,-0.0192,0.8699,0.2882,-0.3018,0.3927,0.7708,0.4005,39.5406018544,78.8856769942,55.1502387476
-0.3999,-0.0179,0.8694,0.2894,-0.2999,0.3936,0.7711,0.4004,39.6806116618,78.5694142976,55.3414843908
-0.4,-0.0167,0.8692,0.2901,-0.2949,0.3845,0.7833,0.3893,39.748768568,78.237420895,55.441691401
-0.4,-0.0167,0.8692,0.2901,-0.2949,0.3845,0.7833,0.3893,39.6955826736,78.669322242,54.7841681748
-0.4009,-0.0166,0.8688,0.2898,-0.2681,0.3846,0.783,0.4086,39.4613984844,77.488110368,55.9954833652
-0.4016,-0.0156,0.8691,0.2881,-0.2539,0.3897,0.7719,0.4333,39.767784789,77.562894987,54.6900114716
-0.4016,-0.0156,0.8691,0.2881,-0.2539,0.3897,0.7719,0.4333,39.4280482438,77.600744119,54.4729484882
-0.4013,-0.0154,0.869,0.2888,-0.2533,0.3945,0.7688,0.4347,39.5205835944,77.2470641268,54.4660641788
-0.3998,-0.017,0.8702,0.2872,-0.2756,0.3919,0.7845,0.3935,39.218927476,79.4619708052,54.3399391908
-0.4015,-0.019,0.8707,0.2831,-0.3033,0.3847,0.7809,0.3873,39.2031784488,78.8336255072,55.1973853592
-0.4022,-0.0203,0.8708,0.2817,-0.3081,0.3858,0.7799,0.3844,38.9987805536,80.5012619552,53.1352026032
-0.4022,-0.0203,0.8708,0.2817,-0.3081,0.3858,0.7799,0.3844,38.9728229884,79.9477707462,54.0968456742
-0.4008,-0.0208,0.8713,0.2822,-0.3043,0.3886,0.7786,0.3872,39.1907636758,79.9079902874,54.4670948338
-0.4015,-0.0197,0.8709,0.2825,-0.3038,0.3888,0.7794,0.3857,39.3450755898,79.6627521644,54.8702645364
-0.4015,-0.0187,0.8707,0.2833,-0.297,0.3868,0.7863,0.379,39.512999846,79.2329032384,54.6779899772
-0.4015,-0.0187,0.8707,0.2833,-0.297,0.3868,0.7863,0.379,39.3694052516,79.4893752548,54.1638765844
-0.402,-0.0186,0.87,0.2847,-0.2996,0.3751,0.8,0.3597,39.5975022398,78.4765369258,54.9687502426
-0.4025,-0.0196,0.8701,0.2836,-0.2684,0.393,0.7695,0.4258,39.834204092,77.338508139,54.3232402762
-0.4025,-0.0196,0.8701,0.2836,-0.2684,0.393,0.7695,0.4258,39.6663623944,77.5569256432,53.6241207708
-0.4028,-0.0197,0.8697,0.2844,-0.2649,0.396,0.76,0.4419,39.5311238422,76.3272458398,53.3881181996
-0.403,-0.0201,0.869,0.2864,-0.2519,0.4067,0.7418,0.4698,39.1437647634,75.8111296238,53.0156412754
-0.403,-0.0201,0.869,0.2864,-0.2519,0.4067,0.7418,0.4698,39.1739284136,75.9168555324,52.6424443032
-0.4021,-0.0211,0.869,0.2872,-0.242,0.4131,0.733,0.4829,38.8141719964,75.1386820516,52.8287714064
-0.4022,-0.0209,0.8691,0.2869,-0.2389,0.4141,0.7318,0.4854,39.1176494386,75.6819797588,52.605348141
-0.4033,-0.0231,0.8704,0.2813,-0.2576,0.4057,0.7451,0.4624,39.0602349738,75.6795549258,52.7407087264
-0.403,-0.023,0.8702,0.2823,-0.2681,0.4055,0.7504,0.4476,39.2636582002,77.0857067476,51.409298896
-0.4028,-0.0234,0.8705,0.2815,-0.2759,0.4011,0.7558,0.4376,39.6716186932,76.8678456568,52.3580401176
-0.4028,-0.0234,0.8705,0.2815,-0.2759,0.4011,0.7558,0.4376,39.6676246184,76.7136371572,52.7285946108
-0.4031,-0.0242,0.8709,0.2799,-0.2819,0.3971,0.7655,0.4204,39.7922288096,77.8872913096,52.673828962
-0.4025,-0.0244,0.871,0.2802,-0.2835,0.3952,0.7647,0.4225,39.589890174,77.6606380668,52.94691396
-0.4025,-0.0244,0.871,0.2802,-0.2835,0.3952,0.7647,0.4225,39.6874830384,77.60237322,53.0814346212
-0.4001,-0.0211,0.8695,0.2888,-0.2655,0.4065,0.7402,0.465,39.3881185224,75.4381578728,53.8378350236
-0.3991,-0.0195,0.8693,0.2906,-0.2487,0.41,0.7319,0.484,39.464721943,74.2897056688,54.5591983356
-0.3972,-0.0175,0.8693,0.2934,-0.2266,0.4218,0.7199,0.5023,39.238480903,74.8313287898,52.9706834384
-0.4013,-0.0212,0.8701,0.2853,-0.2722,0.404,0.7503,0.4467,39.615712529,74.9811344942,52.5284419708
-0.402,-0.0221,0.8704,0.283,-0.2784,0.4014,0.7559,0.4356,40.125010732,77.071797484,51.38748524
-0.402,-0.0221,0.8704,0.283,-0.2784,0.4014,0.7559,0.4356,39.9827140498,76.510548977,52.6575499662
-0.4008,-0.0239,0.8713,0.2818,-0.2869,0.3975,0.7687,0.4106,39.7064634598,77.5956110926,52.6347811882
-0.3999,-0.0248,0.8719,0.2811,-0.311,0.3848,0.788,0.3662,39.6188184932,78.460554374,54.5415772164
-0.3999,-0.0248,0.8719,0.2811,-0.311,0.3848,0.788,0.3662,39.6729607656,78.0903638388,54.824354798
-0.4004,-0.0242,0.8713,0.2822,-0.3151,0.3861,0.7856,0.3665,39.8050795248,78.6026965604,54.662309229
-0.3991,-0.0255,0.872,0.2821,-0.3094,0.3878,0.7828,0.3753,39.4228882336,78.7772464768,54.7620343692
-0.3991,-0.0255,0.872,0.2821,-0.3094,0.3878,0.7828,0.3753,39.5295747528,78.7408725872,54.705423032
-0.3994,-0.0255,0.8718,0.2824,-0.3085,0.3864,0.783,0.3772,39.343813379,78.8603173318,54.4346368328
-0.3995,-0.0254,0.8718,0.2819,-0.307,0.3804,0.7868,0.3765,39.2116071688,78.3349618552,54.9853949384
-0.4003,-0.0244,0.8709,0.2839,-0.2814,0.3754,0.7835,0.4071,39.401514193,78.793888282,54.498505577
-0.4,-0.0234,0.8705,0.2855,-0.2638,0.391,0.7567,0.4525,39.1454164806,76.8926069996,55.2552349754
-0.4002,-0.0231,0.8705,0.2853,-0.263,0.3951,0.7549,0.4524,39.6471300324,76.3659642492,53.8987727504
-0.4002,-0.0231,0.8705,0.2853,-0.263,0.3951,0.7549,0.4524,39.3766389272,76.51763458,53.5461517114
-0.3994,-0.0245,0.8717,0.2826,-0.2696,0.3963,0.7718,0.4176,39.4932944226,77.687580527,53.3902356482
-0.3996,-0.028,0.8728,0.2787,-0.307,0.3828,0.7865,0.3749,38.8379839136,80.5342858882,52.7918235028
-0.3996,-0.028,0.8728,0.2787,-0.307,0.3828,0.7865,0.3749,39.1126722164,79.7101904144,54.2249164062
-0.3995,-0.0284,0.8729,0.2785,-0.3165,0.3787,0.7874,0.3692,38.9133662696,80.307474553,52.9953940316
-0.3991,-0.0281,0.8728,0.2792,-0.3139,0.3824,0.7857,0.3712,39.380367136,79.7342159808,54.401809408
-0.3991,-0.0281,0.8728,0.2792,-0.3139,0.3824,0.7857,0.3712,39.2407203536,79.9130278096,53.9088109328
-0.3996,-0.0277,0.8727,0.279,-0.3135,0.3832,0.7863,0.3695,39.408626494,79.9146033246,53.765964723
-0.4,-0.0278,0.8726,0.2785,-0.3135,0.3819,0.7875,0.3681,39.2800236736,79.9499581752,53.6436425848
-0.4018,-0.0277,0.8721,0.2778,-0.3096,0.3735,0.794,0.366,39.2345445048,80.0820732108,53.429705064
-0.402,-0.0283,0.8722,0.277,-0.3029,0.3609,0.8043,0.3619,38.8554715272,79.9382503716,54.0101519712
-0.402,-0.0283,0.8722,0.277,-0.3029,0.3609,0.8043,0.3619,38.7244889626,79.5380196174,54.1414322616
-0.4028,-0.0276,0.8716,0.2778,-0.2912,0.3697,0.797,0.3783,38.8205794152,79.7146624746,53.794797849
-0.4029,-0.0279,0.8719,0.2766,-0.2984,0.3703,0.7998,0.3662,39.1913770256,79.7425562542,53.4360068478
-0.4029,-0.0279,0.8719,0.2766,-0.2984,0.3703,0.7998,0.3662,38.9591573592,81.0694394256,52.6649474928
-0.4041,-0.0295,0.8721,0.2741,-0.3117,0.3736,0.7955,0.3609,38.8495783516,80.5611295652,53.4316609588
-0.4053,-0.031,0.8717,0.2736,-0.3234,0.3718,0.7924,0.3593,38.683549238,81.540731622,52.087262953
-0.4053,-0.031,0.8717,0.2736,-0.3234,0.3718,0.7924,0.3593,38.6986422564,81.0080550808,52.925932776
-0.4038,-0.0323,0.8713,0.2767,-0.325,0.3753,0.7894,0.3608,38.8115109668,80.9391177196,53.0144817628
-0.4041,-0.0323,0.8715,0.2756,-0.3244,0.3757,0.7879,0.3643,38.7132874556,80.8865080508,53.2904968436
-0.4045,-0.0316,0.8713,0.2758,-0.3233,0.3751,0.7877,0.3662,38.7064007808,80.9644017456,53.1208985568
-0.4045,-0.0316,0.8713,0.2758,-0.3233,0.3751,0.7877,0.3662,38.6000660284,81.0872289512,53.1368919354
-0.4041,-0.0308,0.871,0.2772,-0.3169,0.3698,0.7911,0.3696,38.5015331082,80.5349930016,53.8662247902
-0.4047,-0.0296,0.8708,0.2771,-0.3105,0.359,0.8051,0.3555,38.8385031098,80.2142816266,54.1100871414
-0.4052,-0.028,0.8709,0.2766,-0.2844,0.3696,0.7918,0.3943,38.599092272,80.504308108,53.349150005
-0.4052,-0.028,0.8709,0.2766,-0.2844,0.3696,0.7918,0.3943,39.244664692,78.4626549072,53.2039394574
-0.4042,-0.0241,0.8707,0.2786,-0.2703,0.3923,0.7644,0.4343,39.627292604,76.81359146,52.865416678
-0.4012,-0.0202,0.8711,0.2822,-0.2468,0.4112,0.7465,0.461,39.32619337,77.176511464,51.755239556
-0.4006,-0.0191,0.8714,0.2823,-0.2382,0.4147,0.7437,0.467,39.3792264692,75.278033331,52.6249317366
-0.4006,-0.0197,0.8721,0.28,-0.2421,0.4129,0.7479,0.4598,39.27146526,75.8097774016,52.1940180708
-0.4006,-0.0197,0.8721,0.28,-0.2421,0.4129,0.7479,0.4598,39.2646783394,75.7671542368,52.3280828596
-0.4007,-0.0207,0.8724,0.2788,-0.2576,0.4071,0.7562,0.4426,39.3466089884,76.446281748,51.7495747016
-0.4007,-0.0207,0.8724,0.2788,-0.2576,0.4071,0.7562,0.4426,39.8411285218,76.8635594748,52.073442351
-0.4008,-0.0216,0.8732,0.276,-0.2722,0.401,0.7678,0.4188,39.7040200382,76.6942344024,52.469023447
-0.4011,-0.0227,0.8733,0.2753,-0.2802,0.3981,0.7753,0.4021,39.9426800234,77.9590854388,51.6600174786
-0.4003,-0.0234,0.8739,0.2745,-0.2827,0.3976,0.7775,0.3966,39.7825013646,78.1389757622,52.322861708
-0.4003,-0.0234,0.8739,0.2745,-0.2827,0.3976,0.7775,0.3966,39.9006475102,77.877385647,52.8149950534
-0.3999,-0.0236,0.8742,0.2741,-0.2817,0.3978,0.7775,0.397,39.816464345,77.321353635,52.880869742
-0.3954,-0.0204,0.8744,0.2802,-0.2645,0.406,0.756,0.4399,39.5724600294,73.936767335,54.420186516
-0.3922,-0.0162,0.8735,0.2876,-0.2376,0.4166,0.7385,0.4738,40.0466388052,74.6843861144,53.0085733036
-0.3932,-0.015,0.8729,0.288,-0.2196,0.4267,0.7298,0.4868,39.9005874904,73.3782113236,54.5599434396
-0.3925,-0.0155,0.8738,0.2865,-0.221,0.4283,0.7304,0.4837,39.6717654332,73.299499361,53.1924434402
-0.3925,-0.0155,0.8738,0.2865,-0.221,0.4283,0.7304,0.4837,40.0090673748,74.8041125228,51.8260252456
-0.3951,-0.0169,0.8736,0.2832,-0.242,0.4189,0.7434,0.4616,40.0409353978,74.453507151,52.740104492
-0.3951,-0.0191,0.8746,0.2802,-0.2644,0.4069,0.7581,0.4354,40.157200818,75.510674114,52.120853768
-0.3954,-0.0199,0.875,0.2786,-0.2694,0.4029,0.7625,0.4284,40.1490233056,76.1741958978,52.9238534958
-0.3953,-0.0197,0.8749,0.2788,-0.2723,0.3995,0.7666,0.4224,40.1669791232,75.842063678,53.5293469736
-0.3944,-0.0191,0.875,0.2798,-0.272,0.3986,0.7664,0.4237,39.9031039398,75.595639345,54.0162192404
-0.3925,-0.0186,0.8753,0.2818,-0.2668,0.3994,0.7619,0.4343,39.8940886802,74.8353496524,54.4221364086
-0.3911,-0.0164,0.8735,0.2891,-0.246,0.4104,0.7389,0.4742,39.9227825834,75.299722936,53.5575669582
-0.3911,-0.0164,0.8735,0.2891,-0.246,0.4104,0.7389,0.4742,39.661273471,72.88646888,54.739164501
-0.3913,-0.0153,0.8729,0.2908,-0.2191,0.4262,0.7244,0.4954,39.5538455264,73.3512905088,52.7955028
-0.3916,-0.0161,0.8724,0.2919,-0.2286,0.4254,0.7267,0.4884,39.7674177456,73.3718430888,52.9737454434
-0.3933,-0.0183,0.8728,0.2881,-0.2481,0.4202,0.7356,0.4697,40.1542750272,74.214355608,52.7739701604
-0.3933,-0.0183,0.8728,0.2881,-0.2481,0.4202,0.7356,0.4697,40.3271923554,76.616200023,51.2336490228
-0.3984,-0.0227,0.8729,0.2802,-0.2776,0.4036,0.7568,0.4326,40.0387650164,75.8590935254,52.6662714312
-0.3986,-0.0246,0.8728,0.2803,-0.2897,0.4022,0.759,0.4219,39.9982476492,76.6142603796,51.5436493026
-0.3981,-0.0245,0.8724,0.2822,-0.2935,0.4024,0.76,0.4173,40.2208900328,76.4520842902,53.5463065438
-0.3983,-0.0261,0.8733,0.2791,-0.2971,0.4025,0.7681,0.3996,40.1300119964,76.3936271656,53.3227397256
-0.3983,-0.0261,0.8733,0.2791,-0.2971,0.4025,0.7681,0.3996,40.3093956968,77.8434378472,53.1085950276
-0.3981,-0.0265,0.8733,0.2793,-0.326,0.3883,0.7897,0.345,39.5442688076,78.5979911702,54.1325585138
-0.3952,-0.0267,0.8735,0.2827,-0.3209,0.3888,0.783,0.3641,39.7872857116,78.3905486818,54.5461548078
-0.3952,-0.0267,0.8735,0.2827,-0.3209,0.3888,0.783,0.3641,39.5885804548,78.4201078766,54.7689606826
-0.3954,-0.0266,0.8734,0.283,-0.3196,0.3923,0.7811,0.3656,39.8524193932,78.7214157728,54.1716209804
-0.3961,-0.0272,0.8734,0.2819,-0.3173,0.3947,0.7804,0.3665,39.7373122052,78.7149828332,54.4158793824
-0.3961,-0.0272,0.8734,0.2819,-0.3173,0.3947,0.7804,0.3665,39.5695043038,78.8906581858,54.0315903756
-0.3956,-0.0284,0.8731,0.2834,-0.3148,0.3904,0.7806,0.3729,39.58212104,78.711390588,54.8006093442
-0.395,-0.0286,0.8732,0.2836,-0.3122,0.384,0.78,0.3828,39.6471391576,78.8621888564,54.479160323
-0.3959,-0.0305,0.8737,0.2808,-0.3056,0.3716,0.7808,0.3984,39.5401322848,79.6251674878,54.2134320134
-0.3961,-0.0308,0.8737,0.2803,-0.3031,0.3698,0.7813,0.4011,39.0733123374,79.7520395006,54.2798712304
-0.3963,-0.0305,0.8737,0.2802,-0.3032,0.3718,0.7824,0.397,39.351446858,79.6000151352,54.606362214
-0.3963,-0.0305,0.8737,0.2802,-0.3032,0.3718,0.7824,0.397,39.4750274214,79.4103607924,54.8004206914
-0.398,-0.0289,0.8726,0.2813,-0.3056,0.3742,0.7893,0.3788,39.235116296,79.204004456,54.560703608
-0.4004,-0.0288,0.8723,0.2788,-0.304,0.3623,0.8053,0.3574,39.23117839,79.699579578,53.897651322
-0.4004,-0.0288,0.8723,0.2788,-0.304,0.3623,0.8053,0.3574,38.875904362,79.1081940756,54.4128627148
-0.4009,-0.0299,0.8726,0.2774,-0.2763,0.3809,0.7803,0.4118,39.353189704,78.0675812704,53.0452421376
-0.4036,-0.0286,0.8716,0.2765,-0.2687,0.3925,0.7628,0.4379,39.0832210442,78.1869242602,52.4800130704
-0.4036,-0.0286,0.8716,0.2765,-0.2687,0.3925,0.7628,0.4379,39.3292372826,77.2996355318,52.3022657614
-0.4037,-0.0279,0.8712,0.2778,-0.2638,0.3959,0.7573,0.4473,38.7953542976,76.8035432236,52.6375951602
-0.4029,-0.0283,0.8717,0.2772,-0.2677,0.398,0.7573,0.4431,38.975562386,77.3467180696,51.7091940456
-0.4044,-0.0303,0.8721,0.2736,-0.2844,0.3887,0.7722,0.4143,39.1400078844,78.6648075924,51.0351383976
-0.4024,-0.0308,0.8727,0.2745,-0.2883,0.388,0.7761,0.4047,38.8794521076,78.8713624572,52.266423564
-0.4031,-0.0304,0.8719,0.276,-0.3084,0.3797,0.7913,0.3667,39.2969957164,79.4563847496,53.703043702
-0.4025,-0.0296,0.8715,0.2784,-0.3182,0.3764,0.7933,0.3572,39.0529313032,79.3050347416,53.836738858
-0.4002,-0.026,0.8704,0.2851,-0.3064,0.3869,0.7837,0.3769,39.3441655484,78.8108801002,54.954276223
-0.3986,-0.0234,0.8704,0.2877,-0.2988,0.3909,0.7748,0.3969,39.64386398,78.338834107,56.025795845
-0.3986,-0.0234,0.8704,0.2877,-0.2988,0.3909,0.7748,0.3969,39.3430547366,78.5858173682,55.4093850934
-0.3977,-0.0213,0.8696,0.2914,-0.2934,0.3913,0.7691,0.4113,39.5606459786,78.383201205,55.709385403
-0.3963,-0.0208,0.8696,0.2936,-0.293,0.389,0.7683,0.4151,39.555007743,77.6037057586,56.1700176922
-0.3963,-0.0208,0.8696,0.2936,-0.293,0.389,0.7683,0.4151,39.646486659,77.900339403,55.989334051
-0.3954,-0.0217,0.8698,0.294,-0.2902,0.3735,0.7644,0.438,39.5937123334,77.6048887606,56.6822433526
-0.3963,-0.0213,0.8695,0.2938,-0.2861,0.371,0.7612,0.4481,39.6733666672,77.9454210184,56.123801112
-0.3958,-0.0211,0.8695,0.2943,-0.2846,0.371,0.7611,0.4492,39.629481605,77.881676511,56.405387042
-0.3956,-0.0211,0.8696,0.2943,-0.2816,0.3748,0.7625,0.4457,39.4538327508,77.556965582,56.8805812168
-0.3958,-0.0211,0.8697,0.2938,-0.2766,0.3837,0.768,0.4315,39.4113195072,77.702653838,56.7104698576
-0.3986,-0.0216,0.8692,0.2916,-0.2727,0.3845,0.7808,0.4097,39.4835826796,77.9620643848,56.269091732
-0.4,-0.0226,0.8692,0.2896,-0.2694,0.3775,0.7932,0.3944,39.0699573432,78.3760619736,56.2371697072
-0.4003,-0.022,0.869,0.2897,-0.2587,0.3859,0.7789,0.4209,39.3390155048,77.24951276,55.8547236488
-0.4006,-0.0211,0.8688,0.2899,-0.2599,0.3922,0.7655,0.4387,39.3247288044,77.4476876288,55.05756689
-0.4013,-0.02,0.8685,0.29,-0.2569,0.397,0.757,0.4508,39.9745457814,76.0569660988,54.7979003224
-0.4009,-0.0205,0.869,0.289,-0.2474,0.4044,0.7482,0.464,39.561940004,75.7143660264,53.8875335638
-0.4009,-0.0205,0.869,0.289,-0.2474,0.4044,0.7482,0.464,39.4206142304,75.7079782156,53.8002615972
-0.4012,-0.0219,0.8693,0.2875,-0.2585,0.4023,0.7538,0.4505,39.3173892156,76.3392162392,53.2128254696
-0.4019,-0.0227,0.8699,0.2847,-0.2658,0.398,0.7689,0.4238,39.5844421164,77.1581307872,53.617842914
-0.4019,-0.0227,0.8699,0.2847,-0.2658,0.398,0.7689,0.4238,39.524123392,76.9227881584,54.3173641136
-0.403,-0.0248,0.8709,0.28,-0.2655,0.3941,0.7799,0.4072,39.0976047408,79.3647754272,53.3841714448
-0.4039,-0.0271,0.8716,0.2761,-0.2869,0.383,0.7954,0.3716,38.5036336956,80.2908081304,54.303773278
-0.4035,-0.0278,0.8722,0.2747,-0.2924,0.3834,0.7855,0.3875,38.6118040104,79.7064487614,55.442535489
-0.4035,-0.0274,0.872,0.2755,-0.29,0.3874,0.7808,0.3949,38.5020123126,80.8754443366,54.7529026162
-0.4024,-0.0274,0.8723,0.2761,-0.2894,0.3895,0.7789,0.397,38.522427751,80.5339192334,54.9731181126
-0.4017,-0.0274,0.8727,0.2758,-0.2933,0.3771,0.7808,0.4024,38.4638762532,80.3554414532,55.0808329288
-0.4017,-0.0272,0.8727,0.276,-0.293,0.3746,0.7801,0.4063,38.5302829096,80.3959914736,55.2078991784
-0.4013,-0.0278,0.8728,0.276,-0.2941,0.3743,0.7802,0.4057,38.5933726516,80.3122313232,54.7763594664
-0.4013,-0.0278,0.8728,0.276,-0.2941,0.3743,0.7802,0.4057,38.6001001072,80.2392914632,55.0403726268
-0.4001,-0.027,0.8728,0.278,-0.2891,0.3726,0.78,0.411,38.459266256,80.0585676312,55.4460874896
-0.3994,-0.0246,0.8723,0.2807,-0.2736,0.3742,0.7822,0.416,38.106636932,79.360422892,57.056432222
-0.3994,-0.0246,0.8723,0.2807,-0.2736,0.3742,0.7822,0.416,38.1951344898,79.7907027056,56.3135844742
-0.4016,-0.0233,0.8715,0.2801,-0.271,0.376,0.7952,0.3907,38.4238578362,79.1295246616,56.9349739198
-0.4017,-0.0236,0.8716,0.2797,-0.2658,0.3737,0.8004,0.3859,38.7900399144,77.9900849528,55.8913919056
-0.4017,-0.0227,0.8712,0.281,-0.2525,0.3922,0.7778,0.421,38.73069786,78.3314744022,55.189675887
-0.4017,-0.0227,0.8712,0.281,-0.2525,0.3922,0.7778,0.421,39.3683342572,77.275705738,55.3438432756
-0.4006,-0.0231,0.8717,0.2808,-0.2537,0.3993,0.7723,0.4237,39.2867698716,77.7507825342,54.330003087
-0.4006,-0.0247,0.8723,0.2789,-0.2569,0.4019,0.7792,0.4064,39.2416105054,77.5271560452,54.569845896
-0.3995,-0.0261,0.8728,0.2788,-0.2889,0.3914,0.7939,0.3646,39.183596542,78.845646016,54.067038172
-0.3995,-0.0261,0.8728,0.2788,-0.2889,0.3914,0.7939,0.3646,38.7743193304,79.5070153628,54.2894054436
-0.3988,-0.0274,0.8738,0.2767,-0.2907,0.3911,0.7873,0.3775,38.9633739104,79.1532170622,54.8667940208
-0.3989,-0.0277,0.8739,0.2764,-0.2891,0.3946,0.7821,0.3858,38.8916689032,79.9980486564,53.9503784526
-0.3987,-0.0287,0.8744,0.2748,-0.2937,0.3884,0.7831,0.3867,39.0156653102,80.146420571,53.8071775136
-0.3987,-0.0287,0.8744,0.2748,-0.2937,0.3884,0.7831,0.3867,39.0794491472,79.821405844,54.3915653408
-0.3987,-0.0296,0.8742,0.2755,-0.3013,0.3705,0.7832,0.398,39.0050699444,80.1476796736,54.0445599516
-0.398,-0.0308,0.8747,0.2745,-0.3009,0.364,0.7817,0.4072,38.9522934426,80.1487713492,54.1934613492
-0.398,-0.0308,0.8747,0.2745,-0.3009,0.364,0.7817,0.4072,39.048765856,80.0730248736,54.2610623372
-0.3977,-0.0299,0.8746,0.2753,-0.2941,0.3643,0.7854,0.4048,38.901167034,79.9384783446,54.5130777582
-0.3991,-0.0269,0.8737,0.2767,-0.2748,0.372,0.791,0.4003,38.6516878464,79.6238654512,55.6292267272
-0.3991,-0.0269,0.8737,0.2767,-0.2748,0.372,0.791,0.4003,38.7299148734,80.1156892716,55.0277452382
-0.3988,-0.0268,0.8737,0.2769,-0.2684,0.3748,0.7943,0.3955,38.381821824,79.4105917056,56.1563584836
-0.3985,-0.0273,0.8739,0.2769,-0.2727,0.3727,0.8063,0.3693,38.9360692528,79.1483330688,55.4420099072
-0.3988,-0.027,0.8737,0.277,-0.2775,0.3759,0.807,0.3608,38.8550533332,79.3463004796,55.0707697072
-0.3984,-0.028,0.874,0.2763,-0.2778,0.3823,0.7951,0.3798,38.8935811532,79.7341332636,54.8297298152
-0.3984,-0.028,0.874,0.2763,-0.2778,0.3823,0.7951,0.3798,38.6529784052,80.1371688772,53.8830827296
-0.3975,-0.0294,0.8747,0.2753,-0.2819,0.384,0.7913,0.3831,38.8069964364,79.8614462404,54.50266308
-0.3979,-0.0303,0.8746,0.2752,-0.2915,0.3756,0.7938,0.3789,38.8781046566,80.3344427718,53.4350877272
-0.3979,-0.0303,0.8746,0.2752,-0.2915,0.3756,0.7938,0.3789,38.7115858796,80.2990178556,53.7412881096
-0.3972,-0.0311,0.8748,0.2753,-0.2951,0.369,0.797,0.376,38.9312826096,80.2360381084,53.9603614292
-0.3973,-0.0301,0.8745,0.276,-0.2921,0.3684,0.7968,0.3795,38.8780558092,80.1410876596,54.1391105496
-0.3973,-0.0301,0.8745,0.276,-0.2921,0.3684,0.7968,0.3795,38.6107702916,80.0319341044,54.974469644
-0.3983,-0.0289,0.874,0.2766,-0.2765,0.3672,0.7964,0.3928,38.6026556768,80.2767708304,54.6700952824
-0.3982,-0.0289,0.874,0.2767,-0.2683,0.3722,0.8012,0.3837,38.251626632,80.012488164,55.8311435616
-0.3983,-0.0286,0.874,0.2768,-0.272,0.3766,0.8016,0.376,38.6808000256,79.697423584,55.4978228208
-0.3981,-0.0289,0.8742,0.2761,-0.2739,0.3773,0.7993,0.379,38.5457191176,79.797757138,55.0729427992
-0.3981,-0.0289,0.8742,0.2761,-0.2739,0.3773,0.7993,0.379,38.633657067,80.600892785,53.807030614
-0.3983,-0.0313,0.8746,0.2742,-0.2885,0.3665,0.8024,0.372,38.3269915828,81.4977045828,52.9078192604
-0.3989,-0.0333,0.8749,0.2724,-0.3038,0.3418,0.8078,0.3717,38.4063707388,80.9779499244,53.8446459756
-0.3974,-0.0349,0.8753,0.273,-0.3051,0.3357,0.8084,0.3748,38.2311788238,81.303501982,52.8774741682
-0.3974,-0.0349,0.8753,0.273,-0.3051,0.3357,0.8084,0.3748,38.1984437422,81.1052383234,53.5920292176
-0.3972,-0.0336,0.875,0.2747,-0.3015,0.3339,0.81,0.3759,38.4063519168,81.1853862608,53.3720738176
-0.3977,-0.0318,0.8746,0.2752,-0.2886,0.3388,0.8107,0.3802,38.4241376916,80.9049715422,54.2053505298
-0.3977,-0.0318,0.8746,0.2752,-0.2886,0.3388,0.8107,0.3802,37.905878652,80.7626980118,55.3051322134
-0.3981,-0.031,0.874,0.2765,-0.2799,0.3453,0.809,0.3843,37.964694064,81.0820475552,54.61098814
-0.399,-0.0305,0.8739,0.2757,-0.2738,0.3624,0.8088,0.3734,38.3032023752,80.0996776896,55.7070961152
-0.399,-0.0305,0.8739,0.2757,-0.2738,0.3624,0.8088,0.3734,38.951336418,78.730056398,55.4287654548
-0.3996,-0.0286,0.8728,0.2786,-0.2534,0.3726,0.7977,0.4005,38.797036342,79.1845122156,54.5861141908
-0.3969,-0.026,0.8716,0.2864,-0.2556,0.3914,0.7586,0.4538,39.36420847,75.723000954,55.283999826
-0.3942,-0.0227,0.8712,0.2915,-0.2412,0.4083,0.734,0.4859,39.766480664,73.6200365424,55.2884473952
-0.3933,-0.0231,0.8717,0.291,-0.2327,0.4138,0.7319,0.4886,39.5225875156,74.2645150756,53.9680464976
-0.3926,-0.0245,0.8723,0.2902,-0.2299,0.414,0.7316,0.4902,39.205937278,73.9652338708,53.6134187048
-0.3928,-0.0245,0.8717,0.2916,-0.2306,0.4158,0.7316,0.4885,39.1421399256,73.8922290528,53.588261958
-0.3919,-0.0253,0.8723,0.2911,-0.2484,0.4134,0.7397,0.4691,39.4684644712,73.9276589976,53.7701465704
-0.3951,-0.0272,0.8727,0.2854,-0.266,0.4019,0.766,0.4251,40.0170549942,74.9264745574,53.5693856832
-0.3951,-0.0272,0.8727,0.2854,-0.266,0.4019,0.766,0.4251,40.2051309666,78.216613022,52.4403244622
-0.3955,-0.0297,0.873,0.2836,-0.2775,0.3995,0.7799,0.3936,39.9854793014,77.2765230268,54.257262078
-0.3935,-0.0297,0.8737,0.2842,-0.3016,0.391,0.7922,0.3585,39.491451951,78.056805723,54.176058653
-0.3935,-0.0297,0.8737,0.2842,-0.3016,0.391,0.7922,0.3585,39.7841155836,78.6946497806,54.324910287
-0.3936,-0.0293,0.8743,0.2822,-0.3132,0.3878,0.7848,0.3681,39.5465986462,78.3485989836,54.5014641154
-0.3943,-0.0288,0.8742,0.2816,-0.3073,0.3949,0.78,0.3756,39.974061151,78.8760142292,53.5508290422
-0.394,-0.0297,0.8747,0.2804,-0.3074,0.3845,0.7811,0.3839,39.578630288,78.8538860648,54.1771938456
-0.3944,-0.0299,0.8746,0.28,-0.3067,0.3828,0.7817,0.3848,39.6235015314,78.7388577472,54.2836609134
-0.3944,-0.0299,0.8746,0.28,-0.3067,0.3828,0.7817,0.3848,39.5183523844,79.0198924098,54.191666454
-0.3948,-0.0297,0.8748,0.2789,-0.3037,0.3861,0.7817,0.384,39.6707325566,78.6002488234,54.4105678542
-0.3942,-0.027,0.8741,0.2823,-0.2866,0.3853,0.7852,0.3908,39.6369996984,78.8628042992,54.1694426
-0.3942,-0.027,0.8741,0.2823,-0.2866,0.3853,0.7852,0.3908,39.0821077712,78.2465876496,55.899463224
-0.3959,-0.027,0.874,0.2802,-0.2763,0.3738,0.8043,0.3699,38.8618659256,78.6211162932,55.5120776104
-0.3974,-0.0284,0.8739,0.2781,-0.2539,0.3871,0.7822,0.4167,38.8064918554,78.7452245792,55.0519808442
-0.3974,-0.0284,0.8739,0.2781,-0.2539,0.3871,0.7822,0.4167,39.2134319334,77.7361485466,54.2151043398
-0.3984,-0.0273,0.8741,0.2761,-0.2499,0.3953,0.7767,0.4216,39.4150122584,77.9673113962,53.4935733984
-0.3984,-0.028,0.8746,0.2747,-0.2536,0.3983,0.7774,0.4154,39.1210833092,77.8545288644,53.674464124
-0.3981,-0.0297,0.875,0.2736,-0.2643,0.4025,0.7847,0.3902,39.2624544488,78.96715355,53.0095031404
-0.3981,-0.0297,0.875,0.2736,-0.2643,0.4025,0.7847,0.3902,39.02511423,81.317007904,52.413309477
-0.3966,-0.0334,0.877,0.2691,-0.3142,0.3837,0.794,0.3515,39.1073475728,80.4584546124,53.7187991712
-0.3965,-0.0335,0.877,0.2691,-0.3134,0.3898,0.7908,0.3526,39.0197901456,80.6828857986,51.9562559812
-0.3961,-0.0327,0.8768,0.2705,-0.3074,0.3867,0.7888,0.3655,39.0524656098,80.113355686,53.8822614436
-0.3967,-0.0323,0.8766,0.2701,-0.3018,0.3846,0.7879,0.3742,39.0689254864,80.2730530176,53.3141422404
-0.3978,-0.0314,0.8763,0.2696,-0.298,0.3821,0.7893,0.377,38.825054852,80.4839963848,54.094610028
-0.3984,-0.0307,0.8759,0.27,-0.2883,0.3792,0.7947,0.3759,38.4215850558,80.2055919662,54.4839294442
-0.398,-0.0314,0.8759,0.2706,-0.2857,0.3702,0.8118,0.3496,38.5333611984,80.627356804,54.1029930416
-0.398,-0.0314,0.8759,0.2706,-0.2857,0.3702,0.8118,0.3496,38.3941069332,79.54888276,55.1908316968
-0.3981,-0.0311,0.8757,0.2712,-0.2754,0.3811,0.8059,0.3596,39.1911356524,79.556236868,53.9922549024
-0.398,-0.0317,0.8762,0.2696,-0.2938,0.3837,0.8047,0.3445,38.8075712032,79.5605779668,53.9637055186
-0.398,-0.0317,0.8762,0.2696,-0.2938,0.3837,0.8047,0.3445,38.5928441488,81.1280499832,52.5840609184
-0.398,-0.0338,0.8768,0.2674,-0.2988,0.3832,0.801,0.3495,38.2707199872,81.5312040512,51.8863758912
-0.3971,-0.0366,0.8774,0.2664,-0.3136,0.3785,0.8002,0.3432,38.6411947842,80.9015157602,52.881145704
-0.397,-0.0372,0.8773,0.2668,-0.3142,0.369,0.802,0.349,38.8690013612,81.0813876524,52.1929233784
-0.397,-0.0372,0.8773,0.2668,-0.3142,0.369,0.802,0.349,38.5937596572,80.8079587074,52.9659824298
-0.3958,-0.0385,0.8775,0.2679,-0.3145,0.3619,0.8024,0.3551,38.76530454,80.929207212,52.615039932
-0.3968,-0.0391,0.8772,0.2672,-0.3162,0.354,0.8034,0.3592,38.61558515,81.230853465,52.456632185
-0.3961,-0.0391,0.8773,0.268,-0.313,0.3549,0.8037,0.3604,38.3938761246,81.0646313926,52.5979819602
-0.3957,-0.0386,0.8773,0.2687,-0.3102,0.3583,0.8038,0.3593,38.6439686068,81.2238563602,52.5874929112
-0.3957,-0.0386,0.8773,0.2687,-0.3102,0.3583,0.8038,0.3593,38.7271847014,80.5719895416,53.2720683026
-0.397,-0.0362,0.8766,0.2694,-0.3016,0.3678,0.8018,0.3615,38.7447793122,80.5497765296,53.387454921
-0.3979,-0.0338,0.876,0.2703,-0.2849,0.3724,0.8059,0.3613,38.74583957,80.933459094,53.0355724714
-0.3979,-0.0338,0.876,0.2703,-0.2849,0.3724,0.8059,0.3613,38.4554434432,80.4696591262,54.5626139714
-0.3981,-0.0344,0.8764,0.2686,-0.2658,0.3719,0.8114,0.3641,38.7782274528,79.5311362816,53.9792801568
-0.3983,-0.0334,0.8762,0.2691,-0.2532,0.3828,0.7944,0.3976,38.7110169288,79.6706656352,53.3636510332
-0.3983,-0.0334,0.8762,0.2691,-0.2532,0.3828,0.7944,0.3976,39.2276823268,77.8246372068,53.0839816716
-0.398,-0.0317,0.876,0.2703,-0.2442,0.3984,0.7689,0.4361,38.6048249184,76.067069437,53.5387070818
-0.3964,-0.0316,0.8748,0.2767,-0.224,0.4142,0.7472,0.4688,38.6292692212,76.3230314172,52.459848332
-0.3943,-0.0315,0.8745,0.2805,-0.2067,0.423,0.7374,0.4842,38.039179681,74.9235155852,53.5736397922
-0.3941,-0.0318,0.8754,0.2779,-0.2071,0.4243,0.7376,0.4827,38.48302976,74.972221214,52.5688115076
-0.3941,-0.0318,0.8754,0.2779,-0.2071,0.4243,0.7376,0.4827,38.4263380672,75.1184334404,52.8558155968
-0.3948,-0.0314,0.8748,0.2788,-0.2175,0.4224,0.7426,0.4719,38.5831856224,75.1977856096,52.6092349784
-0.3945,-0.0318,0.8752,0.2779,-0.2286,0.4184,0.7489,0.46,39.170377501,76.570111902,52.524352925
-0.3952,-0.0335,0.8769,0.2714,-0.259,0.4021,0.7755,0.4119,39.0594261032,76.2957112946,53.0957366116
-0.3952,-0.0335,0.8769,0.2714,-0.259,0.4021,0.7755,0.4119,39.5585086014,78.9455317022,52.1775514472
-0.395,-0.0335,0.8774,0.27,-0.2622,0.401,0.7881,0.3863,39.29211757,78.234592064,53.942219338
-0.395,-0.0335,0.8774,0.27,-0.2622,0.401,0.7881,0.3863,39.5680575376,77.9759225504,54.5369622728
-0.3941,-0.0305,0.8763,0.2752,-0.2937,0.3984,0.7977,0.344,40.0831894488,78.4870021752,55.4953634184
-0.3934,-0.0293,0.8764,0.276,-0.2976,0.401,0.7882,0.3594,40.304678624,78.5538372968,54.1395487064
-0.3936,-0.03,0.8759,0.2773,-0.2984,0.4026,0.7854,0.3632,40.0853189392,78.4005379536,54.4021974808
-0.3936,-0.03,0.8759,0.2773,-0.2984,0.4026,0.7854,0.3632,40.3032587194,78.2760976578,53.957206636
-0.3934,-0.0309,0.8756,0.2783,-0.2985,0.3969,0.7846,0.3709,40.055956064,78.3018614072,54.6065240352
-0.3939,-0.0307,0.8754,0.278,-0.2967,0.3955,0.784,0.3751,40.1377333092,78.4748780074,54.3407378974
-0.3955,-0.0281,0.8746,0.2785,-0.286,0.3919,0.7843,0.3864,39.7710474996,78.4834736758,54.9983606006
-0.3969,-0.0281,0.8741,0.2785,-0.2787,0.3789,0.8051,0.3611,39.314983413,78.3202198106,56.1195957106
-0.3969,-0.0281,0.8741,0.2785,-0.2787,0.3789,0.8051,0.3611,39.380140316,78.80885915,55.241372206
-0.3963,-0.0312,0.874,0.2791,-0.2491,0.3915,0.7786,0.4223,39.0333067164,77.2227589492,55.576901643
-0.3969,-0.0306,0.8738,0.2789,-0.2469,0.4025,0.7598,0.4468,39.7069529124,75.4452465288,54.307333794
-0.3978,-0.0276,0.8728,0.2811,-0.2359,0.4187,0.7423,0.4668,39.3470213468,75.5009418896,53.5610020468
-0.3978,-0.0276,0.8728,0.2811,-0.2359,0.4187,0.7423,0.4668,39.7909761726,74.5726961994,53.9110804908
-0.3969,-0.0286,0.8736,0.2799,-0.2433,0.4155,0.7501,0.4532,39.4369213166,75.5201760982,53.6144936108
-0.3976,-0.0307,0.8746,0.2753,-0.2583,0.4064,0.7795,0.4003,39.5130094958,75.2045227354,54.115217962
-0.3979,-0.0328,0.8754,0.2722,-0.2689,0.4035,0.7949,0.3644,39.6140144276,78.5535856268,53.291066856
-0.3983,-0.0362,0.8759,0.2696,-0.2951,0.3975,0.7913,0.3586,38.6174965092,80.967381138,52.317690124
-0.3982,-0.0378,0.8755,0.2708,-0.3027,0.3944,0.7899,0.3586,39.1870707192,80.1027047408,53.9476052584
-0.3974,-0.0387,0.8757,0.2713,-0.302,0.3886,0.7883,0.369,39.098610932,79.965664312,53.638098116
-0.3988,-0.0394,0.8756,0.2695,-0.3023,0.3775,0.7892,0.3783,39.2112368606,80.160279178,54.3674778886
-0.3988,-0.0394,0.8756,0.2695,-0.3023,0.3775,0.7892,0.3783,39.031368522,80.179594809,54.075108441
-0.401,-0.0404,0.8755,0.2663,-0.3014,0.37,0.7914,0.3818,38.6666024572,81.2792749192,53.6200843686
-0.4011,-0.0405,0.8757,0.2653,-0.2941,0.3693,0.793,0.3848,38.1607607406,81.126617832,54.3829255238
-0.4011,-0.0405,0.8757,0.2653,-0.2941,0.3693,0.793,0.3848,38.3139926614,81.1689926064,54.4622687658
-0.4011,-0.0398,0.875,0.268,-0.274,0.3749,0.802,0.3755,37.6316994682,80.49684251,56.0909457778
-0.4013,-0.0442,0.8757,0.2647,-0.2501,0.3749,0.8033,0.3892,37.5966626734,79.9386241876,54.5694036102
-0.403,-0.0436,0.8747,0.2655,-0.2528,0.3901,0.7747,0.4283,37.6525934144,79.9615047958,53.9028613638
-0.403,-0.0436,0.8747,0.2655,-0.2528,0.3901,0.7747,0.4283,38.357992056,77.8139210832,53.309489344
-0.403,-0.0426,0.875,0.2646,-0.2432,0.4008,0.7617,0.4471,38.2781802544,77.3190558328,53.293491504
-0.4019,-0.0421,0.8749,0.2668,-0.2377,0.4038,0.7567,0.4557,38.0374721664,77.66536917,52.6806083676
-0.3977,-0.0412,0.8759,0.2699,-0.2385,0.4101,0.7548,0.4528,37.913398208,76.3889971508,53.353420374
-0.3991,-0.0408,0.8761,0.267,-0.2565,0.4095,0.7721,0.4125,38.9038052416,77.148258728,53.536338264
-0.3977,-0.0435,0.8781,0.2623,-0.265,0.4055,0.8006,0.3526,39.2186485184,80.3954012672,52.6398972928
-0.395,-0.0427,0.8781,0.2661,-0.2777,0.4022,0.7938,0.3616,38.9973057106,80.3799857174,53.9229095768
-0.3949,-0.0424,0.8782,0.2662,-0.2774,0.4035,0.7889,0.371,39.485930912,80.324872816,54.0890644812
-0.3954,-0.041,0.8779,0.2666,-0.2864,0.3864,0.7914,0.3769,39.8025753332,80.3441465014,53.3556774914
-0.3963,-0.0415,0.8779,0.2651,-0.2873,0.3794,0.7929,0.3803,39.4982994778,80.1828490602,53.3843784808
-0.398,-0.0424,0.8774,0.2642,-0.2839,0.3763,0.7953,0.3809,39.1531275322,80.642691801,53.3269321348
-0.4002,-0.043,0.8768,0.2628,-0.2666,0.3814,0.8016,0.375,38.5894172338,80.9888070572,53.7297404686
-0.4002,-0.043,0.8768,0.2628,-0.2666,0.3814,0.8016,0.375,38.7876543174,81.009437623,53.7106293552
-0.4024,-0.0456,0.8762,0.2611,-0.2684,0.3743,0.8134,0.3551,37.6919856026,81.3008169498,54.5195217296
-0.4026,-0.0516,0.8762,0.2595,-0.2454,0.3781,0.7989,0.3981,37.0332172924,80.4501713676,54.0831994352
-0.4026,-0.0516,0.8762,0.2595,-0.2454,0.3781,0.7989,0.3981,37.4376117762,80.6936731642,53.439577646
-0.4042,-0.0517,0.8753,0.26,-0.2465,0.3875,0.7766,0.431,37.5088177392,79.2323482832,53.03565236
-0.4038,-0.0542,0.8759,0.258,-0.2431,0.3931,0.7731,0.4341,37.3045310208,79.2448197448,52.146496236
-0.4038,-0.0542,0.8759,0.258,-0.2431,0.3931,0.7731,0.4341,37.2234399848,79.2627877664,52.221947914
-0.403,-0.0552,0.8766,0.2568,-0.2589,0.3911,0.7893,0.3961,37.0842198756,80.4475265808,51.375895728
-0.4028,-0.0581,0.8785,0.2498,-0.292,0.379,0.8188,0.317,37.7553698232,83.6564754472,50.8004392912
-0.4028,-0.0581,0.8785,0.2498,-0.292,0.379,0.8188,0.317,37.2768275334,82.8632129316,52.1737008858
-0.4024,-0.0588,0.8789,0.2492,-0.3007,0.3791,0.8096,0.332,37.0997859662,84.947933504,49.7599310154
-0.4011,-0.0571,0.8793,0.2499,-0.3069,0.3695,0.8099,0.3363,38.185349908,83.2221457504,51.4673816208
-0.4028,-0.0554,0.8782,0.2517,-0.3074,0.3633,0.809,0.3449,37.9259098124,83.414852862,51.25403373
-0.4041,-0.0568,0.8781,0.2493,-0.2999,0.3671,0.8112,0.3422,38.1510999856,83.2172647006,52.2004205966
-0.4041,-0.0568,0.8781,0.2493,-0.2999,0.3671,0.8112,0.3422,37.479806144,83.7744914524,51.0883496428
-0.4063,-0.0573,0.8768,0.2504,-0.2827,0.3673,0.8204,0.3347,37.5660222368,83.768438384,51.3310560896
-0.4069,-0.0587,0.8764,0.2504,-0.2828,0.3569,0.8328,0.3147,36.5095492982,83.789183025,52.1851838104
-0.4069,-0.0587,0.8764,0.2504,-0.2828,0.3569,0.8328,0.3147,36.1724925072,83.0437109404,52.959512264
-0.4069,-0.0634,0.8764,0.2493,-0.2541,0.3699,0.8123,0.3723,36.435479229,83.3248527764,52.0332690698
-0.4091,-0.0618,0.8756,0.249,-0.2548,0.3818,0.7935,0.3992,37.01163252,81.841582066,51.785576477
-0.4088,-0.0621,0.8762,0.2473,-0.2587,0.3831,0.7976,0.3873,36.954864894,81.96276665,50.944115758
-0.4088,-0.0621,0.8762,0.2473,-0.2587,0.3831,0.7976,0.3873,36.614566078,81.8958216554,50.9165212374
-0.408,-0.0621,0.8773,0.2448,-0.2611,0.383,0.8151,0.3474,36.7333263348,83.2990611774,50.4828098122
-0.4075,-0.0626,0.8782,0.242,-0.2973,0.3742,0.8256,0.2996,36.886167524,85.729965436,49.164997932
-0.4069,-0.0631,0.8787,0.2413,-0.2941,0.384,0.8138,0.3219,36.6732899532,85.05226151,50.6310495124
-0.4062,-0.064,0.879,0.2409,-0.2952,0.3792,0.8121,0.3307,36.8038968452,85.31507545,49.0135608564
-0.4062,-0.064,0.879,0.2409,-0.2952,0.3792,0.8121,0.3307,37.2967773876,84.744122713,50.3496533926
-0.4074,-0.0624,0.8782,0.2424,-0.2935,0.3743,0.8105,0.3415,37.21941657,84.857060198,50.1409600698
-0.4094,-0.0617,0.8782,0.2392,-0.2889,0.3729,0.8098,0.3486,36.820826905,85.0359818906,50.7188988856
-0.4094,-0.0617,0.8782,0.2392,-0.2889,0.3729,0.8098,0.3486,36.6496294092,85.688953032,50.3021486692
-0.4101,-0.0604,0.8781,0.2388,-0.2862,0.3727,0.8104,0.3497,36.5591432682,85.690371312,50.4531496566
-0.4091,-0.0598,0.8789,0.2376,-0.2779,0.3754,0.8095,0.3556,36.6287929468,85.6515295224,51.2347761028
-0.4091,-0.0598,0.8789,0.2376,-0.2779,0.3754,0.8095,0.3556,36.947109771,85.458570116,51.988454981
-0.4099,-0.0574,0.8789,0.2369,-0.2741,0.3807,0.8079,0.3564,36.3908303148,85.398044564,51.5303781714
-0.4105,-0.0556,0.8792,0.2353,-0.2739,0.3823,0.8076,0.3555,36.9849342836,85.3429881788,51.527596333
-0.4105,-0.0556,0.8792,0.2353,-0.2739,0.3823,0.8076,0.3555,36.6748925856,84.9867368746,51.9109532084
-0.41,-0.0548,0.8793,0.2356,-0.2715,0.3807,0.8104,0.3528,36.56092595,85.1099185642,51.8890148994
-0.4101,-0.0544,0.8793,0.2357,-0.2721,0.3777,0.8144,0.3463,36.5056805,84.7822905428,52.4060328996
-0.4097,-0.0545,0.8792,0.2366,-0.2646,0.3692,0.8222,0.3429,36.4916358098,84.477192854,52.4525941064
-0.4097,-0.0545,0.8792,0.2366,-0.2646,0.3692,0.8222,0.3429,36.4947725248,84.5770091036,52.3377443604
-0.4093,-0.0547,0.8792,0.2374,-0.2532,0.3696,0.8212,0.353,36.2378872344,83.5017723808,53.3815692568
-0.409,-0.0544,0.8784,0.2407,-0.2365,0.3767,0.8064,0.3895,36.5835094192,82.1914214488,53.506694788
-0.408,-0.0545,0.879,0.2405,-0.2407,0.3873,0.8007,0.3883,36.5710056742,82.4954087444,52.7536247196
-0.407,-0.0547,0.8793,0.2409,-0.247,0.3933,0.8121,0.353,36.8663363958,82.2355103776,52.4476303624
-0.407,-0.0547,0.8793,0.2409,-0.247,0.3933,0.8121,0.353,36.741751121,84.392541216,51.373830071
-0.4061,-0.0586,0.8809,0.2355,-0.2739,0.3917,0.8081,0.3441,36.797911112,83.9449482832,52.3614999976
-0.4061,-0.0586,0.8809,0.2355,-0.2739,0.3917,0.8081,0.3441,36.563529252,85.8345435872,49.6029727356
-0.406,-0.0587,0.8808,0.2362,-0.2818,0.3862,0.8094,0.3408,36.8639465806,85.190012444,50.2045167854
-0.4041,-0.0591,0.8812,0.2377,-0.2925,0.3698,0.8118,0.3442,37.1325555148,85.1904714876,50.3410984788
-0.4037,-0.057,0.8807,0.2407,-0.2871,0.3682,0.8094,0.3558,37.0764110384,84.6685449268,51.4647257864
-0.4032,-0.0549,0.8805,0.2429,-0.2619,0.3739,0.8096,0.3687,36.5422494608,84.323450116,52.6134825704
-0.4042,-0.0548,0.8799,0.2434,-0.2546,0.3759,0.813,0.3643,36.5887190528,84.6350952432,52.1651059216
-0.4042,-0.0548,0.8799,0.2434,-0.2546,0.3759,0.813,0.3643,36.0541628144,84.0289062096,53.7992675608
-0.4053,-0.0554,0.8796,0.2426,-0.24,0.3716,0.8233,0.3555,36.4291675612,83.134796308,53.301913292
-0.4057,-0.0545,0.8795,0.2425,-0.2286,0.3829,0.8071,0.3865,36.3851256486,83.3273968216,52.6360671226
-0.4057,-0.0545,0.8795,0.2425,-0.2286,0.3829,0.8071,0.3865,36.8547028772,82.1824208352,52.7881348512
-0.4053,-0.0548,0.8797,0.2423,-0.2372,0.3922,0.7988,0.3894,36.919636123,82.4034346236,51.8203617862
-0.405,-0.0551,0.8798,0.2423,-0.2396,0.3931,0.802,0.3803,36.9107826128,82.1999871168,51.9880822608
-0.4034,-0.057,0.8809,0.2407,-0.2692,0.3914,0.8198,0.3196,36.8814348888,83.8328555728,51.7686089768
-0.4034,-0.057,0.8809,0.2407,-0.2692,0.3914,0.8198,0.3196,36.7344427596,85.9333604414,49.7122448418
-0.4041,-0.0609,0.8815,0.2365,-0.2851,0.3869,0.811,0.3334,36.8158964732,85.1568767108,50.9660962932
-0.4017,-0.0636,0.8819,0.238,-0.2974,0.3681,0.8146,0.3351,36.5712376122,85.5266777674,49.1604416096
-0.401,-0.0645,0.8821,0.2385,-0.2941,0.365,0.8146,0.3413,36.6003589196,84.9584927978,51.0225998014
