S10_w,S10_x,S10_y,S10_z,S11_w,S11_x,S11_y,S11_z,S7_w,S7_x,S7_y,S7_z,thumb_pose_position_x,thumb_pose_position_y,thumb_pose_position_z
-0.0152,-0.0843,0.9053,0.4158,-0.2519,-0.1104,0.7352,0.6194,-0.2176,0.1226,-0.7697,-0.5874,33.4968022296,94.1931522728,-28.1105475464
-0.0158,-0.0845,0.9053,0.4157,-0.2528,-0.1152,0.7322,0.6218,-0.2181,0.1055,-0.775,-0.5835,30.550363872,95.1712428008,-26.6845036998
-0.0173,-0.0845,0.9049,0.4168,-0.2543,-0.1209,0.728,0.6249,-0.2171,0.0935,-0.7777,-0.5824,30.1782269098,94.797240356,-27.2076487836
-0.0197,-0.0856,0.9038,0.4186,-0.26,-0.1338,0.7219,0.6271,-0.2054,0.0618,-0.7817,-0.5854,28.3569810898,95.43756855,-25.7745963526
-0.0207,-0.0869,0.9044,0.417,-0.2609,-0.1391,0.7199,0.6279,-0.1994,0.0316,-0.7968,-0.5694,25.4831433996,95.908886938,-24.1488696608
-0.0239,-0.0872,0.9053,0.4149,-0.2675,-0.1489,0.7167,0.6264,-0.1963,0.0175,-0.807,-0.5565,25.223023676,95.6778770208,-24.4218077064
-0.0258,-0.0876,0.9051,0.4151,-0.2728,-0.1581,0.7143,0.6246,-0.1872,0.0026,-0.8169,-0.5454,22.2474562306,95.792405116,-23.3084945398
-0.0281,-0.0897,0.9064,0.4118,-0.2759,-0.1715,0.7092,0.6256,-0.1764,-0.0468,-0.8441,-0.5041,19.0400382778,95.544502102,-21.2671548104
-0.0303,-0.0904,0.9067,0.4107,-0.2786,-0.1785,0.7056,0.6265,-0.1745,-0.0609,-0.8515,-0.4906,19.0090344676,95.345215507,-20.983204755
-0.0315,-0.0908,0.905,0.4143,-0.2803,-0.1832,0.7024,0.6279,-0.1725,-0.0745,-0.8566,-0.4804,17.0900417824,95.0337189124,-19.8863160032
-0.0275,-0.0929,0.9014,0.4218,-0.2778,-0.1931,0.6981,0.6309,-0.1773,-0.0966,-0.8656,-0.458,15.7263416568,95.034163974,-17.119237432
-0.0284,-0.0932,0.9006,0.4235,-0.2785,-0.1948,0.6972,0.6312,-0.1768,-0.1022,-0.8674,-0.4536,15.559452738,94.779348408,-17.582162042
-0.0285,-0.0931,0.8995,0.4257,-0.2791,-0.1967,0.6976,0.6298,-0.1762,-0.1058,-0.8681,-0.4517,15.2790935676,94.6632186628,-16.776214296
-0.0256,-0.0935,0.9008,0.4231,-0.2794,-0.1991,0.6994,0.6269,-0.1774,-0.1091,-0.8736,-0.4396,14.9905585944,94.5689503176,-17.2431418712
-0.026,-0.0941,0.8994,0.426,-0.2797,-0.2008,0.6973,0.6286,-0.1766,-0.1109,-0.8743,-0.4381,14.762868028,94.558298023,-17.554299046
-0.0256,-0.0942,0.898,0.4289,-0.2787,-0.2006,0.6958,0.6307,-0.176,-0.1132,-0.8737,-0.4389,14.459538435,94.602057524,-17.5036615726
-0.0233,-0.0939,0.8956,0.434,-0.2742,-0.1917,0.6947,0.6367,-0.1774,-0.1182,-0.8704,-0.4436,15.1785976062,94.616636748,-16.3770042246
-0.0206,-0.0914,0.8956,0.4346,-0.2679,-0.1762,0.6988,0.6393,-0.1792,-0.1119,-0.8682,-0.4487,15.1937059108,94.5965421608,-17.061822576
-0.0182,-0.0892,0.897,0.4323,-0.2648,-0.1648,0.7046,0.6372,-0.1785,-0.0963,-0.8645,-0.4597,17.1621283696,94.7037984464,-17.1849795296
-0.013,-0.0816,0.9002,0.4273,-0.2496,-0.1289,0.7203,0.6341,-0.177,-0.0277,-0.8474,-0.4997,20.4189371728,94.6022145022,-20.2019830464
-0.0072,-0.0756,0.9008,0.4273,-0.2351,-0.1051,0.7301,0.6329,-0.1801,0.0218,-0.8293,-0.5285,20.7032727742,95.0216759094,-19.6893860854
-0.0034,-0.0717,0.903,0.4235,-0.2261,-0.0922,0.7355,0.6318,-0.1808,0.0494,-0.8185,-0.5429,25.0458955176,94.4683182562,-22.7741800998
0.0012,-0.0653,0.9058,0.4183,-0.2122,-0.069,0.7462,0.6271,-0.1917,0.0969,-0.8002,-0.5598,30.335205776,94.398302911,-24.627138203
0.0026,-0.0634,0.9082,0.4135,-0.2091,-0.0601,0.752,0.6221,-0.1939,0.11,-0.7958,-0.5629,30.2768072694,94.6545459326,-24.5765649714
0.0031,-0.0632,0.9095,0.4108,-0.2117,-0.0573,0.7557,0.617,-0.196,0.131,-0.7932,-0.5614,33.7497912536,93.7264516682,-27.1594540146
0.0027,-0.0639,0.9106,0.4081,-0.2162,-0.0539,0.7612,0.6089,-0.1985,0.1423,-0.7938,-0.5568,36.221063588,92.7507384128,-29.5624533336
0.0038,-0.0616,0.9146,0.3995,-0.2241,-0.043,0.7722,0.5929,-0.1989,0.1713,-0.793,-0.5496,36.7196758628,93.142506838,-28.8607121608
0.0022,-0.0588,0.9172,0.3937,-0.2266,-0.0357,0.778,0.5847,-0.1943,0.1897,-0.7919,-0.5468,40.1455882578,90.958662301,-30.8999119924
-0.0014,-0.0555,0.9216,0.3839,-0.2305,-0.0249,0.7858,0.5731,-0.189,0.2004,-0.791,-0.5462,43.3962482592,88.5497254732,-33.6496287896
-0.0054,-0.0515,0.9287,0.367,-0.2337,-0.0112,0.7977,0.5556,-0.184,0.2283,-0.7801,-0.5525,43.8510758148,89.0897942868,-32.3455458336
-0.0054,-0.0492,0.931,0.3615,-0.233,-0.0072,0.8007,0.5518,-0.1849,0.2371,-0.7752,-0.5555,45.215299836,86.870635382,-35.8834575784
-0.0054,-0.0471,0.9328,0.357,-0.2327,-0.0031,0.8032,0.5482,-0.1852,0.242,-0.7714,-0.5585,46.9539363972,85.8996497396,-35.8449427802
-0.0057,-0.044,0.9344,0.3533,-0.2326,0.0017,0.8055,0.5449,-0.1828,0.2456,-0.7689,-0.5612,46.9563037736,86.1902316484,-35.1825215568
-0.0056,-0.042,0.9349,0.352,-0.2319,0.0034,0.8057,0.5449,-0.1835,0.2442,-0.7698,-0.5603,47.8385486376,85.4156043144,-35.6200861784
-0.0057,-0.0408,0.9353,0.3515,-0.2313,0.0034,0.8057,0.5452,-0.1845,0.2408,-0.7716,-0.559,48.122208514,85.218683202,-36.0848852288
-0.004,-0.0405,0.9346,0.3532,-0.2301,-0.001,0.8025,0.5504,-0.1876,0.2299,-0.7767,-0.5554,47.9046064172,85.3061517972,-35.8676331896
-0.003,-0.0396,0.9338,0.3555,-0.2301,-0.0037,0.7998,0.5543,-0.1907,0.213,-0.7836,-0.5514,47.616134112,85.9190684668,-35.1160875292
-0.0039,-0.0389,0.9325,0.3588,-0.2344,-0.0137,0.793,0.562,-0.192,0.1986,-0.7879,-0.5502,46.5980004802,86.8430349064,-34.1933394414
-0.007,-0.0424,0.9288,0.3678,-0.2383,-0.0273,0.7838,0.5726,-0.1929,0.163,-0.7894,-0.5593,46.2460766864,86.6667199672,-34.663524604
-0.0064,-0.0467,0.9257,0.375,-0.239,-0.036,0.7795,0.5778,-0.1914,0.153,-0.7774,-0.5791,44.5590702752,88.3461128056,-33.570021866
-0.0061,-0.0494,0.9232,0.3809,-0.2383,-0.0496,0.773,0.5858,-0.1934,0.1423,-0.7739,-0.5859,41.9578020188,90.235050915,-31.1170876422
-0.0086,-0.0549,0.9191,0.3898,-0.2409,-0.0653,0.7659,0.5924,-0.1983,0.1159,-0.7733,-0.5908,42.1522986076,89.8947356052,-31.810314477
-0.0106,-0.0573,0.9182,0.3916,-0.2411,-0.0701,0.7634,0.595,-0.2003,0.1024,-0.775,-0.5905,38.9191368352,91.4843293504,-30.42429312
-0.011,-0.058,0.9165,0.3956,-0.2412,-0.0773,0.7583,0.6006,-0.2034,0.0906,-0.7749,-0.5914,36.5047322368,92.5947701638,-29.6536315882
-0.0101,-0.0624,0.911,0.4075,-0.2432,-0.0928,0.7483,0.6101,-0.2028,0.0509,-0.7832,-0.5855,36.0066082174,92.52662836,-29.8615846384
-0.0101,-0.0632,0.9088,0.4121,-0.246,-0.1004,0.7442,0.6127,-0.1986,0.0253,-0.7875,-0.5828,32.638409204,94.2301908194,-27.0728215212
-0.0098,-0.0641,0.9062,0.4176,-0.2492,-0.1135,0.7373,0.6174,-0.1962,0.0007,-0.796,-0.5725,28.5492668908,94.8941292352,-24.8293439916
-0.0131,-0.065,0.9072,0.4152,-0.2556,-0.1297,0.7282,0.6224,-0.1952,-0.058,-0.8306,-0.5182,28.0880464372,94.5599643094,-25.7198132056
-0.0168,-0.0669,0.9064,0.4167,-0.2596,-0.1381,0.7235,0.6245,-0.1892,-0.0819,-0.8419,-0.4985,25.301446147,94.889378964,-23.2299937096
-0.0162,-0.0675,0.9053,0.4188,-0.2592,-0.1479,0.718,0.6287,-0.1895,-0.1011,-0.8508,-0.4795,22.3660946592,94.9905851782,-21.179935468
-0.0175,-0.0686,0.9051,0.4191,-0.2601,-0.1586,0.7094,0.6354,-0.1952,-0.1345,-0.8649,-0.4423,22.177837142,94.7079948124,-21.46679915
-0.0187,-0.0683,0.9045,0.4204,-0.2618,-0.1617,0.7088,0.6347,-0.1942,-0.1419,-0.8673,-0.4356,21.1222058634,94.7264606826,-19.2294229314
-0.0187,-0.0688,0.905,0.4192,-0.2632,-0.1643,0.7088,0.6333,-0.1932,-0.1449,-0.8699,-0.4299,20.6554435056,94.4785118306,-18.9653080578
-0.0177,-0.0697,0.9052,0.4188,-0.2646,-0.1666,0.7108,0.63,-0.195,-0.1503,-0.8755,-0.4157,20.1927791016,94.3938695928,-19.3618091532
-0.0172,-0.0699,0.9055,0.4181,-0.2644,-0.1663,0.7108,0.6301,-0.195,-0.1511,-0.8775,-0.4111,19.7348209608,94.458818796,-19.5802613208
-0.018,-0.0699,0.9044,0.4203,-0.2634,-0.1645,0.7093,0.6327,-0.1947,-0.1538,-0.877,-0.4113,19.9064375122,94.3382830056,-19.6784816266
-0.0162,-0.0697,0.9035,0.4224,-0.2584,-0.1569,0.7077,0.6384,-0.1935,-0.1573,-0.8749,-0.415,19.9445899432,94.3207278,-19.540555716
-0.0151,-0.0688,0.9031,0.4233,-0.254,-0.1451,0.7091,0.6414,-0.1941,-0.1549,-0.8716,-0.4225,20.7232990728,94.3659274384,-18.8743898392
-0.0104,-0.0652,0.9045,0.4212,-0.2501,-0.1311,0.7155,0.6389,-0.1943,-0.1436,-0.8682,-0.4331,22.2223406576,94.2602755278,-20.0920363264
-0.0021,-0.0566,0.9076,0.4158,-0.2307,-0.0865,0.7375,0.6287,-0.1939,-0.0627,-0.8477,-0.4896,22.6799953502,94.3964819784,-19.8782902188
-0.0021,-0.0566,0.9076,0.4158,-0.2307,-0.0865,0.7375,0.6287,-0.1939,-0.0627,-0.8477,-0.4896,27.4294722274,93.7878227182,-24.5841312136
0.0017,-0.0507,0.9124,0.406,-0.2104,-0.0556,0.7505,0.6239,-0.1889,0.0314,-0.8154,-0.5462,32.6591468912,93.237622102,-27.373449478
0.0031,-0.0493,0.913,0.4048,-0.2061,-0.0466,0.7532,0.6228,-0.1942,0.0644,-0.8024,-0.5605,32.705556978,93.55017885,-26.817942625
0.0045,-0.0478,0.9133,0.4041,-0.2056,-0.0422,0.7556,0.6203,-0.1998,0.0899,-0.7973,-0.5623,36.563764971,92.525283661,-27.976492217
0.0042,-0.0487,0.9165,0.397,-0.2136,-0.0367,0.764,0.6075,-0.203,0.127,-0.8002,-0.5498,38.8343346328,91.2586697994,-30.7693030844
0.0045,-0.0481,0.9172,0.3954,-0.2186,-0.0339,0.7674,0.6016,-0.2036,0.1403,-0.7988,-0.5482,39.1932144056,91.5192542764,-30.4060407052
0.0042,-0.0449,0.9177,0.3947,-0.2216,-0.03,0.7692,0.5985,-0.2032,0.1608,-0.7968,-0.5457,41.5147593404,89.5929163804,-32.1287234216
0.0042,-0.0379,0.9196,0.3909,-0.2248,-0.0202,0.7717,0.5944,-0.2102,0.1888,-0.7902,-0.5437,44.8283601564,88.247104546,-31.6778307548
0.0028,-0.0358,0.9205,0.3888,-0.2261,-0.0128,0.7747,0.5903,-0.2145,0.198,-0.7838,-0.5479,44.4648747936,88.4583320464,-32.022680848
0.0007,-0.0343,0.9243,0.38,-0.2289,-0.0102,0.7785,0.5843,-0.2187,0.2148,-0.7723,-0.5562,46.9574981096,86.5750348044,-33.0080247312
-0.0007,-0.0335,0.9302,0.3651,-0.2296,-0.0025,0.7899,0.5685,-0.2117,0.2333,-0.7677,-0.5579,47.1130848668,85.1917219374,-35.4164404232
-0.0007,-0.031,0.9324,0.3599,-0.2291,0.0023,0.7951,0.5615,-0.2102,0.2345,-0.7705,-0.5541,47.9315638902,85.6410626012,-34.1162751124
-0.0018,-0.0303,0.9334,0.3574,-0.2297,0.0037,0.7957,0.5603,-0.2108,0.2303,-0.7723,-0.553,47.9174411762,84.4642469872,-36.6087798324
-0.004,-0.0317,0.9304,0.3649,-0.2341,-0.0074,0.7883,0.5687,-0.2133,0.2041,-0.7852,-0.5442,47.6576511772,85.7066974556,-34.9181988508
-0.0054,-0.0325,0.9285,0.3696,-0.2362,-0.0154,0.7824,0.5758,-0.2158,0.1864,-0.7907,-0.5416,47.2215053632,85.4414803944,-35.2942751074
-0.0088,-0.0342,0.9253,0.3773,-0.2406,-0.0274,0.7746,0.5841,-0.2189,0.1582,-0.7957,-0.5419,44.9220860126,87.4166274178,-33.6866445312
-0.0139,-0.0411,0.9218,0.3851,-0.2437,-0.0445,0.7653,0.5939,-0.2234,0.1248,-0.7919,-0.5544,40.7469077382,89.62967316,-32.884371759
-0.0164,-0.0432,0.9202,0.3884,-0.2445,-0.0504,0.7619,0.5975,-0.2277,0.1139,-0.792,-0.5547,40.4504555712,89.3570268224,-33.2778229856
-0.0175,-0.0441,0.9179,0.3939,-0.2429,-0.0585,0.7567,0.6041,-0.2376,0.0942,-0.7957,-0.549,37.1605030176,91.3451413344,-31.348822488
-0.0207,-0.0457,0.916,0.3978,-0.2489,-0.0745,0.7463,0.6126,-0.2442,0.0708,-0.8016,-0.541,33.472234347,92.6832093236,-29.0532981746
-0.023,-0.0472,0.9148,0.4003,-0.2545,-0.0842,0.7412,0.6153,-0.2465,0.0573,-0.8041,-0.5377,32.8255975352,92.49241598,-29.7366955764
-0.024,-0.0493,0.9127,0.4049,-0.2578,-0.0983,0.734,0.6205,-0.2476,0.0389,-0.8109,-0.5288,28.4741226152,93.813687205,-27.1477355314
-0.0225,-0.0521,0.9106,0.4093,-0.2617,-0.1203,0.7214,0.6296,-0.2374,0.005,-0.8311,-0.5026,25.077323008,94.249467216,-23.42685408
-0.0238,-0.0535,0.9088,0.4129,-0.2642,-0.1278,0.7172,0.632,-0.2316,-0.0181,-0.8403,-0.4897,24.578731408,93.7710098968,-24.6149371948
-0.0236,-0.0554,0.9069,0.4169,-0.265,-0.1381,0.7122,0.6351,-0.2279,-0.0375,-0.8479,-0.4771,22.2618681982,94.1490902574,-21.827364282
-0.022,-0.0601,0.9034,0.4238,-0.2638,-0.1509,0.7038,0.642,-0.2216,-0.0894,-0.8709,-0.4294,20.427483341,94.0543925524,-20.3304047094
-0.0223,-0.0612,0.9019,0.4268,-0.2648,-0.1549,0.7023,0.6423,-0.2189,-0.1046,-0.8768,-0.4149,20.5214179284,93.8746064994,-20.6244947704
-0.0217,-0.0612,0.9017,0.4273,-0.2653,-0.1575,0.7019,0.6419,-0.2175,-0.1107,-0.8781,-0.4115,19.6736276884,93.9425000814,-19.0920464654
-0.022,-0.0631,0.9002,0.4301,-0.2681,-0.1633,0.7015,0.6397,-0.2129,-0.1201,-0.8798,-0.4074,19.2281446566,93.8446740394,-19.3573396336
-0.0215,-0.0643,0.9009,0.4286,-0.2694,-0.1654,0.7021,0.638,-0.2105,-0.1226,-0.8807,-0.406,19.0709049434,93.796283962,-19.41311084
-0.0201,-0.0659,0.9007,0.4287,-0.2685,-0.1674,0.7018,0.6381,-0.2095,-0.124,-0.8809,-0.4058,18.4559200428,93.9107670746,-19.406990112
-0.0195,-0.0671,0.899,0.4321,-0.2667,-0.1661,0.7009,0.6402,-0.2083,-0.1304,-0.8803,-0.4057,18.4627454562,93.9435127394,-19.0204025728
-0.0189,-0.0672,0.8989,0.4323,-0.2655,-0.1638,0.7008,0.6415,-0.2081,-0.1329,-0.8798,-0.4059,18.7703832592,93.9521163584,-19.31049072
-0.018,-0.067,0.8989,0.4323,-0.2619,-0.1561,0.7019,0.6436,-0.2084,-0.1331,-0.8791,-0.4072,19.3162824448,93.9728829456,-19.05449448
-0.0098,-0.0618,0.9026,0.4257,-0.2484,-0.1214,0.716,0.6409,-0.2081,-0.1161,-0.8767,-0.4178,21.1583630048,93.8057484096,-20.283837172
-0.0043,-0.0573,0.9041,0.4234,-0.2385,-0.1019,0.7246,0.6383,-0.2095,-0.0771,-0.869,-0.4414,21.7232607428,93.98774266,-20.0046802244
0.0011,-0.0507,0.906,0.4201,-0.2222,-0.0751,0.7369,0.6338,-0.2111,-0.0408,-0.856,-0.47,26.9262890744,93.3378718264,-23.9671667096
0.0028,-0.0427,0.9114,0.4092,-0.2062,-0.0465,0.75,0.6266,-0.2089,0.0416,-0.8201,-0.5309,32.0631919418,92.7640438012,-27.2062156734
0.003,-0.0407,0.9132,0.4053,-0.2031,-0.0395,0.7536,0.6237,-0.2135,0.0715,-0.8074,-0.5452,32.2349160794,93.2630959126,-26.0472681384
0.0036,-0.0403,0.9153,0.4005,-0.2023,-0.033,0.7591,0.6177,-0.2147,0.0908,-0.803,-0.5484,36.1394258004,92.2925307884,-28.5460441152
0.0027,-0.0448,0.9185,0.3926,-0.2091,-0.032,0.7694,0.6026,-0.2138,0.1281,-0.8038,-0.54,37.6186543856,91.8160462392,-30.374314754
0.0033,-0.0456,0.9198,0.3895,-0.2122,-0.0307,0.7735,0.5963,-0.2136,0.1422,-0.8043,-0.5358,38.4747747114,91.938533835,-29.652995833
0.0038,-0.0453,0.9223,0.3836,-0.2162,-0.0277,0.7789,0.5879,-0.2128,0.1624,-0.8051,-0.5291,40.1175469554,90.4391275312,-32.0381822096
0.0032,-0.0406,0.9255,0.3764,-0.2221,-0.017,0.7847,0.5784,-0.213,0.1878,-0.8062,-0.5188,43.1746435416,89.0466590988,-32.4379734308
0.0018,-0.037,0.9266,0.3741,-0.2226,-0.0103,0.7874,0.5747,-0.2163,0.1975,-0.8019,-0.5205,43.4057440476,89.3273146556,-32.1528536656
0.0007,-0.0349,0.9292,0.3677,-0.2258,-0.0037,0.7925,0.5664,-0.2218,0.213,-0.7916,-0.528,47.0263036152,86.8717909764,-33.5838857392
-0.0021,-0.0332,0.9348,0.3536,-0.2256,0.007,0.8038,0.5504,-0.217,0.2349,-0.781,-0.5363,48.0243886634,85.4283722724,-35.3513510448
-0.0021,-0.0332,0.9348,0.3536,-0.2256,0.007,0.8038,0.5504,-0.217,0.2349,-0.781,-0.5363,48.4471467288,85.714746912,-34.3455235752
-0.0032,-0.0313,0.9398,0.3402,-0.2257,0.0137,0.8117,0.5385,-0.2106,0.2441,-0.7817,-0.5336,48.7071460976,84.1716283896,-37.1564867064
-0.0032,-0.0281,0.9403,0.3391,-0.2249,0.0147,0.8112,0.5394,-0.2107,0.2338,-0.7891,-0.5272,49.391183998,84.0939823944,-36.5962146534
-0.0025,-0.0271,0.9397,0.3407,-0.2251,0.0131,0.809,0.5427,-0.2134,0.226,-0.7922,-0.525,49.348965427,84.265940368,-36.233693561
-0.0048,-0.0279,0.938,0.3453,-0.2307,0.0022,0.8021,0.5506,-0.2164,0.2116,-0.7971,-0.5224,49.760178556,84.737647574,-35.281896692
-0.0086,-0.0302,0.934,0.3558,-0.238,-0.0151,0.7896,0.5653,-0.2266,0.1723,-0.8096,-0.5132,46.1597253064,86.7497326124,-34.7382049056
-0.0089,-0.0302,0.932,0.3609,-0.2371,-0.0178,0.7861,0.5704,-0.2319,0.1572,-0.8107,-0.5139,45.866127568,86.5286033916,-35.2760707988
-0.01,-0.032,0.931,0.3633,-0.2346,-0.0242,0.7815,0.5775,-0.2363,0.1417,-0.8114,-0.5153,44.37120972,87.9428987208,-33.8229532144
-0.0093,-0.0407,0.9254,0.3765,-0.2376,-0.0443,0.7701,0.5902,-0.2467,0.1216,-0.8086,-0.52,41.1487459808,90.1817223914,-32.7318413814
-0.0091,-0.0429,0.9216,0.3854,-0.2385,-0.0521,0.7655,0.5952,-0.2514,0.1128,-0.8075,-0.5214,40.3896822552,89.8947278184,-32.944305966
-0.0067,-0.0444,0.918,0.3939,-0.2371,-0.0622,0.7589,0.6032,-0.2583,0.0955,-0.8087,-0.5197,37.23011952,92.0040630712,-29.746180754
-0.0088,-0.0471,0.9155,0.3994,-0.2448,-0.0826,0.7474,0.6119,-0.2597,0.061,-0.8159,-0.5128,33.7494258872,92.9998802376,-28.0942531568
-0.0111,-0.0485,0.9124,0.4061,-0.249,-0.0917,0.7427,0.6147,-0.2579,0.0476,-0.8208,-0.5074,33.1722323012,92.7399387798,-29.2333593102
-0.0104,-0.049,0.9113,0.4085,-0.2523,-0.1046,0.736,0.6193,-0.2532,0.0203,-0.8336,-0.4902,28.8904851908,94.1129535192,-26.4001642428
-0.0151,-0.0502,0.9103,0.4105,-0.2609,-0.1221,0.7253,0.6251,-0.238,-0.0228,-0.8534,-0.463,25.8894403268,94.2736506184,-24.2398147568
-0.018,-0.0513,0.9093,0.4124,-0.2645,-0.1295,0.7208,0.6273,-0.2313,-0.0414,-0.8601,-0.4527,25.5377269182,93.9191382682,-24.9306748574
-0.0181,-0.0541,0.9072,0.4166,-0.2659,-0.1365,0.7172,0.6293,-0.2271,-0.0722,-0.8744,-0.4224,22.853005833,94.2347510222,-22.903331821
-0.018,-0.0592,0.9044,0.4221,-0.2688,-0.1543,0.7077,0.6347,-0.2227,-0.0997,-0.8853,-0.3957,20.625147564,94.1319394846,-20.815169184
-0.018,-0.0592,0.9044,0.4221,-0.2688,-0.1543,0.7077,0.6347,-0.2227,-0.0997,-0.8853,-0.3957,20.6752693468,93.8677203084,-21.2572927476
-0.0192,-0.0603,0.9043,0.4219,-0.2711,-0.1593,0.7087,0.6314,-0.2169,-0.1137,-0.8895,-0.3857,19.8305050408,93.877264798,-20.27578919
-0.0193,-0.0599,0.9048,0.421,-0.272,-0.1587,0.7099,0.6298,-0.2141,-0.1229,-0.894,-0.3737,19.7750034444,93.5658599048,-21.752469595
-0.019,-0.0596,0.9042,0.4222,-0.2714,-0.1575,0.7096,0.6307,-0.213,-0.1246,-0.8944,-0.3728,19.699676274,93.7459881688,-21.1345240892
-0.018,-0.06,0.9039,0.4229,-0.2704,-0.1565,0.7094,0.6315,-0.2139,-0.1274,-0.8939,-0.3725,19.8653472784,93.8464553216,-21.0098281584
-0.0158,-0.0599,0.9044,0.4221,-0.2669,-0.1488,0.711,0.6332,-0.2177,-0.1291,-0.8931,-0.3716,20.216296838,93.7340729484,-20.9903090828
-0.0158,-0.0599,0.9044,0.4221,-0.2669,-0.1488,0.711,0.6332,-0.2177,-0.1291,-0.8931,-0.3716,20.4823581358,93.747341399,-21.004818832
-0.0114,-0.0581,0.9059,0.4191,-0.2584,-0.1304,0.716,0.6352,-0.2197,-0.1099,-0.8885,-0.3874,21.6529343062,93.6641110386,-21.8510454164
-0.0015,-0.0512,0.9062,0.4196,-0.2408,-0.0971,0.7291,0.6331,-0.225,-0.0379,-0.8717,-0.4336,25.057516782,93.3006593874,-23.0668188246
-0.0015,-0.0512,0.9062,0.4196,-0.2408,-0.0971,0.7291,0.6331,-0.225,-0.0379,-0.8717,-0.4336,25.1958153248,93.5318170236,-23.1372759116
0.0054,-0.0433,0.9127,0.406,-0.2161,-0.0612,0.7469,0.6257,-0.2236,0.0362,-0.8381,-0.4962,30.1399184584,92.7453378888,-26.4560965708
0.0056,-0.0389,0.9152,0.4009,-0.2066,-0.0435,0.7546,0.6211,-0.2224,0.0752,-0.8197,-0.5224,34.0162425184,92.3834326932,-28.2549914718
0.0072,-0.0371,0.9158,0.3996,-0.2037,-0.0354,0.7581,0.6184,-0.2275,0.0969,-0.811,-0.5301,34.0471575652,92.6935393604,-27.9144898608
0.0082,-0.0361,0.9165,0.3983,-0.2043,-0.0321,0.7608,0.6151,-0.2291,0.1087,-0.8088,-0.5303,37.741021336,91.4626219628,-29.5724300844
0.0074,-0.0358,0.9192,0.3919,-0.2091,-0.0245,0.7689,0.6036,-0.2236,0.1375,-0.8067,-0.5294,39.6147345784,90.0966705648,-32.0865114736
0.0075,-0.0344,0.92,0.3902,-0.2092,-0.0207,0.7711,0.601,-0.2211,0.1463,-0.8078,-0.5263,40.2481112796,90.458097,-31.4822593872
0.0083,-0.0326,0.921,0.3878,-0.2116,-0.016,0.774,0.5964,-0.2222,0.1584,-0.8089,-0.5206,42.2648221048,88.8171411,-32.7173262736
0.0086,-0.0276,0.9237,0.3818,-0.216,-0.0073,0.7796,0.5877,-0.2261,0.1749,-0.8082,-0.5147,45.1389292942,87.5256644106,-33.1686821054
0.0068,-0.0241,0.9255,0.3776,-0.2165,-0.002,0.7819,0.5844,-0.2266,0.1804,-0.8064,-0.5153,44.95233058,87.7054649592,-33.0996392984
0.0061,-0.0221,0.927,0.3742,-0.2185,0.0034,0.7846,0.5802,-0.2262,0.1889,-0.8025,-0.5186,46.7556581174,85.8782989774,-34.635821386
0.0048,-0.0176,0.9294,0.3685,-0.2181,0.0104,0.7872,0.5765,-0.2298,0.1967,-0.7963,-0.5238,48.2445112026,84.862646608,-35.1711364982
0.0052,-0.0159,0.93,0.367,-0.2175,0.0117,0.7879,0.5759,-0.2301,0.1975,-0.7955,-0.5244,48.1818776964,85.1045182692,-34.5682260578
0.0052,-0.0153,0.9304,0.3659,-0.2167,0.0135,0.7891,0.5745,-0.2312,0.197,-0.7963,-0.523,48.8972178994,84.646294836,-34.7287949968
0.0034,-0.016,0.9311,0.3643,-0.2194,0.0074,0.7847,0.5795,-0.2344,0.1867,-0.802,-0.5166,48.9285090314,84.5655552764,-35.0897641482
-0.0007,-0.0176,0.9298,0.3676,-0.2238,-0.0026,0.78,0.5843,-0.2371,0.1768,-0.8061,-0.5123,48.836009102,84.6649271432,-34.699816544
-0.0025,-0.0193,0.9276,0.373,-0.2272,-0.0144,0.7733,0.5916,-0.241,0.155,-0.8107,-0.5104,46.6723052244,86.3353561968,-34.1622643204
-0.0102,-0.0283,0.9242,0.3806,-0.2324,-0.0404,0.7645,0.5998,-0.24,0.1235,-0.8075,-0.5243,41.5901885954,89.3007836154,-33.1951742056
-0.0152,-0.0377,0.9208,0.3877,-0.2368,-0.0519,0.759,0.6041,-0.2373,0.1014,-0.8106,-0.5254,41.242559344,89.0020719424,-33.29872521
-0.0177,-0.0414,0.918,0.3938,-0.2434,-0.0668,0.7518,0.6091,-0.2269,0.0657,-0.8179,-0.5244,34.6089444924,92.2513655944,-30.4768418832
-0.0228,-0.0468,0.9155,0.3988,-0.2568,-0.0871,0.7406,0.6146,-0.218,0.0312,-0.8155,-0.5351,31.2200716434,93.1135807786,-28.604487262
-0.0259,-0.0505,0.913,0.4038,-0.2604,-0.0957,0.737,0.6162,-0.2145,0.0211,-0.8159,-0.5363,30.619444784,92.8779819224,-29.1170240432
-0.0264,-0.0533,0.9123,0.405,-0.2628,-0.1044,0.733,0.6186,-0.2109,0.0063,-0.8197,-0.5323,27.471301292,93.9446123224,-26.7986639112
-0.0278,-0.0589,0.9105,0.4082,-0.267,-0.122,0.7244,0.6235,-0.2012,-0.027,-0.8387,-0.5051,24.518244767,94.3284290364,-24.4556952284
-0.0307,-0.0615,0.9094,0.41,-0.2706,-0.1323,0.7188,0.6264,-0.1944,-0.0439,-0.8455,-0.4952,24.6083490176,94.0584579616,-24.99321859
-0.031,-0.0631,0.9085,0.4118,-0.2706,-0.1388,0.7152,0.6292,-0.1918,-0.0617,-0.8537,-0.4801,22.5466861362,94.402543702,-22.758948734
-0.0298,-0.0652,0.907,0.4148,-0.2688,-0.1459,0.7108,0.6333,-0.192,-0.0857,-0.8704,-0.4451,21.331914847,94.5094433514,-20.4592842532
-0.0305,-0.0657,0.9044,0.4203,-0.2661,-0.1523,0.7052,0.6392,-0.1876,-0.1181,-0.8894,-0.3995,21.1127918328,94.31304872,-20.9534936568
-0.0347,-0.0638,0.904,0.4211,-0.2686,-0.1513,0.7047,0.6389,-0.179,-0.131,-0.8944,-0.3881,20.7868785592,94.050879696,-20.0926230392
-0.0347,-0.0638,0.904,0.4211,-0.2686,-0.1513,0.7047,0.6389,-0.179,-0.131,-0.8944,-0.3881,20.9638323104,93.938445794,-20.1008839172
-0.0347,-0.0621,0.9039,0.4216,-0.2677,-0.1485,0.7043,0.6403,-0.1749,-0.1435,-0.8962,-0.3815,20.5257472866,93.9061021302,-19.753933266
-0.035,-0.0609,0.9036,0.4225,-0.2679,-0.1456,0.7036,0.6417,-0.1737,-0.1478,-0.896,-0.3807,21.4254979038,93.8974682826,-19.770957198
-0.035,-0.0609,0.9036,0.4225,-0.2679,-0.1456,0.7036,0.6417,-0.1737,-0.1478,-0.896,-0.3807,21.8075990488,93.787150306,-20.3922284084
-0.0354,-0.0588,0.9039,0.4219,-0.2666,-0.1369,0.7045,0.6432,-0.1746,-0.1486,-0.8949,-0.3826,21.8280489424,93.7660221014,-19.9667311636
-0.0314,-0.0567,0.9041,0.4223,-0.2636,-0.1216,0.71,0.6414,-0.1785,-0.1325,-0.8917,-0.394,22.6847406788,93.759549715,-20.985907724
-0.0199,-0.0479,0.9042,0.4237,-0.2441,-0.0868,0.72,0.6436,-0.1864,-0.0783,-0.8775,-0.4347,26.635154962,93.4225564846,-22.2553610812
-0.0199,-0.0479,0.9042,0.4237,-0.2441,-0.0868,0.72,0.6436,-0.1864,-0.0783,-0.8775,-0.4347,26.6987786952,93.5303305608,-22.9231824688
-0.0089,-0.038,0.9108,0.4108,-0.2171,-0.0435,0.741,0.6339,-0.1967,0.0169,-0.8408,-0.5038,29.843407558,92.8415997824,-24.7405285104
-0.0059,-0.0369,0.9142,0.4035,-0.2106,-0.034,0.7498,0.6261,-0.1989,0.0441,-0.8312,-0.5172,33.1904579184,92.2526687736,-28.166093748
-0.0046,-0.0368,0.9161,0.3992,-0.2088,-0.0299,0.755,0.6208,-0.1987,0.0592,-0.8267,-0.523,33.7214146132,92.348499513,-27.8350707526
-0.0038,-0.038,0.9182,0.394,-0.212,-0.0247,0.7636,0.6093,-0.1995,0.0908,-0.8197,-0.5291,35.4180174706,91.372499329,-31.1526377408
-0.0038,-0.038,0.9182,0.394,-0.212,-0.0247,0.7636,0.6093,-0.1995,0.0908,-0.8197,-0.5291,37.211605998,90.8429846162,-32.0514854246
-0.0028,-0.038,0.9199,0.39,-0.2158,-0.0208,0.7689,0.6013,-0.1986,0.1093,-0.8204,-0.5248,37.6778231876,91.0042711176,-31.867774226
-0.004,-0.0387,0.9219,0.3853,-0.2279,-0.0188,0.7758,0.588,-0.1967,0.1351,-0.8201,-0.5199,39.4891168952,89.7127092604,-33.7565420684
-0.004,-0.0387,0.9219,0.3853,-0.2279,-0.0188,0.7758,0.588,-0.1967,0.1351,-0.8201,-0.5199,41.278466616,88.3050934984,-35.1712705128
-0.005,-0.0402,0.9248,0.378,-0.2362,-0.0175,0.7835,0.5744,-0.1936,0.1601,-0.8145,-0.5228,41.6194219628,88.4263631778,-34.8207075336
-0.0076,-0.039,0.9281,0.3699,-0.24,-0.0119,0.7892,0.5651,-0.1885,0.1796,-0.8042,-0.5341,43.0098416902,86.828977232,-36.139439025
-0.0091,-0.0385,0.9293,0.367,-0.2431,-0.0087,0.7926,0.559,-0.185,0.1864,-0.7994,-0.5402,43.9256935722,85.8119534344,-37.6081040978
-0.0091,-0.0385,0.9293,0.367,-0.2431,-0.0087,0.7926,0.559,-0.185,0.1864,-0.7994,-0.5402,44.3426879672,85.9909030488,-36.7329230032
-0.011,-0.0347,0.932,0.3604,-0.2429,-0.0011,0.7966,0.5534,-0.1845,0.1974,-0.7951,-0.5428,45.2867356032,84.7903093328,-37.948551548
-0.0138,-0.0339,0.9321,0.3601,-0.245,-0.0023,0.7961,0.5532,-0.1859,0.1966,-0.7948,-0.543,45.2789328108,84.9998222876,-38.0158194852
-0.0161,-0.0344,0.9307,0.3637,-0.2503,-0.0122,0.7907,0.5584,-0.1863,0.1917,-0.7977,-0.5405,45.0081076152,85.0365822394,-37.7254748496
-0.0192,-0.0314,0.9277,0.3713,-0.251,-0.02,0.7821,0.57,-0.1942,0.1613,-0.8087,-0.5312,44.1311457192,85.6899885454,-37.1032670596
-0.0192,-0.0314,0.9277,0.3713,-0.251,-0.02,0.7821,0.57,-0.1942,0.1613,-0.8087,-0.5312,43.1073419904,86.412680598,-36.3330369088
-0.0239,-0.0342,0.924,0.3799,-0.2554,-0.0321,0.7728,0.58,-0.1884,0.1075,-0.8082,-0.5473,42.7567983882,86.5648645464,-36.6533153886
-0.0252,-0.0361,0.922,0.3844,-0.2567,-0.0426,0.7662,0.5874,-0.184,0.0718,-0.7986,-0.5684,40.3113001424,88.4396154368,-35.2994695056
-0.0252,-0.0361,0.922,0.3844,-0.2567,-0.0426,0.7662,0.5874,-0.184,0.0718,-0.7986,-0.5684,37.384168582,90.3414639334,-32.7743097332
-0.0293,-0.0399,0.9197,0.3894,-0.2581,-0.0592,0.7573,0.5969,-0.1816,0.0206,-0.7895,-0.5858,36.9793449178,89.853692647,-33.8052276952
-0.0341,-0.0433,0.9161,0.397,-0.2636,-0.0748,0.7466,0.6061,-0.1787,-0.0184,-0.785,-0.5927,33.8020399588,91.60105855,-31.5948239592
-0.0341,-0.0433,0.9161,0.397,-0.2636,-0.0748,0.7466,0.6061,-0.1787,-0.0184,-0.785,-0.5927,31.1889426366,92.4910619238,-28.7220538998
-0.035,-0.0422,0.9154,0.3987,-0.2662,-0.0901,0.7366,0.6151,-0.1828,-0.0661,-0.7999,-0.5677,30.65013006,92.2791497496,-29.7497367456
-0.0372,-0.0443,0.913,0.4036,-0.2702,-0.1026,0.7305,0.6186,-0.179,-0.0981,-0.8155,-0.5414,28.363005916,92.9129792088,-27.5500852352
-0.0391,-0.0467,0.9149,0.3988,-0.2692,-0.1105,0.7283,0.6203,-0.1804,-0.1271,-0.8505,-0.4773,25.8596470696,92.9713332504,-26.2874822504
-0.0391,-0.0467,0.9149,0.3988,-0.2692,-0.1105,0.7283,0.6203,-0.1804,-0.1271,-0.8505,-0.4773,26.0688196536,92.9800158492,-26.141662014
-0.044,-0.0488,0.9132,0.402,-0.2714,-0.1142,0.7266,0.6206,-0.1793,-0.1349,-0.8572,-0.4633,24.1430217072,92.9999856844,-25.590648846
-0.0438,-0.0492,0.914,0.4,-0.267,-0.1208,0.725,0.6231,-0.1804,-0.1557,-0.8719,-0.4276,23.7776362744,93.102582462,-23.5070551208
-0.0487,-0.048,0.914,0.3999,-0.2712,-0.1218,0.7251,0.621,-0.176,-0.1614,-0.8739,-0.4232,23.6404991898,93.1386794806,-23.169439543
-0.0487,-0.048,0.914,0.3999,-0.2712,-0.1218,0.7251,0.621,-0.176,-0.1614,-0.8739,-0.4232,23.1584893448,92.8957394256,-23.811874793
-0.0474,-0.0473,0.9146,0.3987,-0.2721,-0.1222,0.7252,0.6204,-0.1763,-0.1668,-0.8774,-0.4136,22.9384821144,93.0167747244,-23.1183826008
-0.0466,-0.0463,0.9142,0.3998,-0.2708,-0.1188,0.724,0.6231,-0.1762,-0.1697,-0.8778,-0.4118,22.7694935632,92.8800911844,-22.967516468
-0.0466,-0.0463,0.9142,0.3998,-0.2708,-0.1188,0.724,0.6231,-0.1762,-0.1697,-0.8778,-0.4118,23.167448076,92.9344194038,-22.7693819494
-0.0451,-0.0448,0.9136,0.4016,-0.2688,-0.1104,0.7238,0.6257,-0.1761,-0.165,-0.876,-0.4174,23.375765331,92.8192926184,-23.2588005832
-0.0426,-0.0422,0.916,0.3964,-0.2666,-0.0932,0.7315,0.6205,-0.1719,-0.1363,-0.8721,-0.4371,23.585123848,92.7952874302,-23.0510610766
-0.0426,-0.0422,0.916,0.3964,-0.2666,-0.0932,0.7315,0.6205,-0.1719,-0.1363,-0.8721,-0.4371,24.818616113,92.3269413818,-24.7853115184
-0.0321,-0.0329,0.9165,0.3973,-0.2485,-0.0543,0.7452,0.6162,-0.1765,-0.0666,-0.8523,-0.4876,29.447407159,91.5095791384,-27.3082243278
-0.0237,-0.0263,0.9185,0.3937,-0.2365,-0.0376,0.7516,0.6145,-0.1822,-0.0374,-0.8411,-0.5077,29.530093814,91.8652841014,-27.1354387702
-0.0237,-0.0263,0.9185,0.3937,-0.2365,-0.0376,0.7516,0.6145,-0.1822,-0.0374,-0.8411,-0.5077,34.723514734,90.8406528404,-29.1086977972
-0.0162,-0.0208,0.9222,0.3856,-0.2146,-0.0139,0.7631,0.6093,-0.1912,0.0125,-0.827,-0.5283,36.9038707304,90.4295176616,-30.3618292168
-0.0114,-0.0208,0.9241,0.3814,-0.2054,-0.0067,0.7698,0.6041,-0.1948,0.0386,-0.8212,-0.5347,37.5151906282,90.4796659862,-30.3199128978
-0.0079,-0.023,0.9242,0.381,-0.2044,-0.0051,0.7735,0.5997,-0.1968,0.0673,-0.8151,-0.5405,38.6229782248,90.0223997556,-31.5305556932
-0.0043,-0.0242,0.9246,0.38,-0.2054,-0.0054,0.7761,0.596,-0.1997,0.0885,-0.8151,-0.5363,40.0522835024,89.711837441,-31.9411424574
-0.0043,-0.0242,0.9246,0.38,-0.2054,-0.0054,0.7761,0.596,-0.1997,0.0885,-0.8151,-0.5363,40.3752588498,89.6107164324,-32.4273837456
-0.0039,-0.0245,0.9249,0.3792,-0.2099,-0.0047,0.7788,0.591,-0.2026,0.108,-0.8159,-0.5306,42.3446491596,88.6338481954,-33.3471693502
-0.0036,-0.0269,0.9263,0.3756,-0.2202,-0.0054,0.7843,0.5798,-0.2028,0.1378,-0.8152,-0.5245,43.753280544,87.307245598,-34.978353418
-0.0025,-0.0262,0.9284,0.3706,-0.223,-0.0004,0.7889,0.5725,-0.2012,0.1574,-0.8155,-0.5192,44.0713390568,87.4245776312,-34.7890757856
-0.0025,-0.0262,0.9284,0.3706,-0.223,-0.0004,0.7889,0.5725,-0.2012,0.1574,-0.8155,-0.5192,45.5805761392,86.1213525712,-35.4369711264
-0.0033,-0.0243,0.9297,0.3674,-0.2242,0.0023,0.791,0.5691,-0.2019,0.1586,-0.8168,-0.5164,46.275862892,85.7452747784,-35.7333681088
-0.0047,-0.0227,0.9309,0.3644,-0.2267,0.002,0.7904,0.5689,-0.2029,0.1443,-0.8214,-0.513,46.0563557358,85.8968891522,-35.5300988718
-0.0047,-0.0227,0.9309,0.3644,-0.2267,0.002,0.7904,0.5689,-0.2029,0.1443,-0.8214,-0.513,45.9865373742,85.7510156452,-36.3623470236
-0.0102,-0.0216,0.929,0.369,-0.2309,-0.0054,0.7825,0.5781,-0.2098,0.118,-0.8222,-0.5156,45.1368481452,86.394573348,-35.1467327268
-0.0126,-0.0199,0.9284,0.3707,-0.2308,-0.0064,0.7802,0.5812,-0.2131,0.1071,-0.8212,-0.5183,44.6701386336,86.4999717424,-35.3267769744
-0.0126,-0.0199,0.9284,0.3707,-0.2308,-0.0064,0.7802,0.5812,-0.2131,0.1071,-0.8212,-0.5183,43.9639680368,86.9286058728,-35.1649722632
-0.0167,-0.0191,0.9268,0.3745,-0.2333,-0.0095,0.7759,0.5859,-0.2166,0.0826,-0.819,-0.5247,41.871091964,87.9201690232,-34.8081265836
-0.02,-0.0208,0.9266,0.3746,-0.2307,-0.0144,0.7734,0.5902,-0.2174,0.059,-0.8233,-0.5208,41.962745087,87.8400872116,-34.8416986342
-0.0242,-0.0201,0.9261,0.3758,-0.2294,-0.0172,0.7706,0.5941,-0.2192,0.042,-0.8303,-0.5105,41.422036445,88.3621578204,-34.3171830928
-0.0264,-0.0237,0.9233,0.3823,-0.2339,-0.0266,0.7643,0.6003,-0.2154,0.028,-0.8339,-0.5072,40.2562693806,89.2639992352,-33.5311651574
-0.0263,-0.025,0.9221,0.385,-0.2338,-0.0325,0.7604,0.6049,-0.2151,0.0151,-0.8395,-0.4986,40.2199959222,89.1095791062,-33.2402482986
-0.0263,-0.025,0.9221,0.385,-0.2338,-0.0325,0.7604,0.6049,-0.2151,0.0151,-0.8395,-0.4986,38.8637819358,90.1597165084,-31.653226982
-0.0281,-0.03,0.9188,0.3924,-0.2428,-0.049,0.7529,0.6096,-0.2139,0.0003,-0.8419,-0.4953,36.4087529684,91.1162945584,-30.2481766256
-0.0284,-0.0355,0.9165,0.3972,-0.2507,-0.069,0.7455,0.6135,-0.2062,-0.033,-0.8511,-0.4815,36.6205201194,90.7913349106,-30.8523613276
-0.0284,-0.0355,0.9165,0.3972,-0.2507,-0.069,0.7455,0.6135,-0.2062,-0.033,-0.8511,-0.4815,33.1632888532,92.0744465996,-28.6036152712
-0.0303,-0.0378,0.9158,0.3984,-0.2584,-0.0837,0.7394,0.6159,-0.2008,-0.0656,-0.8633,-0.4581,30.7903369076,92.49179122,-27.5110200912
-0.0304,-0.0387,0.9154,0.3994,-0.2603,-0.0892,0.7362,0.6182,-0.1951,-0.0896,-0.872,-0.4396,30.649270494,92.367429234,-27.7510877164
-0.0322,-0.0411,0.9146,0.4008,-0.2651,-0.1023,0.7298,0.6217,-0.1908,-0.1215,-0.8831,-0.4108,28.3619058674,92.8012993178,-25.8105876246
-0.0322,-0.0411,0.9146,0.4008,-0.2651,-0.1023,0.7298,0.6217,-0.1908,-0.1215,-0.8831,-0.4108,25.9843545642,92.7272831484,-24.4997168222
-0.0333,-0.0449,0.9134,0.403,-0.2685,-0.1167,0.7239,0.6246,-0.19,-0.1422,-0.8898,-0.3895,25.8759335544,92.6777117576,-24.6142699264
-0.0328,-0.0458,0.9128,0.4043,-0.2703,-0.1217,0.7234,0.6235,-0.1891,-0.1492,-0.8915,-0.3834,24.939041564,92.7815562692,-23.519930558
-0.0322,-0.046,0.9124,0.4053,-0.2702,-0.1232,0.7232,0.6234,-0.1892,-0.1525,-0.8913,-0.3826,24.2458204094,92.7348352646,-23.5711037308
-0.0322,-0.046,0.9124,0.4053,-0.2702,-0.1232,0.7232,0.6234,-0.1892,-0.1525,-0.8913,-0.3826,24.2661759298,92.6990359346,-23.7026373272
-0.0315,-0.0462,0.9126,0.4048,-0.2687,-0.1197,0.7242,0.6235,-0.1901,-0.1562,-0.8912,-0.3808,24.5292015584,92.713785072,-23.9286505408
-0.028,-0.0457,0.912,0.4064,-0.2623,-0.11,0.7248,0.6274,-0.1919,-0.1531,-0.8872,-0.3906,25.370055966,92.7736355568,-23.6437847284
-0.028,-0.0457,0.912,0.4064,-0.2623,-0.11,0.7248,0.6274,-0.1919,-0.1531,-0.8872,-0.3906,25.6054508168,92.6629380664,-23.828348932
-0.0209,-0.0436,0.9123,0.4065,-0.2528,-0.0928,0.7322,0.6254,-0.1932,-0.129,-0.8755,-0.4235,27.156611465,92.6638545084,-24.5034652488
-0.0181,-0.0415,0.9121,0.4074,-0.2478,-0.0825,0.7368,0.6235,-0.1927,-0.0956,-0.8629,-0.4571,31.469668647,92.0368820642,-26.9242286836
-0.009,-0.0335,0.9128,0.4069,-0.227,-0.051,0.7468,0.6229,-0.1921,-0.015,-0.8334,-0.5179,31.3824384768,92.2283657408,-27.1571027128
-0.0026,-0.0269,0.916,0.4,-0.21,-0.0297,0.753,0.6228,-0.1992,0.0372,-0.8212,-0.5333,36.1347091152,91.1983117712,-28.5134201892
-0.0026,-0.0269,0.916,0.4,-0.21,-0.0297,0.753,0.6228,-0.1992,0.0372,-0.8212,-0.5333,38.9388126364,90.243667854,-30.5748462532
-0.0012,-0.0232,0.9169,0.3983,-0.2073,-0.018,0.7579,0.6182,-0.2009,0.0749,-0.8114,-0.5436,38.7020426358,90.3889912762,-30.6517169492
0.0003,-0.0199,0.9185,0.3948,-0.2071,-0.0084,0.7631,0.6121,-0.1956,0.0996,-0.8118,-0.5409,40.4266970586,89.255282503,-32.333442162
-0.0004,-0.0186,0.919,0.3936,-0.2103,-0.0064,0.7638,0.61,-0.1953,0.1083,-0.8093,-0.543,42.4656504794,88.1131573168,-33.618732234
-0.0004,-0.0186,0.919,0.3936,-0.2103,-0.0064,0.7638,0.61,-0.1953,0.1083,-0.8093,-0.543,42.3359653212,88.4054491518,-33.1863920438
0.0002,-0.0162,0.9182,0.3957,-0.2194,-0.0032,0.7645,0.6059,-0.197,0.1282,-0.8039,-0.5462,44.4587437208,87.1181799392,-33.4035707276
-0.0016,-0.015,0.9219,0.387,-0.2261,0.0002,0.7702,0.5963,-0.2022,0.1491,-0.8026,-0.5409,45.922750558,85.295549334,-35.214786986
-0.0016,-0.015,0.9219,0.387,-0.2261,0.0002,0.7702,0.5963,-0.2022,0.1491,-0.8026,-0.5409,46.1283513066,85.4615758724,-34.9240205526
-0.0033,-0.0137,0.9247,0.3802,-0.2333,0.0046,0.7774,0.584,-0.2057,0.1694,-0.7958,-0.5437,46.5431877998,84.0735589852,-36.5313032146
-0.0032,-0.0134,0.9267,0.3754,-0.2334,0.0078,0.7821,0.5776,-0.2045,0.1781,-0.7937,-0.5444,47.212568156,83.6893730628,-37.1296047476
-0.0048,-0.0148,0.9279,0.3724,-0.2362,0.0054,0.7835,0.5745,-0.2066,0.1787,-0.7946,-0.542,47.5793950118,83.861309818,-36.5735179516
-0.0106,-0.0181,0.9255,0.3781,-0.2422,-0.012,0.7739,0.5849,-0.2114,0.155,-0.8041,-0.5335,46.1476066056,84.8895724182,-36.3447574652
-0.0106,-0.0181,0.9255,0.3781,-0.2422,-0.012,0.7739,0.5849,-0.2114,0.155,-0.8041,-0.5335,43.4979138616,86.4844333256,-35.747481696
-0.0155,-0.0202,0.9227,0.3843,-0.2452,-0.024,0.765,0.5949,-0.2152,0.1232,-0.8065,-0.5366,43.0707449996,86.4362549934,-35.9913947702
-0.0183,-0.0225,0.9204,0.3899,-0.2459,-0.0362,0.7562,0.6052,-0.22,0.0628,-0.8022,-0.5513,41.1804386098,88.0716829838,-34.439516192
-0.0182,-0.028,0.9165,0.3986,-0.249,-0.0561,0.7483,0.6121,-0.1998,0.0073,-0.7888,-0.5811,37.8173894644,90.1356572934,-32.6331024742
-0.0182,-0.028,0.9165,0.3986,-0.249,-0.0561,0.7483,0.6121,-0.1998,0.0073,-0.7888,-0.5811,37.2772271752,89.66420032,-33.1832809004
-0.0179,-0.0305,0.9158,0.3999,-0.2506,-0.0642,0.7453,0.6143,-0.1921,-0.0255,-0.7937,-0.5765,33.7304876256,91.59179624,-30.4177425812
-0.0202,-0.0334,0.914,0.4036,-0.2585,-0.0825,0.7373,0.6185,-0.1876,-0.0646,-0.8056,-0.5582,30.9229136056,92.273146732,-28.7090329336
-0.0202,-0.0334,0.914,0.4036,-0.2585,-0.0825,0.7373,0.6185,-0.1876,-0.0646,-0.8056,-0.5582,30.8538882654,92.0895144972,-29.084797335
-0.0217,-0.0345,0.913,0.4058,-0.2608,-0.0933,0.7297,0.625,-0.1887,-0.1015,-0.8302,-0.5145,29.6240200764,92.6418536802,-27.109153965
-0.0272,-0.0359,0.9108,0.4103,-0.2668,-0.1057,0.7222,0.6292,-0.186,-0.1317,-0.851,-0.4729,27.403247288,92.9091731546,-25.8025180008
-0.0272,-0.0359,0.9108,0.4103,-0.2668,-0.1057,0.7222,0.6292,-0.186,-0.1317,-0.851,-0.4729,27.1368983388,92.930811138,-25.2501197184
-0.0256,-0.0378,0.9093,0.4135,-0.2651,-0.1149,0.7167,0.6345,-0.1909,-0.158,-0.8646,-0.437,25.7272845426,93.134082551,-23.1851247168
-0.0293,-0.0375,0.9085,0.4152,-0.2679,-0.1169,0.7157,0.6342,-0.1882,-0.1685,-0.8686,-0.4261,25.746637516,92.787324134,-23.646074792
-0.0291,-0.0375,0.9084,0.4152,-0.2692,-0.1193,0.7162,0.6326,-0.1879,-0.172,-0.8696,-0.4229,25.4633044826,92.915539471,-23.139972706
-0.0285,-0.0394,0.9084,0.4151,-0.2707,-0.1204,0.7161,0.6318,-0.1878,-0.175,-0.8739,-0.4127,25.1719350854,93.142938851,-23.2517381956
-0.0285,-0.0394,0.9084,0.4151,-0.2707,-0.1204,0.7161,0.6318,-0.1878,-0.175,-0.8739,-0.4127,24.784101767,93.0357703634,-23.34496563
-0.0284,-0.0397,0.9087,0.4144,-0.2692,-0.117,0.7169,0.6323,-0.1868,-0.174,-0.8742,-0.4127,25.0486756124,92.959824405,-23.0992942778
-0.0261,-0.0388,0.9086,0.4149,-0.2637,-0.1066,0.7188,0.6342,-0.1882,-0.1691,-0.8715,-0.4199,25.4107168092,92.9048290682,-23.3134943682
-0.0194,-0.0317,0.9108,0.4109,-0.252,-0.0782,0.7308,0.6294,-0.1879,-0.1333,-0.8639,-0.4478,27.173437744,92.6542381592,-24.0368303944
-0.0194,-0.0317,0.9108,0.4109,-0.252,-0.0782,0.7308,0.6294,-0.1879,-0.1333,-0.8639,-0.4478,27.2790786888,92.6653266464,-24.3621266054
-0.0144,-0.025,0.9129,0.407,-0.239,-0.052,0.7407,0.6256,-0.19,-0.0897,-0.8551,-0.4738,31.4478702072,91.514266888,-27.8151558322
-0.0109,-0.017,0.9159,0.4008,-0.2252,-0.0268,0.7494,0.6219,-0.196,-0.0224,-0.8388,-0.5072,35.0425031772,90.6430331678,-29.8899307062
-0.0109,-0.017,0.9159,0.4008,-0.2252,-0.0268,0.7494,0.6219,-0.196,-0.0224,-0.8388,-0.5072,34.8191554568,90.9700797818,-29.4639465038
-0.0063,-0.0135,0.9167,0.3991,-0.2177,-0.0153,0.7531,0.6205,-0.2059,0.0189,-0.8279,-0.5212,37.1035948112,90.3480992544,-30.2694162264
-0.0032,-0.0128,0.9172,0.398,-0.2152,-0.0083,0.759,0.6143,-0.2118,0.0427,-0.8234,-0.5246,38.2882996226,89.5182592494,-31.786352451
-0.0032,-0.0128,0.9172,0.398,-0.2152,-0.0083,0.759,0.6143,-0.2118,0.0427,-0.8234,-0.5246,38.7005829208,89.5438728568,-32.098879964
-0.0023,-0.0147,0.9195,0.3926,-0.2184,-0.0061,0.7644,0.6065,-0.2138,0.0704,-0.8211,-0.5245,38.9905847288,88.7541126776,-33.8420371832
-0.0003,-0.0142,0.9201,0.3911,-0.2194,-0.0033,0.7669,0.603,-0.2164,0.0894,-0.8201,-0.5219,41.1332100588,88.134329474,-33.9706955676
0.0005,-0.0137,0.9205,0.3902,-0.2202,-0.0021,0.7676,0.6018,-0.2171,0.0958,-0.8198,-0.521,41.1645320274,88.203969713,-34.2257732476
0.0005,-0.0137,0.9205,0.3902,-0.2202,-0.0021,0.7676,0.6018,-0.2171,0.0958,-0.8198,-0.521,42.0985043054,87.578690123,-34.8492516196
-0.0026,-0.0134,0.9207,0.3898,-0.2247,-0.0045,0.7669,0.6011,-0.2196,0.0905,-0.821,-0.519,40.878117544,88.2001265306,-34.5580625142
-0.0118,-0.0172,0.9187,0.3943,-0.2332,-0.0226,0.758,0.6085,-0.2241,0.064,-0.822,-0.5194,40.8510953044,88.2213711886,-34.2543561042
-0.0171,-0.0188,0.9173,0.3972,-0.2383,-0.0371,0.7535,0.6115,-0.221,0.0287,-0.8218,-0.5242,37.6540466828,89.9119365052,-32.4913346202
-0.0171,-0.0188,0.9173,0.3972,-0.2383,-0.0371,0.7535,0.6115,-0.221,0.0287,-0.8218,-0.5242,35.4251722724,90.6905687008,-31.131577326
-0.0233,-0.0219,0.9169,0.3977,-0.2495,-0.0548,0.7469,0.6138,-0.205,-0.0281,-0.8197,-0.534,35.2530779966,90.6305319454,-30.9986550158
-0.0235,-0.0244,0.9151,0.4017,-0.254,-0.0709,0.7388,0.62,-0.1978,-0.0792,-0.8363,-0.505,31.950363326,91.8564735732,-28.7092167336
-0.0235,-0.0244,0.9151,0.4017,-0.254,-0.0709,0.7388,0.62,-0.1978,-0.0792,-0.8363,-0.505,30.066392366,92.0369666746,-26.9092374372
-0.0248,-0.0243,0.9149,0.4021,-0.2563,-0.0757,0.7362,0.6215,-0.1943,-0.0903,-0.8417,-0.4954,29.7632380632,91.9141284408,-27.2739399192
-0.0288,-0.0265,0.9128,0.4063,-0.2609,-0.0897,0.7277,0.6278,-0.1856,-0.1328,-0.8624,-0.4517,27.997366456,92.3630289972,-25.150971996
-0.0309,-0.0295,0.9122,0.4073,-0.2637,-0.1022,0.7197,0.6339,-0.1846,-0.1617,-0.8761,-0.4148,26.324973072,92.4707672458,-23.8592346736
-0.0309,-0.0295,0.9122,0.4073,-0.2637,-0.1022,0.7197,0.6339,-0.1846,-0.1617,-0.8761,-0.4148,26.278533941,92.4056963386,-23.7591359502
-0.03,-0.033,0.9091,0.4141,-0.264,-0.1138,0.7145,0.6376,-0.1848,-0.1826,-0.8814,-0.3943,25.115416501,92.7195368826,-21.8146654232
-0.0293,-0.0348,0.9082,0.416,-0.2648,-0.1175,0.7133,0.638,-0.1832,-0.19,-0.8835,-0.3868,24.752384924,92.525787965,-22.091254209
-0.0294,-0.0356,0.9079,0.4165,-0.266,-0.1194,0.7138,0.6367,-0.1824,-0.1926,-0.8838,-0.3853,24.81916574,92.503814602,-22.206136874
-0.028,-0.0368,0.909,0.414,-0.2667,-0.1201,0.7153,0.6345,-0.182,-0.1952,-0.8877,-0.3749,24.593636188,92.5746573848,-22.4992353136
-0.028,-0.0368,0.909,0.414,-0.2667,-0.1201,0.7153,0.6345,-0.182,-0.1952,-0.8877,-0.3749,24.567480981,92.6117263942,-22.4019089932
-0.0269,-0.037,0.9087,0.4147,-0.2641,-0.1151,0.7152,0.6365,-0.1818,-0.1959,-0.8883,-0.3735,24.8222673444,92.5870044276,-22.2712800836
-0.0186,-0.0313,0.9095,0.4139,-0.2542,-0.0927,0.7225,0.6361,-0.1827,-0.1853,-0.8826,-0.3914,25.7769993538,92.6514386678,-22.2175966948
-0.0186,-0.0313,0.9095,0.4139,-0.2542,-0.0927,0.7225,0.6361,-0.1827,-0.1853,-0.8826,-0.3914,30.6183722936,91.8113238848,-25.287858716
-0.0091,-0.0202,0.9135,0.406,-0.2341,-0.0493,0.742,0.626,-0.1888,-0.1259,-0.8709,-0.4358,30.5910422976,92.0962736852,-25.3635657204
-0.0083,-0.0162,0.9159,0.4008,-0.2272,-0.0358,0.7481,0.6224,-0.1906,-0.0747,-0.8577,-0.4714,34.9539931838,90.5095165672,-29.9701981466
-0.0083,-0.0162,0.9159,0.4008,-0.2272,-0.0358,0.7481,0.6224,-0.1906,-0.0747,-0.8577,-0.4714,38.9464224526,89.6326874522,-31.2551096228
-0.0052,-0.0092,0.9193,0.3933,-0.2143,-0.0113,0.757,0.617,-0.1988,0.0019,-0.8352,-0.5126,38.5465635498,89.8162613872,-31.1569019224
-0.0013,-0.0066,0.9191,0.3937,-0.2077,0.0004,0.7612,0.6142,-0.2043,0.0362,-0.8283,-0.5203,40.864145352,88.8448502642,-31.8536707038
-0.0028,-0.0084,0.9218,0.3875,-0.2139,0.0062,0.7681,0.6034,-0.2048,0.067,-0.8265,-0.5198,41.8691367504,87.4910774886,-34.764392919
-0.0028,-0.0084,0.9218,0.3875,-0.2139,0.0062,0.7681,0.6034,-0.2048,0.067,-0.8265,-0.5198,42.5581532304,87.7777216248,-34.007468708
-0.0033,-0.0092,0.9248,0.3803,-0.2232,0.0078,0.7752,0.5908,-0.2026,0.0964,-0.8292,-0.5118,43.9523354176,86.3438400512,-36.033177952
-0.0042,-0.0083,0.9269,0.375,-0.2303,0.0114,0.7809,0.5805,-0.2039,0.1199,-0.8276,-0.5089,45.9745748238,85.0442037282,-36.4723816398
-0.0058,-0.0076,0.9296,0.3684,-0.2318,0.0146,0.7854,0.5737,-0.2045,0.131,-0.8278,-0.5056,46.0449321076,85.083091624,-36.2609228848
-0.0058,-0.0076,0.9296,0.3684,-0.2318,0.0146,0.7854,0.5737,-0.2045,0.131,-0.8278,-0.5056,46.5273433316,84.232403285,-37.2580966298
-0.0084,-0.0083,0.9294,0.3687,-0.2333,0.0126,0.7845,0.5742,-0.2058,0.1295,-0.8291,-0.5033,45.4993411808,85.1411750932,-36.5825054372
-0.0148,-0.0108,0.9269,0.3747,-0.2377,-0.0023,0.7752,0.5851,-0.2097,0.1092,-0.8323,-0.501,45.5157396486,85.2226204,-36.5069057852
-0.0186,-0.0146,0.9231,0.3836,-0.2387,-0.0152,0.7659,0.5966,-0.2176,0.0652,-0.8278,-0.5128,42.4656844264,87.392321235,-35.0476233698
-0.0186,-0.0146,0.9231,0.3836,-0.2387,-0.0152,0.7659,0.5966,-0.2176,0.0652,-0.8278,-0.5128,38.0414630968,89.8440246732,-32.8285588808
-0.022,-0.0223,0.9187,0.3935,-0.2444,-0.0372,0.7543,0.608,-0.1968,-0.0063,-0.8293,-0.5228,37.6532043118,89.4511299658,-33.5119234214
-0.022,-0.0223,0.9187,0.3935,-0.2444,-0.0372,0.7543,0.608,-0.1968,-0.0063,-0.8293,-0.5228,33.5876066074,91.525234336,-29.9124829484
-0.0226,-0.0241,0.9173,0.3967,-0.2474,-0.0466,0.7496,0.6119,-0.1845,-0.0612,-0.832,-0.5195,29.9475349866,92.065446774,-28.139821758
-0.0264,-0.0294,0.9161,0.3987,-0.2588,-0.069,0.7379,0.6194,-0.1757,-0.1192,-0.8455,-0.4899,29.696842667,91.8013683784,-28.4225355038
-0.0275,-0.034,0.9123,0.4069,-0.264,-0.0894,0.7271,0.6272,-0.1741,-0.1503,-0.8562,-0.4625,27.648147409,92.5204223568,-25.1621724576
-0.0292,-0.0398,0.9091,0.4136,-0.2662,-0.108,0.7167,0.6353,-0.1737,-0.1691,-0.8616,-0.4459,25.6487585404,92.974517086,-22.7077230864
-0.0294,-0.0413,0.907,0.4179,-0.267,-0.1161,0.7119,0.639,-0.1756,-0.1817,-0.8687,-0.4259,25.649643544,92.912577045,-23.3478208926
-0.0305,-0.0422,0.9061,0.4196,-0.268,-0.1203,0.7097,0.6402,-0.1757,-0.1893,-0.8702,-0.4193,24.9200841204,93.2404561562,-21.3730549044
-0.0308,-0.0431,0.9052,0.4216,-0.269,-0.1244,0.709,0.6398,-0.1748,-0.193,-0.8709,-0.4168,24.3631006204,93.2956838236,-20.9871638954
-0.0308,-0.0439,0.9055,0.4208,-0.2706,-0.1281,0.7086,0.6388,-0.1741,-0.1984,-0.8759,-0.4038,24.1258209956,93.1839661212,-21.1811813508
-0.0308,-0.0439,0.9055,0.4208,-0.2706,-0.1281,0.7086,0.6388,-0.1741,-0.1984,-0.8759,-0.4038,23.7773605368,93.209686804,-21.3080475864
-0.0307,-0.0446,0.905,0.4219,-0.2715,-0.1279,0.7084,0.6387,-0.1732,-0.202,-0.8776,-0.3986,23.9440701156,93.145137018,-21.2144608548
-0.0296,-0.0441,0.9057,0.4204,-0.269,-0.1211,0.7105,0.6388,-0.1736,-0.2027,-0.8778,-0.3975,24.0465135768,93.1064118564,-21.2225512644
-0.0296,-0.0441,0.9057,0.4204,-0.269,-0.1211,0.7105,0.6388,-0.1736,-0.2027,-0.8778,-0.3975,24.7320450564,92.9970717816,-21.835771254
-0.0256,-0.04,0.9058,0.4208,-0.2618,-0.107,0.7126,0.6419,-0.1754,-0.2001,-0.8752,-0.4038,27.4736442144,92.6409949076,-22.5331806288
-0.0228,-0.0363,0.9061,0.4206,-0.255,-0.0903,0.7177,0.6414,-0.1744,-0.1914,-0.8732,-0.4127,27.1802465206,92.7744447414,-22.7106779794
-0.0159,-0.0255,0.907,0.4199,-0.2403,-0.0557,0.7308,0.6363,-0.1748,-0.1349,-0.8622,-0.4558,30.9473410922,91.8448565282,-25.6106020958
-0.0122,-0.0177,0.9123,0.4088,-0.2276,-0.0305,0.7418,0.63,-0.1812,-0.0595,-0.842,-0.5045,34.0910518892,90.9938129318,-28.1435350138
-0.0122,-0.0177,0.9123,0.4088,-0.2276,-0.0305,0.7418,0.63,-0.1812,-0.0595,-0.842,-0.5045,34.082604726,91.317847535,-27.743826212
-0.007,-0.012,0.9138,0.4057,-0.2158,-0.0114,0.7495,0.6256,-0.1908,0,-0.824,-0.5332,37.0805633448,90.254994804,-29.2900680246
-0.0045,-0.0106,0.9171,0.3983,-0.2141,-0.0003,0.7588,0.615,-0.1981,0.041,-0.8232,-0.5303,38.5984334718,89.1251645238,-32.2593875058
-0.0037,-0.0111,0.9177,0.3968,-0.2149,0.0028,0.7619,0.611,-0.2015,0.0638,-0.8217,-0.5291,39.22881342,89.4681241728,-31.8032985256
-0.0037,-0.0111,0.9177,0.3968,-0.2149,0.0028,0.7619,0.611,-0.2015,0.0638,-0.8217,-0.5291,40.214058931,88.3894304448,-33.7716060466
-0.002,-0.0125,0.9196,0.3923,-0.2174,0.0047,0.7662,0.6046,-0.2,0.0869,-0.823,-0.5244,42.190144335,87.689375452,-34.448050133
-0.003,-0.0122,0.9216,0.3876,-0.2224,0.0095,0.7714,0.5961,-0.2037,0.109,-0.8224,-0.5197,42.332712146,87.6761145082,-34.3818078006
-0.0046,-0.0121,0.9262,0.3768,-0.2277,0.013,0.7788,0.5843,-0.2031,0.1245,-0.8254,-0.5117,43.533597412,86.3001085292,-36.2057240236
-0.0075,-0.0123,0.9273,0.3739,-0.233,0.0125,0.7807,0.5796,-0.2052,0.1256,-0.8266,-0.5086,44.2935003944,85.3907893824,-37.6295416592
-0.0075,-0.0123,0.9273,0.3739,-0.233,0.0125,0.7807,0.5796,-0.2052,0.1256,-0.8266,-0.5086,44.6239228278,85.6344763374,-36.5658724332
-0.0089,-0.0129,0.9268,0.3751,-0.2345,0.0076,0.7774,0.5835,-0.2073,0.1209,-0.8275,-0.5075,44.7294228938,85.8390980374,-36.2843152692
-0.0151,-0.0142,0.925,0.3793,-0.24,-0.0065,0.7697,0.5914,-0.2135,0.1007,-0.8275,-0.5092,42.8475441414,86.8269735348,-35.630591972
-0.0205,-0.0151,0.9215,0.3873,-0.2432,-0.0164,0.7628,0.5988,-0.2227,0.0661,-0.8231,-0.5181,42.6756989418,86.870577535,-35.5917973814
-0.0205,-0.0151,0.9215,0.3873,-0.2432,-0.0164,0.7628,0.5988,-0.2227,0.0661,-0.8231,-0.5181,40.5426841948,88.296905778,-34.3495188436
-0.0233,-0.02,0.9202,0.3901,-0.2457,-0.0322,0.7553,0.6066,-0.2114,0.0051,-0.8275,-0.52,37.138603301,90.414845343,-31.527518579
-0.0253,-0.0279,0.9154,0.4005,-0.2529,-0.0551,0.7462,0.6132,-0.1838,-0.0673,-0.8376,-0.5098,36.7829907984,90.037682829,-32.1989118582
-0.0253,-0.0279,0.9154,0.4005,-0.2529,-0.0551,0.7462,0.6132,-0.1838,-0.0673,-0.8376,-0.5098,32.7861517968,91.698141001,-29.4053396174
-0.0267,-0.0353,0.9142,0.4027,-0.26,-0.0767,0.7385,0.6171,-0.1791,-0.1156,-0.852,-0.478,30.0294916134,92.4120981148,-27.1843135882
-0.0282,-0.039,0.9108,0.41,-0.2617,-0.0915,0.729,0.6257,-0.1787,-0.1541,-0.8711,-0.4305,30.3706200248,92.2317253476,-27.97166253
-0.0282,-0.039,0.9108,0.41,-0.2617,-0.0915,0.729,0.6257,-0.1787,-0.1541,-0.8711,-0.4305,28.6746971576,92.8771503222,-25.200388515
-0.0305,-0.0397,0.911,0.4092,-0.2649,-0.0993,0.7239,0.6291,-0.1781,-0.166,-0.8753,-0.4177,26.6752684008,93.1378119894,-23.916264281
-0.0331,-0.0429,0.909,0.413,-0.2667,-0.1126,0.7166,0.6345,-0.176,-0.1889,-0.8796,-0.3994,26.42038639,92.948492005,-23.582565725
-0.0331,-0.0429,0.909,0.413,-0.2667,-0.1126,0.7166,0.6345,-0.176,-0.1889,-0.8796,-0.3994,25.1422759104,93.3178828978,-21.975185061
-0.0317,-0.0469,0.9071,0.4168,-0.268,-0.1207,0.7145,0.6347,-0.1763,-0.197,-0.8819,-0.3901,24.2288807234,93.2023093292,-21.793514607
-0.0313,-0.0492,0.9063,0.4184,-0.2689,-0.1251,0.7149,0.6331,-0.1752,-0.1996,-0.8836,-0.3856,24.2474649186,93.1038676104,-22.1123737624
-0.0312,-0.0496,0.9069,0.4172,-0.2681,-0.1254,0.7152,0.633,-0.176,-0.2032,-0.8847,-0.3806,24.12110641,93.055146559,-22.2828146528
-0.0311,-0.0501,0.9065,0.4179,-0.2681,-0.1264,0.7147,0.6334,-0.1743,-0.2051,-0.8854,-0.3788,24.0452288,93.1238509608,-21.9956516744
-0.0309,-0.0503,0.9066,0.4176,-0.2682,-0.1266,0.7148,0.6332,-0.1746,-0.2058,-0.8859,-0.3771,23.7707295544,93.0871513568,-21.96242748
-0.0306,-0.0504,0.9066,0.4177,-0.268,-0.1265,0.7143,0.6339,-0.174,-0.2044,-0.8861,-0.3778,23.8807325846,93.1201614448,-21.9768762966
-0.0302,-0.0507,0.9063,0.4182,-0.2678,-0.1263,0.7143,0.634,-0.1741,-0.205,-0.8857,-0.3782,23.6603524494,93.0495843876,-21.9311019544
-0.0302,-0.0507,0.9063,0.4182,-0.2678,-0.1263,0.7143,0.634,-0.1741,-0.205,-0.8857,-0.3782,23.82841161,93.0838666336,-21.9152223696
-0.0281,-0.0503,0.9064,0.4182,-0.2658,-0.123,0.7147,0.6351,-0.1767,-0.2062,-0.8839,-0.3805,24.134165595,93.0971316316,-22.0271817876
-0.022,-0.0463,0.9077,0.4163,-0.2585,-0.1057,0.7191,0.6362,-0.1812,-0.195,-0.8793,-0.3946,25.886062774,92.886811843,-22.9943928844
-0.022,-0.0463,0.9077,0.4163,-0.2585,-0.1057,0.7191,0.6362,-0.1812,-0.195,-0.8793,-0.3946,26.2115804972,92.9285458052,-22.6586611396
-0.0126,-0.0369,0.9083,0.4164,-0.2431,-0.0755,0.7295,0.6348,-0.1849,-0.1578,-0.8709,-0.427,29.6266115164,92.2778559568,-24.4840911776
-0.0053,-0.0279,0.9108,0.4117,-0.2265,-0.0459,0.7418,0.6295,-0.19,-0.0983,-0.863,-0.4575,32.8887741706,91.5592171444,-27.2561981732
-0.0037,-0.023,0.915,0.4026,-0.2167,-0.0261,0.751,0.623,-0.1988,-0.0261,-0.846,-0.4938,32.7441339146,91.780817024,-27.134971179
-0.002,-0.0214,0.9158,0.4009,-0.2123,-0.0181,0.7546,0.6205,-0.208,0.0083,-0.8385,-0.5034,35.4195698732,90.8140749104,-29.7272104884
-0.002,-0.0214,0.9158,0.4009,-0.2123,-0.0181,0.7546,0.6205,-0.208,0.0083,-0.8385,-0.5034,37.220857907,90.292374619,-30.847587667
-0.0007,-0.0202,0.9171,0.3979,-0.2114,-0.0122,0.7587,0.6159,-0.2113,0.0394,-0.8328,-0.5099,37.1363921052,90.3266418654,-30.803073244
-0.0006,-0.0201,0.9172,0.3978,-0.2138,-0.0106,0.7604,0.613,-0.2166,0.0662,-0.8261,-0.5158,37.8011586958,89.9049902316,-32.171839586
0.0001,-0.0208,0.9175,0.3971,-0.215,-0.0108,0.7616,0.6111,-0.2176,0.078,-0.8247,-0.5161,38.459871747,89.7445327582,-31.987004552
0.0001,-0.0208,0.9175,0.3971,-0.215,-0.0108,0.7616,0.6111,-0.2176,0.078,-0.8247,-0.5161,38.651591885,89.672270516,-32.2845836556
-0.0007,-0.0216,0.9166,0.399,-0.2164,-0.013,0.7607,0.6117,-0.2213,0.08,-0.8233,-0.5164,38.5535857204,89.436302308,-32.5110764014
-0.0018,-0.0223,0.916,0.4003,-0.2177,-0.0153,0.7595,0.6127,-0.224,0.0778,-0.8233,-0.5155,38.4998497136,89.5845155804,-31.7736312032
-0.0018,-0.0223,0.916,0.4003,-0.2177,-0.0153,0.7595,0.6127,-0.224,0.0778,-0.8233,-0.5155,38.6057008848,89.6320257632,-32.3446970994
-0.0057,-0.0241,0.9146,0.4036,-0.2229,-0.0231,0.7549,0.6163,-0.2286,0.0657,-0.8229,-0.5159,37.6795334964,89.9871920354,-31.9033053362
-0.0105,-0.0266,0.9132,0.4063,-0.2293,-0.0339,0.7485,0.6212,-0.2306,0.0532,-0.8235,-0.5155,36.12849351,90.6989058676,-30.9413624288
-0.0144,-0.0313,0.9105,0.412,-0.2387,-0.0546,0.739,0.6275,-0.231,0.0238,-0.8273,-0.5114,36.0635581392,90.6408429536,-30.8735733376
-0.0144,-0.0313,0.9105,0.412,-0.2387,-0.0546,0.739,0.6275,-0.231,0.0238,-0.8273,-0.5114,33.2501050274,91.9741640212,-28.3865442088
-0.0155,-0.0335,0.9093,0.4143,-0.2407,-0.0617,0.7356,0.63,-0.2266,-0.0047,-0.8347,-0.5017,30.4108060774,92.5842837364,-26.5880632402
-0.0187,-0.0383,0.9076,0.4175,-0.2492,-0.0834,0.7255,0.6359,-0.2152,-0.0494,-0.8492,-0.4795,30.3358761022,92.4334553012,-26.707526636
-0.0209,-0.0425,0.9058,0.4209,-0.2541,-0.1036,0.716,0.6419,-0.1996,-0.1195,-0.8717,-0.4311,27.7009991906,93.1664883088,-23.8275991258
-0.023,-0.0471,0.9042,0.4237,-0.2578,-0.1195,0.7078,0.6466,-0.1971,-0.1586,-0.8826,-0.396,25.2726299612,93.3046929068,-21.6336468594
-0.023,-0.0471,0.9042,0.4237,-0.2578,-0.1195,0.7078,0.6466,-0.1971,-0.1586,-0.8826,-0.396,25.1603262564,93.0479327174,-22.1311772658
-0.0217,-0.049,0.9037,0.4246,-0.2597,-0.1252,0.709,0.6434,-0.1965,-0.1689,-0.8874,-0.3811,24.1593143464,93.2659396924,-21.0313356364
-0.021,-0.0515,0.9023,0.4274,-0.2617,-0.1306,0.7093,0.6412,-0.196,-0.1726,-0.8894,-0.3749,23.4934861272,93.4487625156,-21.286951188
-0.021,-0.0515,0.9023,0.4274,-0.2617,-0.1306,0.7093,0.6412,-0.196,-0.1726,-0.8894,-0.3749,23.65754161,93.2862766452,-21.2486720314
-0.0191,-0.0543,0.9038,0.4238,-0.2619,-0.133,0.7105,0.6394,-0.1957,-0.1766,-0.895,-0.3595,22.88920154,93.4326625016,-21.2933262012
-0.0191,-0.0554,0.9015,0.4287,-0.2603,-0.1332,0.7091,0.6416,-0.1944,-0.1795,-0.8948,-0.3593,23.334007575,93.484149335,-20.57730671
-0.0191,-0.0554,0.9015,0.4287,-0.2603,-0.1332,0.7091,0.6416,-0.1944,-0.1795,-0.8948,-0.3593,23.4990084764,93.44497333,-21.0319002552
-0.0178,-0.0555,0.9014,0.4289,-0.2575,-0.1285,0.7091,0.6436,-0.1948,-0.181,-0.8946,-0.359,23.8197262084,93.415499532,-20.9020389332
-0.0153,-0.0541,0.9022,0.4274,-0.2515,-0.1156,0.7119,0.6453,-0.197,-0.1782,-0.8933,-0.3624,24.4549104304,93.3026900548,-21.4154813904
-0.0125,-0.0524,0.9021,0.428,-0.2471,-0.1068,0.715,0.6451,-0.1979,-0.1702,-0.8931,-0.3662,24.8672627048,93.354891324,-21.1837916344
-0.0125,-0.0524,0.9021,0.428,-0.2471,-0.1068,0.715,0.6451,-0.1979,-0.1702,-0.8931,-0.3662,27.4821998206,92.900103003,-22.1114940188
-0.0044,-0.0447,0.9032,0.4267,-0.2309,-0.0766,0.7265,0.6426,-0.2027,-0.1256,-0.8917,-0.3844,31.1709549152,91.970592478,-25.3345363724
0.0003,-0.0351,0.9069,0.4196,-0.2136,-0.0458,0.7399,0.6361,-0.2139,-0.0554,-0.8798,-0.4208,31.1805146964,92.4430413662,-25.093786353
0.0045,-0.0308,0.9098,0.4136,-0.202,-0.0281,0.747,0.6327,-0.2231,0.0097,-0.8528,-0.472,34.4039974056,91.4672581364,-27.5795095818
0.0045,-0.0308,0.9098,0.4136,-0.202,-0.0281,0.747,0.6327,-0.2231,0.0097,-0.8528,-0.472,36.5451237592,91.1391298472,-28.336428558
0.0065,-0.0286,0.9116,0.41,-0.1984,-0.0194,0.7536,0.6263,-0.2289,0.0399,-0.8397,-0.4906,36.4944824136,91.2470500552,-28.5482557344
0.0058,-0.0296,0.9146,0.4032,-0.2026,-0.0144,0.7607,0.6163,-0.2339,0.0717,-0.8295,-0.502,37.429574176,90.4480398408,-30.8177585
0.0057,-0.0307,0.9163,0.3992,-0.2076,-0.0114,0.7662,0.608,-0.2336,0.0927,-0.8265,-0.5036,38.468831856,89.8878339448,-32.1055809136
0.0057,-0.0307,0.9163,0.3992,-0.2076,-0.0114,0.7662,0.608,-0.2336,0.0927,-0.8265,-0.5036,38.9838006416,89.994498747,-31.6535453338
0.0037,-0.0325,0.919,0.3927,-0.2167,-0.0096,0.7747,0.5938,-0.2327,0.1108,-0.824,-0.5043,40.0317758756,89.124936482,-33.4828046308
0.0019,-0.0346,0.9223,0.3848,-0.2237,-0.0084,0.7821,0.5814,-0.2301,0.1258,-0.825,-0.5004,40.5536182906,87.9891056068,-35.87082704
0.0019,-0.0346,0.9223,0.3848,-0.2237,-0.0084,0.7821,0.5814,-0.2301,0.1258,-0.825,-0.5004,41.4363654888,88.1351606928,-34.8268314536
-0.0012,-0.0371,0.9283,0.3699,-0.2317,-0.0076,0.7898,0.5678,-0.2265,0.1444,-0.8275,-0.4929,41.497862734,86.76940164,-37.86119221
-0.0054,-0.0375,0.9285,0.3693,-0.2366,-0.011,0.7884,0.5676,-0.2285,0.1376,-0.8298,-0.4901,42.0126152688,87.132446672,-36.7606082
-0.0111,-0.0347,0.9265,0.3743,-0.2405,-0.0161,0.781,0.576,-0.2335,0.1163,-0.8298,-0.4932,41.58006342,87.1338132482,-36.613600619
-0.0111,-0.0347,0.9265,0.3743,-0.2405,-0.0161,0.781,0.576,-0.2335,0.1163,-0.8298,-0.4932,41.5426903624,87.5333354296,-36.0409388616
-0.0166,-0.0341,0.9244,0.3792,-0.2449,-0.0247,0.7741,0.5831,-0.2369,0.0983,-0.8272,-0.4997,39.4199529924,88.3857015312,-35.6303640372
-0.0182,-0.0346,0.9231,0.3823,-0.2473,-0.0319,0.7685,0.5891,-0.239,0.0875,-0.8265,-0.5018,39.099551802,88.4591460208,-35.3240542324
-0.0211,-0.0358,0.9192,0.3915,-0.2504,-0.0468,0.7586,0.5996,-0.2436,0.0595,-0.8256,-0.5054,37.155996058,89.767400274,-33.257239192
-0.023,-0.0382,0.9161,0.3983,-0.2534,-0.0605,0.7495,0.6085,-0.2416,0.027,-0.8309,-0.5004,34.8539399916,91.0244230468,-31.2903653096
-0.023,-0.0382,0.9161,0.3983,-0.2534,-0.0605,0.7495,0.6085,-0.2416,0.027,-0.8309,-0.5004,34.4188722606,90.722107802,-32.1336726678
-0.0252,-0.0418,0.9131,0.4047,-0.2604,-0.0756,0.7409,0.6143,-0.2409,0.0068,-0.8295,-0.5037,32.7971925014,91.769197757,-30.1905540728
-0.0241,-0.044,0.9127,0.4053,-0.2615,-0.082,0.7384,0.616,-0.24,-0.0153,-0.8339,-0.4965,31.0301400022,92.4151269066,-28.081815386
-0.0241,-0.044,0.9127,0.4053,-0.2615,-0.082,0.7384,0.616,-0.24,-0.0153,-0.8339,-0.4965,31.079764324,92.071653315,-29.148769158
-0.026,-0.0447,0.9115,0.4078,-0.2632,-0.0927,0.7321,0.6213,-0.2371,-0.0532,-0.8531,-0.4616,29.98433464,92.469686768,-27.728078555
-0.0274,-0.0446,0.9094,0.4123,-0.267,-0.1014,0.7244,0.6273,-0.2241,-0.0911,-0.8635,-0.4424,28.9346612502,92.984986686,-25.953390549
-0.0285,-0.046,0.9063,0.419,-0.2689,-0.1133,0.7158,0.6342,-0.2134,-0.1293,-0.8764,-0.4116,28.315079494,92.8327385864,-26.3692862132
-0.0285,-0.046,0.9063,0.419,-0.2689,-0.1133,0.7158,0.6342,-0.2134,-0.1293,-0.8764,-0.4116,26.776182709,93.3038367084,-24.1660642322
-0.0267,-0.0477,0.9033,0.4254,-0.2686,-0.124,0.7088,0.6403,-0.2061,-0.164,-0.8841,-0.3858,25.0367322822,93.4089842162,-22.0796298472
-0.026,-0.0484,0.9017,0.4287,-0.2667,-0.1281,0.7038,0.6457,-0.2052,-0.1746,-0.8861,-0.377,25.0659710044,93.1933935622,-22.5434855886
-0.0259,-0.0504,0.8993,0.4334,-0.2677,-0.1354,0.7009,0.6469,-0.2014,-0.1903,-0.8882,-0.3664,24.5682238316,93.4260401188,-20.6562380724
-0.0259,-0.0504,0.8993,0.4334,-0.2677,-0.1354,0.7009,0.6469,-0.2014,-0.1903,-0.8882,-0.3664,23.5971595748,93.4190552964,-20.616152412
-0.0261,-0.0527,0.9,0.4318,-0.2686,-0.1373,0.7022,0.6448,-0.1979,-0.1975,-0.8911,-0.3571,23.561670176,93.3164474952,-20.8550684324
-0.0258,-0.0537,0.8989,0.4338,-0.2684,-0.1369,0.7023,0.6448,-0.1961,-0.2001,-0.8921,-0.3543,23.167686157,93.2952981324,-21.3228022238
-0.0258,-0.0537,0.8989,0.4338,-0.2684,-0.1369,0.7023,0.6448,-0.1961,-0.2001,-0.8921,-0.3543,23.9540262652,93.4122383756,-20.5370879444
-0.0253,-0.0535,0.8989,0.434,-0.2677,-0.1354,0.7023,0.6455,-0.1965,-0.201,-0.8916,-0.3549,23.8711571132,93.3346630776,-20.86477969
-0.0219,-0.0523,0.9007,0.4305,-0.2635,-0.1241,0.7061,0.6453,-0.1999,-0.1936,-0.8902,-0.3605,24.6791455448,93.2139628164,-21.49138186
-0.0154,-0.0462,0.9041,0.4244,-0.2542,-0.0989,0.7177,0.6405,-0.2025,-0.1563,-0.8845,-0.3898,27.4759211274,92.8253088004,-23.8123962808
-0.0114,-0.0424,0.9043,0.4245,-0.2416,-0.0775,0.7252,0.6399,-0.2076,-0.1329,-0.8802,-0.4053,27.8064234038,93.0752261726,-23.5196758506
-0.0068,-0.0369,0.9071,0.4192,-0.2331,-0.064,0.7305,0.6385,-0.2126,-0.106,-0.8739,-0.4238,31.9458780226,92.1573965186,-25.8496458268
-0.0031,-0.0324,0.9109,0.4112,-0.2208,-0.0451,0.7395,0.6343,-0.218,-0.0588,-0.8594,-0.4585,35.6439174808,91.1987639256,-28.707466512
-0.0006,-0.031,0.9166,0.3986,-0.208,-0.0252,0.7545,0.6219,-0.2302,0.0094,-0.837,-0.4963,35.6981964738,91.5026478252,-28.0837046832
-0.0004,-0.0361,0.9235,0.3817,-0.2088,-0.0162,0.7716,0.6005,-0.2345,0.061,-0.8278,-0.5059,37.3260800376,90.3440483588,-31.4546490694
-0.0004,-0.0361,0.9235,0.3817,-0.2088,-0.0162,0.7716,0.6005,-0.2345,0.061,-0.8278,-0.5059,39.2134703096,89.1716412268,-34.2774446202
0.0014,-0.0396,0.9264,0.3742,-0.2154,-0.0141,0.7821,0.5844,-0.2365,0.1003,-0.8283,-0.4978,40.4449292866,89.5817435182,-32.7651960096
0.0034,-0.0386,0.927,0.3729,-0.2199,-0.0124,0.7855,0.5781,-0.2372,0.1178,-0.8283,-0.4936,41.6613202444,88.509777626,-34.1553600632
0.0034,-0.0386,0.927,0.3729,-0.2199,-0.0124,0.7855,0.5781,-0.2372,0.1178,-0.8283,-0.4936,44.2604290744,87.2784269712,-34.1339761936
0.0032,-0.0371,0.928,0.3706,-0.2209,-0.0096,0.7872,0.5755,-0.2377,0.1232,-0.8292,-0.4904,43.9894606,87.4618312184,-34.4379701712
0.0014,-0.0345,0.9288,0.3687,-0.2207,-0.0044,0.7885,0.574,-0.2398,0.1221,-0.8325,-0.4842,44.82813303,86.7543135236,-35.0758455748
-0.0006,-0.0332,0.9277,0.3717,-0.2223,-0.007,0.7845,0.5787,-0.2422,0.1128,-0.8323,-0.4855,44.768207068,87.2188534566,-34.1468509918
-0.0006,-0.0332,0.9277,0.3717,-0.2223,-0.007,0.7845,0.5787,-0.2422,0.1128,-0.8323,-0.4855,44.3867317004,87.1738162678,-34.2515682908
-0.0062,-0.0338,0.9235,0.3818,-0.2277,-0.0206,0.7728,0.5919,-0.2479,0.0893,-0.8293,-0.4926,43.3570970114,88.1084881136,-32.9937452418
-0.009,-0.0359,0.9185,0.3936,-0.2291,-0.0335,0.7603,0.6067,-0.2512,0.0625,-0.8255,-0.5014,41.5781572552,89.4300217152,-31.2826045904
-0.0098,-0.0385,0.9151,0.4011,-0.2305,-0.0446,0.7533,0.6142,-0.2532,0.0471,-0.8239,-0.5047,41.172314755,89.1372634774,-31.8887469768
-0.0112,-0.0436,0.9105,0.4109,-0.2344,-0.0631,0.7432,0.6233,-0.251,0.0065,-0.8311,-0.496,38.811653185,90.8692158418,-28.9172558376
-0.0112,-0.0436,0.9105,0.4109,-0.2344,-0.0631,0.7432,0.6233,-0.251,0.0065,-0.8311,-0.496,35.1747077474,92.1238024146,-27.8027240058
-0.0134,-0.048,0.9084,0.4149,-0.2416,-0.082,0.7352,0.6279,-0.2426,-0.0295,-0.8424,-0.4802,35.2149892222,91.9257269576,-28.432505556
-0.0134,-0.048,0.9084,0.4149,-0.2416,-0.082,0.7352,0.6279,-0.2426,-0.0295,-0.8424,-0.4802,31.8474448832,93.2778636672,-26.2079555952
-0.0162,-0.0518,0.9063,0.4191,-0.2489,-0.1003,0.7257,0.6334,-0.2252,-0.0953,-0.8632,-0.4417,28.6684700152,93.7664329568,-24.0681132216
-0.0178,-0.0531,0.9054,0.4207,-0.2514,-0.1068,0.7219,0.6357,-0.218,-0.1199,-0.8726,-0.42,28.530667066,93.487333268,-24.3623239868
-0.0228,-0.0563,0.9038,0.4236,-0.2584,-0.1219,0.7144,0.6386,-0.2056,-0.1586,-0.8804,-0.3967,25.5333751098,93.6748415802,-22.3795493058
-0.0228,-0.0563,0.9038,0.4236,-0.2584,-0.1219,0.7144,0.6386,-0.2056,-0.1586,-0.8804,-0.3967,23.8202693774,93.749213673,-21.0587283268
-0.0228,-0.0606,0.9019,0.4268,-0.2614,-0.133,0.7111,0.6388,-0.2001,-0.1846,-0.8843,-0.3791,23.9419782872,93.6601573204,-21.324124748
-0.0227,-0.0634,0.9017,0.427,-0.264,-0.1397,0.7123,0.635,-0.1964,-0.1932,-0.8862,-0.3723,23.0823003552,93.6961705464,-21.045488668
-0.0221,-0.0642,0.9021,0.4259,-0.2635,-0.1401,0.7131,0.6342,-0.1958,-0.1998,-0.8869,-0.3674,22.9117229502,93.7007766288,-21.3421905144
-0.0227,-0.0642,0.9011,0.4281,-0.2634,-0.1388,0.7125,0.6352,-0.1929,-0.2054,-0.8862,-0.3674,22.9936219204,93.8004783468,-20.9307419608
-0.0227,-0.0642,0.9011,0.4281,-0.2634,-0.1388,0.7125,0.6352,-0.1929,-0.2054,-0.8862,-0.3674,23.4894984972,93.8461710596,-20.8328188168
-0.0213,-0.0638,0.902,0.4263,-0.2586,-0.13,0.7144,0.637,-0.1938,-0.2089,-0.8852,-0.3676,24.19535724,93.730244396,-21.438230368
-0.0151,-0.0609,0.9054,0.4197,-0.2466,-0.1073,0.7218,0.6376,-0.1968,-0.2033,-0.8845,-0.3706,24.4657762996,93.739995564,-21.1375061348
-0.0151,-0.0609,0.9054,0.4197,-0.2466,-0.1073,0.7218,0.6376,-0.1968,-0.2033,-0.8845,-0.3706,27.1725425256,93.419863944,-22.8603977448
-0.0057,-0.0508,0.9042,0.4238,-0.2274,-0.0737,0.7341,0.6355,-0.1955,-0.1662,-0.8787,-0.4023,31.715622054,92.7358274318,-24.5094463168
-0.0043,-0.046,0.9073,0.4178,-0.2193,-0.058,0.7399,0.6332,-0.1972,-0.1472,-0.8759,-0.4149,31.251379645,92.9832954822,-24.524296728
-0.0036,-0.0384,0.9118,0.4088,-0.209,-0.0337,0.7507,0.6256,-0.1968,-0.0745,-0.8526,-0.4782,34.49717473,91.9084882542,-27.482025017
0.0001,-0.0351,0.9154,0.4008,-0.2015,-0.0202,0.7587,0.619,-0.2112,0.0096,-0.8252,-0.5236,36.8116557362,91.146481048,-29.2851567202
0.0001,-0.0351,0.9154,0.4008,-0.2015,-0.0202,0.7587,0.619,-0.2112,0.0096,-0.8252,-0.5236,36.8890833632,91.3907913168,-28.6943150768
0.0014,-0.0322,0.9154,0.401,-0.2007,-0.0131,0.7614,0.6161,-0.2185,0.0344,-0.8182,-0.5305,38.905022768,90.4346081232,-30.1235817136
0.0026,-0.0307,0.9158,0.4003,-0.2034,-0.0073,0.7637,0.6125,-0.2242,0.0617,-0.8158,-0.5293,40.7484184586,89.7839200852,-30.9608146386
0.0025,-0.0302,0.9171,0.3973,-0.2062,-0.0042,0.7682,0.606,-0.2257,0.0725,-0.8164,-0.5265,40.6436584068,89.814091739,-31.0529602886
0.0025,-0.0302,0.9171,0.3973,-0.2062,-0.0042,0.7682,0.606,-0.2257,0.0725,-0.8164,-0.5265,42.0743961424,88.442061917,-32.8393368058
0,-0.0314,0.9226,0.3845,-0.216,-0.0007,0.7792,0.5881,-0.2239,0.0961,-0.8216,-0.5152,42.7489678274,87.2519299554,-35.6280492594
-0.0009,-0.0314,0.9277,0.3717,-0.2222,0.0019,0.789,0.5727,-0.22,0.1163,-0.8267,-0.5045,43.5515621784,87.5645639984,-34.1975459128
-0.0009,-0.0314,0.9277,0.3717,-0.2222,0.0019,0.789,0.5727,-0.22,0.1163,-0.8267,-0.5045,44.2547392776,86.1706033384,-36.106769492
-0.0032,-0.0284,0.9303,0.3656,-0.2264,0.0061,0.7918,0.5671,-0.2213,0.1211,-0.829,-0.499,45.4555519668,85.76324252,-36.3636638696
-0.0073,-0.0288,0.9295,0.3674,-0.2298,-0.0001,0.7878,0.5713,-0.2243,0.114,-0.8305,-0.4968,45.2205901784,85.8948652432,-35.88933064
-0.0073,-0.0288,0.9295,0.3674,-0.2298,-0.0001,0.7878,0.5713,-0.2243,0.114,-0.8305,-0.4968,44.5374003806,86.5332272988,-35.442659281
-0.0089,-0.0298,0.9291,0.3684,-0.2299,-0.0055,0.7858,0.5739,-0.2265,0.1073,-0.8314,-0.4957,43.0171612684,87.6135194,-34.3338078028
-0.015,-0.0311,0.9281,0.3707,-0.2269,-0.0151,0.7824,0.5797,-0.2286,0.0753,-0.8325,-0.4989,43.019228026,87.7374147772,-34.4717293508
-0.0178,-0.0296,0.9281,0.3707,-0.2179,-0.0206,0.7806,0.5853,-0.2218,0.0505,-0.8346,-0.5015,42.3616625722,89.235120231,-31.9917872634
-0.021,-0.032,0.9255,0.3767,-0.2214,-0.0279,0.7758,0.5901,-0.2102,0.0217,-0.8338,-0.5098,38.983267133,90.9290003466,-30.739675844
-0.021,-0.032,0.9255,0.3767,-0.2214,-0.0279,0.7758,0.5901,-0.2102,0.0217,-0.8338,-0.5098,38.877036618,90.84746997,-30.251509674
-0.0238,-0.0352,0.9222,0.3843,-0.2269,-0.0403,0.7694,0.5957,-0.1985,-0.0096,-0.8257,-0.5278,36.1553148792,91.9641123824,-28.5662912888
-0.0242,-0.0383,0.9202,0.3886,-0.2348,-0.0556,0.7615,0.6015,-0.1916,-0.034,-0.8211,-0.5365,31.619902204,93.0949297396,-25.6781469034
-0.0267,-0.0449,0.9141,0.4019,-0.2478,-0.0814,0.751,0.6064,-0.1838,-0.0661,-0.8187,-0.5399,31.385558388,92.7624577724,-26.5963367548
-0.0267,-0.0449,0.9141,0.4019,-0.2478,-0.0814,0.751,0.6064,-0.1838,-0.0661,-0.8187,-0.5399,28.2814717016,93.3899338512,-24.2237600184
-0.0302,-0.0498,0.9115,0.407,-0.2533,-0.0965,0.743,0.6118,-0.1717,-0.0972,-0.8348,-0.5139,26.7292414888,93.4213786232,-23.5822419008
-0.0335,-0.0511,0.9125,0.4042,-0.2591,-0.1021,0.7418,0.6099,-0.1648,-0.1046,-0.8458,-0.4963,26.8004217006,93.3863215732,-23.6440824458
-0.0335,-0.0511,0.9125,0.4042,-0.2591,-0.1021,0.7418,0.6099,-0.1648,-0.1046,-0.8458,-0.4963,25.8005377186,93.3764480668,-24.2146519558
-0.0358,-0.051,0.91,0.4097,-0.2606,-0.107,0.7373,0.6138,-0.1609,-0.1095,-0.8535,-0.4833,25.201817428,93.60677522,-22.021059432
-0.037,-0.0517,0.9089,0.412,-0.2617,-0.111,0.7333,0.6174,-0.1596,-0.1166,-0.8573,-0.4751,24.747303281,93.506135102,-21.8816611242
-0.037,-0.0517,0.9089,0.412,-0.2617,-0.111,0.7333,0.6174,-0.1596,-0.1166,-0.8573,-0.4751,24.1448676902,93.4889309066,-20.6883985698
-0.0383,-0.0529,0.906,0.418,-0.264,-0.1165,0.7288,0.6209,-0.1566,-0.1328,-0.8602,-0.4666,22.5229453454,93.4359187494,-19.3675236772
-0.0384,-0.0569,0.9042,0.4215,-0.2637,-0.1264,0.7227,0.6262,-0.1558,-0.1642,-0.8688,-0.4401,22.7388651608,93.4227290668,-19.7664225596
-0.0391,-0.0586,0.9033,0.4231,-0.2656,-0.1294,0.7211,0.6266,-0.1566,-0.1787,-0.8724,-0.427,21.7882943034,93.3323672596,-18.825446953
-0.0397,-0.0593,0.9031,0.4232,-0.2661,-0.1307,0.7196,0.6278,-0.1548,-0.1892,-0.8745,-0.4187,21.8620087428,93.3270617996,-19.044184714
-0.0397,-0.0593,0.9031,0.4232,-0.2661,-0.1307,0.7196,0.6278,-0.1548,-0.1892,-0.8745,-0.4187,21.681642827,93.1476385298,-19.4129876896
-0.04,-0.0592,0.9031,0.4232,-0.2665,-0.1298,0.7192,0.6282,-0.153,-0.1932,-0.8748,-0.4168,22.029310262,93.1583281052,-19.7177526864
-0.041,-0.059,0.9033,0.4228,-0.2683,-0.128,0.7181,0.6292,-0.151,-0.1948,-0.874,-0.4185,22.1831767612,93.169049211,-19.8922583932
-0.041,-0.059,0.9033,0.4228,-0.2683,-0.128,0.7181,0.6292,-0.151,-0.1948,-0.874,-0.4185,22.097659776,93.1416751044,-19.6289161872
-0.0399,-0.0582,0.9038,0.4219,-0.2683,-0.1221,0.7192,0.629,-0.1528,-0.1937,-0.872,-0.4226,22.788931776,93.1164915288,-20.4249731044
-0.0349,-0.0537,0.9043,0.4219,-0.264,-0.1036,0.7258,0.6266,-0.1539,-0.1713,-0.8668,-0.4421,25.5418434668,92.7983363696,-21.9708034772
-0.0349,-0.0537,0.9043,0.4219,-0.264,-0.1036,0.7258,0.6266,-0.1539,-0.1713,-0.8668,-0.4421,25.48210601,92.987652535,-22.2005172594
-0.0268,-0.0444,0.9074,0.4168,-0.2482,-0.0665,0.7384,0.6234,-0.1591,-0.1047,-0.8506,-0.4899,29.8570194736,92.1553785928,-25.6467482456
-0.0203,-0.0354,0.912,0.408,-0.2332,-0.0343,0.7514,0.6162,-0.1727,-0.0314,-0.8296,-0.5299,34.2631559648,91.438189802,-28.5947131028
-0.018,-0.0321,0.9145,0.4027,-0.2284,-0.0258,0.7554,0.6134,-0.1753,-0.0106,-0.8265,-0.5346,34.281026436,91.5832937184,-28.618588147
-0.0162,-0.0307,0.916,0.3996,-0.2228,-0.0154,0.7608,0.6092,-0.1799,0.0164,-0.823,-0.5383,37.3702848676,90.3661598576,-31.19718526
-0.0131,-0.0289,0.9169,0.3975,-0.2213,-0.0098,0.7642,0.6057,-0.1834,0.0333,-0.8233,-0.5361,40.1280022624,88.90464183,-33.7275877132
-0.0098,-0.03,0.9206,0.389,-0.2257,-0.0031,0.7728,0.593,-0.1854,0.0744,-0.8265,-0.5261,40.8978816888,88.9934289476,-33.5656845472
-0.0098,-0.0289,0.9225,0.3847,-0.2326,0.0031,0.7808,0.5797,-0.1904,0.1097,-0.8257,-0.5194,42.86826403,87.262650961,-35.4142199952
-0.0148,-0.0249,0.9302,0.3658,-0.2408,0.0159,0.7934,0.5587,-0.1887,0.141,-0.8161,-0.5275,45.8924809476,85.4096917616,-36.5039446096
-0.0203,-0.0194,0.9346,0.3542,-0.2472,0.0256,0.8007,0.5449,-0.1873,0.1599,-0.8075,-0.5358,46.585007984,83.0530371086,-40.125069495
-0.0217,-0.0167,0.9364,0.3498,-0.2478,0.0314,0.8033,0.5405,-0.1848,0.1643,-0.8062,-0.5374,48.1427534338,82.1032780374,-40.296775966
-0.0253,-0.0135,0.9379,0.3454,-0.2546,0.0266,0.8018,0.5399,-0.1826,0.1631,-0.8062,-0.5385,47.831708914,82.4579245292,-39.7271264224
-0.0253,-0.0135,0.9379,0.3454,-0.2546,0.0266,0.8018,0.5399,-0.1826,0.1631,-0.8062,-0.5385,47.4439772848,82.5355553532,-40.4779974184
-0.0297,-0.0157,0.9359,0.3505,-0.259,0.0131,0.795,0.5483,-0.1853,0.1528,-0.8121,-0.5316,45.801354416,83.7383685312,-39.0628871904
-0.0319,-0.0172,0.9329,0.358,-0.2618,-0.0021,0.7855,0.5606,-0.1915,0.1267,-0.8231,-0.5192,45.8161583996,83.6116825016,-39.4531400424
-0.0366,-0.02,0.9285,0.3688,-0.2651,-0.0171,0.7728,0.5762,-0.1986,0.0836,-0.8245,-0.5231,43.8881689894,85.2414949494,-37.7201622336
-0.0388,-0.0217,0.9251,0.3768,-0.2656,-0.0227,0.7686,0.5815,-0.2037,0.0684,-0.8212,-0.5284,41.3334772514,87.4403475494,-36.0078497236
-0.0388,-0.0217,0.9251,0.3768,-0.2656,-0.0227,0.7686,0.5815,-0.2037,0.0684,-0.8212,-0.5284,40.7135882934,87.1707113602,-36.5110314176
-0.0411,-0.0289,0.9219,0.384,-0.2656,-0.0404,0.7586,0.5935,-0.2113,0.027,-0.8211,-0.5295,38.261651419,89.484183482,-33.466956058
-0.0399,-0.0305,0.9201,0.3883,-0.2656,-0.046,0.757,0.5951,-0.207,0.0004,-0.8215,-0.5311,36.0909398314,90.292795604,-32.4942781742
-0.0399,-0.0305,0.9201,0.3883,-0.2656,-0.046,0.757,0.5951,-0.207,0.0004,-0.8215,-0.5311,36.2908900418,90.0168295268,-32.9744669184
-0.0416,-0.0299,0.9193,0.3901,-0.2666,-0.0518,0.7525,0.5998,-0.2052,-0.0325,-0.8347,-0.5099,34.9620778634,90.481643747,-32.4095692126
-0.0434,-0.0289,0.9198,0.3887,-0.2714,-0.0598,0.7485,0.6019,-0.1951,-0.0694,-0.848,-0.4876,33.6540698422,90.9494102498,-31.5841327676
-0.0434,-0.0289,0.9198,0.3887,-0.2714,-0.0598,0.7485,0.6019,-0.1951,-0.0694,-0.848,-0.4876,33.281278448,91.006248288,-31.137752408
-0.0433,-0.0291,0.9183,0.3922,-0.2736,-0.0677,0.7444,0.6052,-0.1914,-0.0861,-0.8526,-0.4784,31.4430927056,91.7930757096,-29.4832567976
-0.0433,-0.0328,0.917,0.395,-0.2743,-0.0825,0.7358,0.6135,-0.1799,-0.148,-0.8793,-0.4152,28.6490317734,92.4514912642,-26.7376363272
-0.0463,-0.0358,0.9145,0.4001,-0.2782,-0.0975,0.7286,0.6182,-0.1749,-0.1757,-0.8828,-0.3987,28.4545345048,92.21575959,-26.8694931524
-0.0432,-0.0407,0.9124,0.4047,-0.2763,-0.1093,0.7218,0.625,-0.1769,-0.1981,-0.8867,-0.3782,26.113708308,92.6255782568,-24.6033887992
-0.0432,-0.0407,0.9124,0.4047,-0.2763,-0.1093,0.7218,0.625,-0.1769,-0.1981,-0.8867,-0.3782,24.5772763778,92.7582422622,-22.6522639464
-0.0419,-0.0441,0.9097,0.4107,-0.2763,-0.117,0.7205,0.625,-0.1759,-0.2052,-0.8864,-0.3756,24.8640096008,92.5377014476,-23.4417939828
-0.0405,-0.0452,0.9105,0.4089,-0.2764,-0.1185,0.7208,0.6243,-0.1757,-0.2076,-0.8874,-0.372,23.9975597296,92.7654695512,-22.1079966888
-0.0402,-0.0474,0.9097,0.4104,-0.277,-0.1203,0.72,0.6246,-0.1749,-0.2091,-0.8884,-0.369,23.779985272,92.7851228856,-23.0766166072
-0.0402,-0.0474,0.9097,0.4104,-0.277,-0.1203,0.72,0.6246,-0.1749,-0.2091,-0.8884,-0.369,24.0453193288,92.672623132,-22.9284159024
-0.0392,-0.0475,0.9093,0.4114,-0.274,-0.116,0.7192,0.6277,-0.1754,-0.2077,-0.8865,-0.3741,24.2080921424,92.791045832,-22.5777891232
-0.0324,-0.0445,0.9102,0.4104,-0.2658,-0.0961,0.7273,0.6253,-0.1766,-0.1892,-0.8851,-0.3867,25.4469194544,92.6618464272,-22.8369538368
-0.0324,-0.0445,0.9102,0.4104,-0.2658,-0.0961,0.7273,0.6253,-0.1766,-0.1892,-0.8851,-0.3867,25.7188253406,92.6182976672,-23.111659776
-0.0267,-0.04,0.9117,0.4079,-0.257,-0.0764,0.7366,0.6207,-0.1802,-0.1463,-0.8806,-0.4129,29.3482651524,91.8930660268,-25.924947022
-0.0211,-0.0328,0.9135,0.4047,-0.239,-0.0458,0.7465,0.6192,-0.1935,-0.0578,-0.8637,-0.4617,32.8449949736,91.0150717282,-28.6545066456
-0.0211,-0.0328,0.9135,0.4047,-0.239,-0.0458,0.7465,0.6192,-0.1935,-0.0578,-0.8637,-0.4617,32.9221038362,91.3183665114,-28.4567932936
-0.0138,-0.025,0.9181,0.3952,-0.2199,-0.0186,0.7572,0.6148,-0.2023,0.0029,-0.8433,-0.4977,37.5551361714,89.9372091386,-30.5443629812
-0.0133,-0.0227,0.9217,0.3868,-0.2145,-0.0034,0.7695,0.6015,-0.1942,0.0332,-0.8338,-0.5155,39.7131034564,88.6275489492,-33.503243916
-0.0158,-0.0242,0.9288,0.3694,-0.2185,0.005,0.7845,0.5803,-0.1757,0.0477,-0.8369,-0.516,40.3759912804,88.9256939216,-33.0061719224
-0.017,-0.0266,0.9321,0.3607,-0.2255,0.0089,0.7946,0.5635,-0.165,0.0723,-0.8367,-0.517,40.821349405,87.149992119,-37.2710760408
-0.017,-0.0266,0.9321,0.3607,-0.2255,0.0089,0.7946,0.5635,-0.165,0.0723,-0.8367,-0.517,42.793925003,86.3274762322,-38.1533327324
-0.0161,-0.0269,0.9332,0.3579,-0.2274,0.0094,0.797,0.5593,-0.1636,0.0812,-0.8366,-0.5164,43.6818317044,86.4258109548,-37.0094595116
-0.0151,-0.026,0.9356,0.3516,-0.2307,0.0138,0.8024,0.5501,-0.1637,0.1041,-0.8359,-0.5132,45.392074702,85.0820561,-37.5360433276
-0.0151,-0.026,0.9356,0.3516,-0.2307,0.0138,0.8024,0.5501,-0.1637,0.1041,-0.8359,-0.5132,46.9287862726,83.3166739058,-38.873448016
-0.0155,-0.022,0.9391,0.3424,-0.2335,0.0234,0.8109,0.536,-0.1659,0.1271,-0.837,-0.5055,47.2600238074,83.539659519,-38.666704857
-0.0156,-0.0173,0.9419,0.3348,-0.2321,0.0322,0.8159,0.5285,-0.1709,0.1463,-0.8341,-0.5034,48.6773808476,81.626646361,-40.0873201334
-0.0156,-0.0173,0.9419,0.3348,-0.2321,0.0322,0.8159,0.5285,-0.1709,0.1463,-0.8341,-0.5034,49.771229615,81.0746873,-40.272590281
-0.0154,-0.0144,0.9419,0.335,-0.2311,0.0349,0.8157,0.529,-0.1744,0.1492,-0.8327,-0.5038,49.6916547498,81.2617511486,-39.988337817
-0.0153,-0.0145,0.9403,0.3395,-0.2287,0.0341,0.8122,0.5355,-0.1795,0.148,-0.832,-0.5036,50.2606244608,81.1564032576,-39.421573776
-0.0163,-0.015,0.9384,0.3447,-0.2309,0.0244,0.8049,0.5458,-0.1871,0.1398,-0.8349,-0.4982,49.2673945056,82.4518979712,-38.0854334946
-0.0163,-0.015,0.9384,0.3447,-0.2309,0.0244,0.8049,0.5458,-0.1871,0.1398,-0.8349,-0.4982,48.893723176,82.2316095318,-38.9446091394
-0.019,-0.0174,0.9327,0.3596,-0.2331,0.003,0.789,0.5683,-0.198,0.1055,-0.8385,-0.4965,46.845330388,84.8699509728,-36.1443790204
-0.019,-0.0223,0.9248,0.3793,-0.2321,-0.0175,0.7721,0.5912,-0.2132,0.0541,-0.8292,-0.5136,43.8167169936,87.7577472902,-33.098218117
-0.0197,-0.0266,0.9199,0.3905,-0.231,-0.033,0.7604,0.6059,-0.2131,0.0049,-0.8285,-0.5177,43.1833337242,87.271615029,-34.402752368
-0.0211,-0.0294,0.9166,0.3979,-0.2329,-0.0398,0.7556,0.6108,-0.2062,-0.0233,-0.8303,-0.517,40.5469903998,89.5146070182,-31.1765522448
-0.0211,-0.0294,0.9166,0.3979,-0.2329,-0.0398,0.7556,0.6108,-0.2062,-0.0233,-0.8303,-0.517,35.883958725,91.2392390746,-29.5587770748
-0.0265,-0.0341,0.9141,0.4028,-0.2416,-0.0584,0.7451,0.6188,-0.1851,-0.1011,-0.8419,-0.4966,35.5600079976,90.8254406956,-30.2081775704
-0.0282,-0.0405,0.9096,0.4124,-0.2523,-0.0847,0.7318,0.6273,-0.1743,-0.1531,-0.8485,-0.4754,31.3787550462,92.462380297,-27.498180216
-0.0282,-0.0405,0.9096,0.4124,-0.2523,-0.0847,0.7318,0.6273,-0.1743,-0.1531,-0.8485,-0.4754,28.7443893784,93.0069138076,-23.4586445988
-0.0275,-0.0444,0.9093,0.4127,-0.2485,-0.0983,0.7238,0.636,-0.1746,-0.1904,-0.8608,-0.4384,28.5735679558,92.6731038438,-24.4202637734
-0.0285,-0.0465,0.9082,0.4148,-0.2489,-0.1066,0.7201,0.6387,-0.173,-0.2014,-0.8629,-0.4298,26.3890369724,92.9405519356,-22.3457106684
-0.0279,-0.0506,0.9075,0.4158,-0.2483,-0.1176,0.7167,0.6409,-0.1732,-0.2122,-0.8679,-0.4143,25.0540047218,93.0500787256,-20.7298005382
-0.0279,-0.0506,0.9075,0.4158,-0.2483,-0.1176,0.7167,0.6409,-0.1732,-0.2122,-0.8679,-0.4143,25.1905612732,92.9134138284,-21.0402312316
-0.0282,-0.0526,0.9051,0.4209,-0.2498,-0.1243,0.7145,0.6415,-0.1711,-0.2158,-0.8689,-0.4111,24.770514066,93.1072554216,-20.243837256
-0.0273,-0.054,0.9055,0.4197,-0.2505,-0.1279,0.7153,0.6395,-0.1708,-0.2165,-0.8717,-0.405,24.1511697368,93.043397148,-20.4549491136
-0.0267,-0.0541,0.9057,0.4194,-0.2495,-0.1239,0.7154,0.6406,-0.1711,-0.2142,-0.8714,-0.4065,24.220645314,93.0047665392,-20.4346160804
-0.0267,-0.0541,0.9057,0.4194,-0.2495,-0.1239,0.7154,0.6406,-0.1711,-0.2142,-0.8714,-0.4065,24.17526462,93.007853849,-20.818817813
-0.0247,-0.0536,0.9052,0.4207,-0.2465,-0.1177,0.7153,0.6431,-0.1718,-0.2123,-0.8702,-0.4099,25.7975340688,93.0777041646,-20.393882981
-0.0158,-0.0476,0.9047,0.423,-0.2322,-0.0858,0.7294,0.6375,-0.1736,-0.1705,-0.8609,-0.4467,25.9734050632,93.0220977808,-20.8364726112
-0.0158,-0.0476,0.9047,0.423,-0.2322,-0.0858,0.7294,0.6375,-0.1736,-0.1705,-0.8609,-0.4467,30.3302125,92.21744342,-23.59210074
-0.0063,-0.035,0.9093,0.4145,-0.2077,-0.0444,0.7453,0.6318,-0.179,-0.0822,-0.846,-0.4953,35.5659173736,91.0802286408,-27.032649036
-0.0023,-0.0237,0.9147,0.4033,-0.1931,-0.016,0.7538,0.6278,-0.1933,0.0028,-0.8286,-0.5252,35.566771405,91.5316548112,-26.6696879778
-0.0003,-0.0207,0.9153,0.4021,-0.1923,-0.0106,0.7564,0.625,-0.203,0.0362,-0.8238,-0.528,40.764718415,89.787442872,-29.172792233
0.001,-0.019,0.9187,0.3944,-0.1978,0,0.7681,0.6089,-0.2043,0.075,-0.8222,-0.5258,42.921440097,88.342107308,-32.058687121
0.001,-0.019,0.9187,0.3944,-0.1978,0,0.7681,0.6089,-0.2043,0.075,-0.8222,-0.5258,43.4595369302,88.4721204654,-31.5785231616
-0.001,-0.0205,0.9252,0.3788,-0.2111,0.0036,0.7806,0.5881,-0.2016,0.1124,-0.8273,-0.5119,44.7405638558,86.0739067686,-35.42497848
-0.0013,-0.0195,0.9287,0.3701,-0.2174,0.0103,0.7885,0.5751,-0.2042,0.1388,-0.8252,-0.5078,47.156176934,84.5840595452,-35.972663202
-0.0031,-0.0162,0.9315,0.3631,-0.2176,0.0194,0.7947,0.5661,-0.2061,0.1531,-0.8211,-0.5097,47.558549256,84.8285765588,-35.4656089808
-0.0031,-0.0162,0.9315,0.3631,-0.2176,0.0194,0.7947,0.5661,-0.2061,0.1531,-0.8211,-0.5097,49.2401424384,83.21902633,-36.396941176
-0.0039,-0.0145,0.9335,0.358,-0.2181,0.0232,0.7979,0.5613,-0.2062,0.1537,-0.8223,-0.5075,49.7698997994,82.3389490382,-37.7295396304
-0.007,-0.0139,0.9352,0.3536,-0.2188,0.0233,0.799,0.5595,-0.2045,0.1544,-0.8256,-0.5025,49.9854770008,82.5972241368,-36.941284668
-0.007,-0.0139,0.9352,0.3536,-0.2188,0.0233,0.799,0.5595,-0.2045,0.1544,-0.8256,-0.5025,49.1441067696,83.1489252848,-37.4347030768
-0.0137,-0.0167,0.9326,0.36,-0.2263,0.0057,0.7896,0.5703,-0.2086,0.1347,-0.832,-0.496,46.6053000066,85.2436303718,-35.6750309524
-0.0183,-0.0194,0.9284,0.3704,-0.2264,-0.0108,0.7768,0.5874,-0.2124,0.087,-0.8327,-0.5037,46.1684244632,85.2127654784,-35.9067582912
-0.0206,-0.0239,0.9238,0.3815,-0.2292,-0.0241,0.7679,0.5975,-0.2131,0.049,-0.8286,-0.5151,42.5719314222,88.5153620694,-33.5451935036
-0.0206,-0.0239,0.9238,0.3815,-0.2292,-0.0241,0.7679,0.5975,-0.2131,0.049,-0.8286,-0.5151,38.3453924044,90.827476828,-30.2574000974
-0.02,-0.0285,0.9187,0.3932,-0.2327,-0.0464,0.7567,0.609,-0.2044,-0.0127,-0.8256,-0.5256,37.7740585792,90.1285805854,-31.205415807
-0.0238,-0.0327,0.9171,0.3964,-0.2409,-0.0646,0.7479,0.6151,-0.1936,-0.0756,-0.8438,-0.4946,34.4683478128,91.5360342398,-28.8263014678
-0.0289,-0.0371,0.9148,0.401,-0.2505,-0.0844,0.7384,0.6203,-0.1844,-0.1276,-0.8625,-0.4535,31.08562273,92.369143875,-26.940789445
-0.0289,-0.0403,0.9138,0.403,-0.2517,-0.0985,0.7318,0.6254,-0.1809,-0.1466,-0.8677,-0.4389,30.8226360244,92.1687165232,-26.722262022
-0.0277,-0.045,0.9124,0.4056,-0.2516,-0.1077,0.7277,0.6289,-0.1813,-0.1723,-0.877,-0.41,27.309100448,92.97590059,-22.875677032
-0.0284,-0.0474,0.912,0.4063,-0.254,-0.1187,0.7222,0.6322,-0.1821,-0.1816,-0.8782,-0.4031,25.017515231,92.906172889,-21.016848126
-0.0272,-0.0499,0.908,0.4149,-0.2567,-0.1308,0.7197,0.6315,-0.1815,-0.1958,-0.8773,-0.3987,25.3919521054,92.8640556352,-21.8171877754
-0.0272,-0.0499,0.908,0.4149,-0.2567,-0.1308,0.7197,0.6315,-0.1815,-0.1958,-0.8773,-0.3987,24.7041837988,93.0581551532,-20.7166309188
-0.0285,-0.0516,0.9093,0.4117,-0.2594,-0.1329,0.7197,0.63,-0.1779,-0.201,-0.882,-0.3872,24.3478643488,92.8886615904,-22.206948574
-0.0286,-0.0521,0.9085,0.4136,-0.2596,-0.1329,0.7193,0.6304,-0.1746,-0.2069,-0.8831,-0.383,24.1627684068,92.9384684022,-21.3956906134
-0.0286,-0.0521,0.9085,0.4136,-0.2596,-0.1329,0.7193,0.6304,-0.1746,-0.2069,-0.8831,-0.383,24.4102341076,93.1166121198,-21.221648174
-0.0281,-0.0536,0.9075,0.4155,-0.2586,-0.1331,0.7191,0.6311,-0.1746,-0.2104,-0.8834,-0.3803,24.1618126312,93.0444222422,-21.1877388476
-0.0284,-0.0545,0.9077,0.4149,-0.2582,-0.1319,0.7191,0.6314,-0.1747,-0.211,-0.883,-0.3809,24.3155635748,93.0505553442,-21.0891873136
-0.0277,-0.0551,0.9079,0.4144,-0.2562,-0.1283,0.7198,0.6322,-0.1752,-0.2099,-0.882,-0.3837,24.1803006456,92.9996208554,-21.4273967912
-0.0227,-0.0515,0.9082,0.4146,-0.2464,-0.1127,0.7229,0.6356,-0.1783,-0.2064,-0.8807,-0.387,25.4619400188,92.9024421984,-21.482423962
-0.0227,-0.0515,0.9082,0.4146,-0.2464,-0.1127,0.7229,0.6356,-0.1783,-0.2064,-0.8807,-0.387,25.6971357312,92.9981418944,-21.341939296
-0.0117,-0.039,0.9085,0.4158,-0.2204,-0.0696,0.7376,0.6343,-0.1812,-0.1678,-0.8742,-0.418,29.6053369152,92.3499745344,-23.061079744
-0.0032,-0.0254,0.9152,0.4019,-0.1951,-0.0308,0.7534,0.6271,-0.1812,-0.1016,-0.8583,-0.469,34.9496534012,91.1387253692,-25.7040584208
-0.0023,-0.022,0.9176,0.3967,-0.1877,-0.017,0.7598,0.6222,-0.184,-0.0635,-0.8457,-0.4968,34.8029928286,91.625249277,-25.0753968348
-0.0023,-0.022,0.9176,0.3967,-0.1877,-0.017,0.7598,0.6222,-0.184,-0.0635,-0.8457,-0.4968,38.7360060488,90.213962356,-27.8821941484
0.0018,-0.0164,0.9197,0.392,-0.176,0.0026,0.7689,0.6145,-0.2009,0.0146,-0.826,-0.5263,42.0138837552,88.9895143932,-29.5631686736
0.0047,-0.0139,0.9246,0.3804,-0.1802,0.0145,0.7812,0.5974,-0.2048,0.0584,-0.8293,-0.5165,42.5462331976,89.300915121,-29.9181819814
0.0047,-0.0139,0.9246,0.3804,-0.1802,0.0145,0.7812,0.5974,-0.2048,0.0584,-0.8293,-0.5165,45.1748238964,86.7655388136,-33.2904939856
0.002,-0.012,0.9304,0.3662,-0.1914,0.0234,0.7936,0.577,-0.2015,0.1035,-0.8342,-0.5026,48.6106993426,84.0185044174,-36.7187072896
-0.001,-0.0073,0.9367,0.3499,-0.1995,0.0377,0.8054,0.5567,-0.2042,0.1354,-0.8381,-0.4871,49.5922926664,84.3821449992,-35.157548416
-0.001,-0.0073,0.9367,0.3499,-0.1995,0.0377,0.8054,0.5567,-0.2042,0.1354,-0.8381,-0.4871,52.023996546,81.490359554,-37.774725778
-0.0053,-0.0024,0.942,0.3355,-0.2049,0.0476,0.8134,0.5422,-0.2054,0.1531,-0.837,-0.4834,53.1896534368,80.2094157712,-38.7019635152
-0.0066,-0.0015,0.9426,0.3337,-0.207,0.0515,0.8159,0.5373,-0.2056,0.1581,-0.8348,-0.4855,53.1474485666,80.5535929696,-37.8117280174
-0.0064,-0.0006,0.9434,0.3314,-0.2059,0.0537,0.8179,0.5345,-0.2056,0.1605,-0.836,-0.4826,53.5769428648,79.6482580328,-38.1136981224
-0.0064,-0.0006,0.9434,0.3314,-0.2059,0.0537,0.8179,0.5345,-0.2056,0.1605,-0.836,-0.4826,53.014451602,80.4599310292,-38.1025615816
-0.0086,-0.0026,0.9419,0.3355,-0.21,0.0461,0.8135,0.5402,-0.206,0.1522,-0.8391,-0.4798,53.000943685,80.42136355,-38.1311729048
-0.0121,-0.0004,0.9386,0.3446,-0.2166,0.027,0.7996,0.5593,-0.2141,0.1212,-0.8459,-0.473,51.976796045,81.6260517824,-36.8648413622
-0.0165,-0.0003,0.9322,0.3613,-0.2193,0.0145,0.7851,0.5789,-0.2218,0.0698,-0.8398,-0.4904,49.2844601068,84.1281878284,-35.3592709282
-0.0165,-0.0003,0.9322,0.3613,-0.2193,0.0145,0.7851,0.5789,-0.2218,0.0698,-0.8398,-0.4904,48.4180703964,83.936427141,-35.9466494934
-0.0164,-0.0003,0.9309,0.3646,-0.218,0.0107,0.781,0.585,-0.2241,0.0466,-0.8359,-0.4986,48.1307276556,85.423202753,-33.399799235
-0.0161,-0.0032,0.9263,0.3762,-0.2184,-0.0025,0.7701,0.5993,-0.2269,0.0159,-0.8306,-0.5081,45.8553283912,86.8919564736,-31.3672685776
-0.0161,-0.0032,0.9263,0.3762,-0.2184,-0.0025,0.7701,0.5993,-0.2269,0.0159,-0.8306,-0.5081,45.989347458,86.6153827616,-32.156166084
-0.0139,-0.007,0.9204,0.3906,-0.2168,-0.017,0.7587,0.6139,-0.2241,-0.021,-0.8242,-0.5195,44.8232483568,88.1503659474,-29.0602418618
-0.0145,-0.0115,0.9143,0.4045,-0.2207,-0.0328,0.7463,0.627,-0.2177,-0.0588,-0.8213,-0.5239,42.0899339912,89.5570205154,-27.7205926954
-0.0164,-0.017,0.9076,0.419,-0.2252,-0.0484,0.7363,0.6362,-0.2041,-0.1149,-0.827,-0.5109,41.5768816656,89.1175370156,-28.796119628
-0.0164,-0.017,0.9076,0.419,-0.2252,-0.0484,0.7363,0.6362,-0.2041,-0.1149,-0.827,-0.5109,39.240840616,90.545939038,-26.727427653
-0.0166,-0.0183,0.9072,0.4199,-0.2286,-0.0569,0.7319,0.6392,-0.2023,-0.1337,-0.8325,-0.4979,36.3207244506,91.4269693472,-25.6652722878
-0.0211,-0.0222,0.9046,0.4251,-0.2349,-0.0708,0.7238,0.6448,-0.1999,-0.1727,-0.8457,-0.4635,36.1023910064,91.219185873,-25.9590285556
-0.0252,-0.026,0.9052,0.4232,-0.2426,-0.0855,0.7161,0.6488,-0.1909,-0.2095,-0.8566,-0.4309,33.5804834148,92.088466085,-24.2820934572
-0.0272,-0.0286,0.9036,0.4263,-0.2451,-0.0977,0.7105,0.6522,-0.186,-0.2295,-0.8588,-0.4185,31.14232711,92.3963029326,-22.6579495508
-0.0272,-0.0286,0.9036,0.4263,-0.2451,-0.0977,0.7105,0.6522,-0.186,-0.2295,-0.8588,-0.4185,30.9886454886,92.2526025664,-22.77312085
-0.0285,-0.0319,0.9057,0.4216,-0.2509,-0.1071,0.7072,0.6522,-0.1828,-0.2432,-0.8651,-0.3986,29.2012317592,92.396413476,-21.7221256868
-0.0299,-0.0368,0.9048,0.423,-0.2522,-0.1151,0.7075,0.6499,-0.1773,-0.246,-0.8676,-0.3939,27.8960609584,92.6220692144,-21.3613546188
-0.0299,-0.0368,0.9048,0.423,-0.2522,-0.1151,0.7075,0.6499,-0.1773,-0.246,-0.8676,-0.3939,27.8663498782,92.510597608,-21.4334235514
-0.0283,-0.0398,0.905,0.4224,-0.2523,-0.1172,0.707,0.65,-0.1767,-0.2474,-0.8686,-0.3911,27.090336149,92.8615114714,-20.8530544726
-0.0267,-0.0422,0.9041,0.4242,-0.2512,-0.1186,0.7069,0.6503,-0.1768,-0.2487,-0.8678,-0.392,27.1739783308,92.8343348756,-20.6141044
-0.0267,-0.0422,0.9041,0.4242,-0.2512,-0.1186,0.7069,0.6503,-0.1768,-0.2487,-0.8678,-0.392,27.391858232,92.743617648,-20.938955232
-0.0254,-0.0418,0.9052,0.4219,-0.2475,-0.111,0.7084,0.6515,-0.1764,-0.2473,-0.8669,-0.395,27.9300599942,92.5660715618,-21.4696169924
-0.0234,-0.0407,0.9054,0.4217,-0.2424,-0.1006,0.7109,0.6522,-0.1771,-0.2457,-0.8659,-0.398,32.163958429,92.118988957,-22.835062818
-0.0112,-0.0316,0.9043,0.4254,-0.2178,-0.0544,0.73,0.6454,-0.179,-0.1996,-0.8541,-0.4454,32.2607041792,92.1707788206,-23.190858425
-0.0014,-0.0196,0.9141,0.4048,-0.1962,-0.0146,0.7531,0.6277,-0.1823,-0.0816,-0.8291,-0.5222,38.4620719104,90.0058559262,-27.8026288714
-0.0014,-0.0157,0.919,0.3937,-0.194,0.0007,0.7619,0.6178,-0.1931,0.014,-0.8184,-0.541,42.2217724716,88.2134587936,-31.9979952452
-0.0014,-0.0157,0.919,0.3937,-0.194,0.0007,0.7619,0.6178,-0.1931,0.014,-0.8184,-0.541,42.7966998806,88.7864618008,-30.6332941016
0.0016,-0.0144,0.921,0.3892,-0.1997,0.0054,0.768,0.6085,-0.1919,0.0477,-0.8235,-0.5316,46.040912147,87.1362291734,-31.32485204
0.0007,-0.0149,0.9221,0.3865,-0.2025,0.007,0.7717,0.6027,-0.1878,0.0593,-0.8236,-0.5318,48.0755246556,85.302621476,-32.5026693772
0.0007,-0.0149,0.9221,0.3865,-0.2025,0.007,0.7717,0.6027,-0.1878,0.0593,-0.8236,-0.5318,48.642723096,85.433777732,-32.174756181
-0.0007,-0.014,0.9263,0.3764,-0.2053,0.016,0.7814,0.5889,-0.1809,0.0852,-0.8266,-0.526,49.478429793,83.5184971534,-34.369487904
-0.0011,-0.0108,0.9293,0.369,-0.2039,0.025,0.7866,0.5821,-0.1806,0.1037,-0.83,-0.5173,51.5376571216,82.6431514632,-34.2327561824
-0.0018,-0.0068,0.9304,0.3664,-0.2037,0.0328,0.789,0.5786,-0.1821,0.1139,-0.8287,-0.5167,51.5446524642,82.7822487432,-33.9966422238
-0.0018,-0.0068,0.9304,0.3664,-0.2037,0.0328,0.789,0.5786,-0.1821,0.1139,-0.8287,-0.5167,52.695496105,81.746942772,-34.725303879
