S10_w,S10_x,S10_y,S10_z,S11_w,S11_x,S11_y,S11_z,S8_w,S8_x,S8_y,S8_z,thumb_pose_position_x,thumb_pose_position_y,thumb_pose_position_z
-0.0708,-0.1984,0.8906,0.4028,-0.3026,-0.142,0.7297,0.5963,0.3661,0.5863,0.5441,0.4754,37.8580230838,97.1206314648,-3.1331358852
-0.0684,-0.2,0.8902,0.4034,-0.3007,-0.1472,0.7284,0.5976,0.3707,0.5833,0.5441,0.4755,37.589429448,97.2399471092,-2.7555957224
-0.0667,-0.2006,0.8899,0.4041,-0.2996,-0.1496,0.7274,0.5989,0.3726,0.5826,0.5437,0.4755,38.209949207,97.2651748396,-3.271682475
-0.0667,-0.2006,0.8899,0.4041,-0.2996,-0.1496,0.7274,0.5989,0.3726,0.5826,0.5437,0.4755,37.348486092,97.2111998976,-2.6645059224
-0.0643,-0.2016,0.8898,0.4041,-0.298,-0.1514,0.7277,0.5988,0.3745,0.5813,0.5441,0.4749,37.4655323736,97.2306757376,-2.4934237198
-0.0642,-0.2017,0.89,0.4037,-0.2984,-0.1518,0.7277,0.5986,0.3749,0.5811,0.5441,0.4748,37.8344078436,97.309550286,-2.8319162388
-0.064,-0.2016,0.8901,0.4034,-0.2982,-0.1518,0.7277,0.5986,0.3751,0.5814,0.544,0.4744,37.6480501316,97.3194089742,-2.8727954902
-0.0651,-0.2012,0.8906,0.4024,-0.2995,-0.1522,0.7275,0.598,0.3746,0.5821,0.5435,0.4746,37.713506678,97.52829863,-2.998657898
-0.0659,-0.2007,0.891,0.4017,-0.299,-0.1506,0.7276,0.5986,0.3743,0.5827,0.5432,0.4744,37.7016829828,97.386644736,-2.6524997268
-0.0664,-0.2002,0.8912,0.4013,-0.299,-0.1497,0.7275,0.5989,0.3742,0.5834,0.5427,0.4742,37.9864184358,97.6170292128,-2.9037586878
-0.0677,-0.1987,0.8918,0.4005,-0.2992,-0.1477,0.7265,0.6007,0.373,0.5855,0.541,0.4746,38.2843717752,97.5211617516,-2.7684848378
-0.0689,-0.1977,0.892,0.4005,-0.2987,-0.1459,0.7263,0.6015,0.3725,0.5868,0.5397,0.4748,37.7808986286,97.331375791,-2.5810632652
-0.0697,-0.1972,0.892,0.4005,-0.2996,-0.1456,0.7257,0.6019,0.372,0.5876,0.5391,0.4749,38.233179047,97.484428395,-2.634805324
-0.0711,-0.1957,0.8921,0.4008,-0.3007,-0.1481,0.7232,0.6036,0.372,0.5892,0.5369,0.4754,38.0605130538,97.487730404,-2.4299233166
-0.0722,-0.1953,0.8919,0.4011,-0.3001,-0.1507,0.7216,0.6054,0.3713,0.5919,0.5349,0.4747,37.7269644986,97.305043678,-2.2716143808
-0.0722,-0.1944,0.8918,0.402,-0.2968,-0.1571,0.7172,0.6105,0.3713,0.5957,0.5318,0.4736,36.862691099,97.61419937,-1.233496992
-0.0706,-0.1891,0.8895,0.4097,-0.2808,-0.173,0.7028,0.6302,0.3659,0.615,0.5223,0.4636,34.1002387016,97.3995049398,3.2285769926
-0.069,-0.1878,0.8867,0.4166,-0.2731,-0.1768,0.6984,0.6374,0.3688,0.6083,0.5072,0.4864,33.6354033722,97.5897570592,2.5975241698
-0.0673,-0.187,0.8856,0.4197,-0.2653,-0.1816,0.6938,0.6442,0.3782,0.5989,0.4963,0.5017,30.49154525,96.7819584164,9.5484651316
-0.0658,-0.184,0.8847,0.423,-0.2633,-0.182,0.6916,0.6473,0.3907,0.5919,0.4857,0.5108,29.4371505236,96.173299478,10.4472548168
-0.0648,-0.1833,0.8846,0.4238,-0.262,-0.1809,0.6927,0.647,0.3927,0.59,0.4862,0.5109,29.3723680832,96.2966123228,9.4938724372
-0.064,-0.1834,0.8846,0.4238,-0.2609,-0.1757,0.6939,0.6476,0.3925,0.5889,0.4879,0.5106,29.7416064106,96.0638219408,10.3162753594
-0.0625,-0.1818,0.886,0.4218,-0.2693,-0.1549,0.7009,0.6419,0.3881,0.5915,0.5051,0.4942,31.9805290092,96.0509580532,8.0413395684
-0.063,-0.1796,0.8869,0.4207,-0.2741,-0.1497,0.7042,0.6375,0.3867,0.5962,0.5173,0.4767,32.0361022844,96.1511828398,7.745365074
-0.0622,-0.1788,0.8875,0.4198,-0.2797,-0.142,0.708,0.6326,0.3878,0.5941,0.5198,0.4757,36.5823246692,96.1842652294,3.328673988
-0.0615,-0.1766,0.8892,0.4174,-0.2817,-0.1369,0.7119,0.6284,0.3973,0.5867,0.5209,0.4759,40.5706025218,95.7357180948,0.3074959158
-0.0626,-0.1765,0.8889,0.418,-0.2805,-0.1427,0.7102,0.6297,0.3925,0.5958,0.5197,0.4698,40.030927356,95.7559865066,0.2083602522
-0.0641,-0.1766,0.8883,0.4189,-0.2728,-0.1538,0.7039,0.6375,0.3796,0.6099,0.5194,0.4625,39.159883284,95.9214115538,0.894994025
-0.0637,-0.1739,0.8856,0.4257,-0.262,-0.1612,0.6911,0.6539,0.3939,0.5942,0.4876,0.5038,33.581382456,96.1185746936,7.0409562672
-0.0673,-0.1679,0.8855,0.4277,-0.2595,-0.1575,0.6884,0.6586,0.4072,0.5838,0.482,0.5107,33.1552968356,96.2602175156,6.4946670508
-0.0681,-0.1644,0.8853,0.4294,-0.2583,-0.1533,0.6854,0.6632,0.4101,0.5804,0.48,0.5142,32.3405135488,94.975001176,8.4988627696
-0.0641,-0.1609,0.8844,0.4332,-0.2518,-0.1441,0.6852,0.668,0.4129,0.5781,0.4801,0.5145,33.066555172,94.670002558,8.7974297292
-0.0607,-0.1607,0.885,0.4325,-0.2485,-0.1355,0.6858,0.6704,0.4094,0.585,0.4837,0.5059,32.9449666412,95.0153094382,7.8634351742
-0.0601,-0.16,0.8862,0.4305,-0.251,-0.1303,0.6892,0.6671,0.4065,0.591,0.4873,0.4978,34.9039379444,94.6951550226,7.2819325618
-0.0598,-0.1578,0.8889,0.4258,-0.2554,-0.114,0.6995,0.6575,0.3929,0.6084,0.5079,0.4662,38.51345722,94.8489026226,2.6021554996
-0.058,-0.1577,0.8903,0.423,-0.2562,-0.1061,0.7057,0.6519,0.3922,0.6116,0.5161,0.4534,38.321529096,94.9219463102,3.5187291286
-0.0583,-0.1585,0.8908,0.4218,-0.2593,-0.1074,0.7075,0.6484,0.3969,0.6093,0.5169,0.4515,42.2937667572,94.7779771934,0.455986652
-0.0625,-0.1602,0.8915,0.419,-0.2617,-0.1144,0.7078,0.6459,0.3933,0.6146,0.517,0.4475,41.292639449,95.2097676138,-0.2227266352
-0.0646,-0.1616,0.8917,0.4177,-0.26,-0.1242,0.7062,0.6466,0.3842,0.6215,0.518,0.4446,40.902780704,94.7895609622,0.2532680242
-0.0638,-0.1663,0.8903,0.419,-0.2491,-0.1496,0.6976,0.6548,0.3976,0.6031,0.4931,0.4846,38.2836767924,95.6350796086,1.8528886962
-0.0631,-0.1654,0.8892,0.4216,-0.2484,-0.1524,0.6943,0.658,0.4071,0.5939,0.4882,0.4929,32.3290479132,95.7726793288,8.3870659404
-0.0665,-0.1635,0.8884,0.4235,-0.2496,-0.1531,0.6886,0.6632,0.4113,0.5895,0.4858,0.4971,32.807723345,95.238169942,7.824364183
-0.0607,-0.16,0.8868,0.4291,-0.2526,-0.1312,0.6884,0.6671,0.4064,0.5974,0.4907,0.4867,33.737484775,94.285341975,7.62647521
-0.0609,-0.16,0.8871,0.4285,-0.2568,-0.1273,0.6927,0.6617,0.3991,0.6062,0.5027,0.4694,35.9821279856,94.8204284168,5.0262079756
-0.0592,-0.1602,0.8876,0.4274,-0.2594,-0.1224,0.6978,0.6562,0.3981,0.6091,0.5094,0.4591,35.5436659488,94.9249379116,4.9675352092
-0.0593,-0.1615,0.8876,0.4271,-0.2608,-0.1253,0.6984,0.6546,0.3981,0.6116,0.5142,0.4503,39.3500907984,95.05621735,2.1000003484
-0.0639,-0.1652,0.8865,0.4274,-0.2583,-0.1437,0.6914,0.6591,0.3974,0.6061,0.5024,0.4713,35.919819546,95.6011607308,3.4216025656
-0.0653,-0.1665,0.8859,0.4277,-0.2559,-0.1541,0.6871,0.6621,0.4054,0.5917,0.492,0.4932,35.726902569,95.4379103942,3.9420092852
-0.0696,-0.1658,0.8862,0.4268,-0.2561,-0.1563,0.686,0.6627,0.4095,0.5833,0.4934,0.4984,31.7936389942,95.3904121628,7.1543624466
-0.0695,-0.1643,0.8861,0.4275,-0.2535,-0.1539,0.6856,0.6647,0.4126,0.5777,0.4941,0.5017,31.247984738,94.933047486,7.586416996
-0.0658,-0.1649,0.886,0.4281,-0.2512,-0.1488,0.6846,0.6677,0.413,0.5771,0.4954,0.5008,31.5858435776,95.1442283584,7.7841927072
-0.0624,-0.1651,0.8858,0.429,-0.2507,-0.1452,0.6827,0.6707,0.412,0.5801,0.4971,0.4965,32.5131629232,94.7851137328,8.489227852
-0.0607,-0.1608,0.8861,0.4302,-0.2537,-0.1329,0.6875,0.6671,0.4068,0.5964,0.4958,0.4824,34.5474370816,94.6332750628,6.385967526
-0.0585,-0.1578,0.8875,0.4289,-0.2555,-0.1204,0.6955,0.6605,0.401,0.6057,0.4988,0.4725,34.359729784,94.9155626134,5.7874561142
-0.0563,-0.1563,0.8883,0.4281,-0.2546,-0.1104,0.7013,0.6565,0.3988,0.6107,0.5029,0.4636,39.83138302,94.0899514036,2.4146228688
-0.0534,-0.156,0.891,0.4229,-0.2564,-0.0933,0.7153,0.6432,0.4018,0.6026,0.5006,0.4741,44.686598756,92.9057413748,-1.2018487228
-0.0534,-0.1584,0.8931,0.4174,-0.2579,-0.0889,0.7232,0.6344,0.4002,0.6027,0.5021,0.4737,44.5845290346,93.344937564,-1.290710483
-0.0538,-0.1608,0.8942,0.4141,-0.2604,-0.0864,0.7293,0.6266,0.3939,0.6011,0.5088,0.4738,45.075407095,92.6428747204,-3.7950879322
-0.0563,-0.1657,0.897,0.4057,-0.2658,-0.0827,0.7401,0.612,0.3907,0.5994,0.5136,0.4734,44.342613194,92.6383472306,-7.9799658732
-0.0598,-0.1737,0.9011,0.3926,-0.272,-0.0783,0.7567,0.5891,0.3787,0.5966,0.5264,0.4726,46.5204034812,92.776865878,-5.8969078808
-0.0614,-0.177,0.9014,0.3901,-0.2755,-0.0786,0.7607,0.5823,0.3724,0.5927,0.5313,0.477,43.8877734762,92.5405246714,-9.6454928376
-0.0645,-0.1812,0.9012,0.3881,-0.2807,-0.0806,0.7636,0.5758,0.3696,0.59,0.5324,0.4813,43.811812556,92.5563695036,-9.2641754152
-0.0706,-0.1877,0.9,0.3869,-0.2883,-0.086,0.7638,0.5709,0.3528,0.5881,0.5366,0.4913,46.4842661552,93.0136271268,-9.3988556956
-0.0726,-0.1903,0.8992,0.387,-0.2912,-0.0892,0.7631,0.5698,0.3441,0.5883,0.5384,0.4954,43.8464730308,92.6959566408,-8.795712044
-0.0748,-0.1939,0.8987,0.3861,-0.2951,-0.0946,0.7627,0.5675,0.341,0.5888,0.5397,0.4956,43.4904647102,93.185118192,-9.0435228854
-0.0828,-0.1956,0.8961,0.3895,-0.3008,-0.0982,0.76,0.5675,0.3297,0.5913,0.5411,0.4987,45.5524725498,93.6302088004,-10.3760361044
-0.086,-0.1963,0.8957,0.3894,-0.306,-0.0998,0.7575,0.5678,0.322,0.5947,0.5412,0.4996,43.3389234778,93.4785928182,-10.216590058
-0.0888,-0.1964,0.8952,0.3898,-0.3093,-0.1002,0.7551,0.569,0.3187,0.5969,0.5406,0.4998,43.818549568,93.7887574104,-10.592131768
-0.0916,-0.196,0.8947,0.3905,-0.3126,-0.0999,0.753,0.5703,0.3129,0.601,0.5404,0.4987,44.599210331,94.1061186208,-10.6284813564
-0.0945,-0.1955,0.8941,0.3914,-0.3153,-0.1,0.7512,0.5711,0.3117,0.6027,0.5384,0.4995,44.4737664378,94.0674677692,-10.5415013812
-0.0946,-0.1948,0.8942,0.3917,-0.315,-0.0994,0.7511,0.5715,0.3129,0.6031,0.5382,0.4984,45.042449545,94.2443842626,-10.3173612698
-0.0949,-0.1942,0.8944,0.3914,-0.315,-0.0994,0.7512,0.5714,0.315,0.6057,0.5393,0.4929,44.422136824,94.3569034488,-10.2453968446
-0.0946,-0.1937,0.8944,0.3917,-0.3149,-0.0997,0.7499,0.5731,0.3156,0.6066,0.539,0.4915,44.8600651442,94.3971605536,-10.3432982524
-0.0933,-0.1928,0.8946,0.392,-0.3145,-0.0999,0.7491,0.5743,0.317,0.6082,0.5385,0.4893,44.7812552784,94.3620698578,-9.7300780734
-0.0938,-0.1912,0.8942,0.3936,-0.3143,-0.102,0.7458,0.5783,0.3183,0.6109,0.5359,0.488,44.2779660058,94.4511314458,-9.90344619
-0.0945,-0.1907,0.8938,0.3945,-0.315,-0.1046,0.7436,0.5803,0.3186,0.6124,0.5352,0.4867,44.5784724652,94.5220875616,-9.3822629832
-0.0953,-0.1903,0.8938,0.3945,-0.3153,-0.108,0.7409,0.583,0.318,0.6152,0.5339,0.4849,43.663308384,95.0323623316,-8.8392980056
-0.0988,-0.1884,0.8917,0.3993,-0.3108,-0.1265,0.7287,0.5969,0.3181,0.6256,0.5272,0.4788,42.9341060548,95.094583489,-8.5240673276
-0.099,-0.1925,0.8891,0.4031,-0.2961,-0.1571,0.7196,0.608,0.3154,0.6342,0.5224,0.4744,40.526719079,96.3756504326,-4.7364100194
-0.099,-0.1925,0.8891,0.4031,-0.2961,-0.1571,0.7196,0.608,0.3154,0.6342,0.5224,0.4744,34.6874434366,97.9924578368,1.9789588482
-0.0907,-0.1983,0.8862,0.4086,-0.2841,-0.1776,0.7097,0.6196,0.3544,0.6091,0.5014,0.5018,34.6603341024,97.4871412672,1.0566899424
-0.0919,-0.1995,0.8851,0.4102,-0.2861,-0.1818,0.7094,0.6179,0.3612,0.6002,0.4996,0.5093,30.7931495264,97.8603195664,6.2443695328
-0.0919,-0.1995,0.8851,0.4102,-0.2861,-0.1818,0.7094,0.6179,0.3612,0.6002,0.4996,0.5093,30.223149564,97.667908644,4.8747567956
-0.0894,-0.2005,0.8866,0.4069,-0.284,-0.1732,0.7105,0.6199,0.3577,0.6026,0.5051,0.5037,30.5376402028,97.4510639648,4.7808645756
-0.0888,-0.1958,0.8873,0.4079,-0.2933,-0.1536,0.7136,0.6172,0.3537,0.6035,0.5166,0.4936,31.5135830212,97.2848150712,4.10718251
-0.0888,-0.1958,0.8873,0.4079,-0.2933,-0.1536,0.7136,0.6172,0.3537,0.6035,0.5166,0.4936,35.8914589084,96.9118583504,1.2360974908
-0.0876,-0.1912,0.8894,0.4058,-0.2977,-0.1395,0.7199,0.6112,0.3348,0.616,0.5313,0.4755,35.2127014432,97.0523485312,0.822370492
-0.0905,-0.1896,0.8908,0.4027,-0.3007,-0.137,0.7207,0.6094,0.3364,0.621,0.5304,0.4686,38.2943006808,96.758394028,-2.0080674736
-0.0905,-0.1896,0.8908,0.4027,-0.3007,-0.137,0.7207,0.6094,0.3364,0.621,0.5304,0.4686,38.0815023948,97.0448473032,-2.9104803076
-0.0922,-0.1901,0.8896,0.4047,-0.296,-0.155,0.7135,0.6157,0.3376,0.6199,0.5131,0.488,37.2002443568,96.8433809728,-2.138000046
-0.0977,-0.1904,0.8884,0.4058,-0.2911,-0.1667,0.7077,0.6217,0.3582,0.6086,0.4941,0.507,34.3395353952,97.8265775872,0.9466373952
-0.0977,-0.1904,0.8884,0.4058,-0.2911,-0.1667,0.7077,0.6217,0.3582,0.6086,0.4941,0.507,32.2497253472,97.4424056946,3.839950495
-0.0959,-0.1903,0.888,0.4072,-0.2901,-0.1647,0.7069,0.6236,0.359,0.6069,0.4924,0.51,32.0264950704,97.1463975448,4.0373702264
-0.0903,-0.1885,0.8887,0.4078,-0.2941,-0.1474,0.71,0.6226,0.3589,0.6046,0.5021,0.5034,32.2550626242,97.2435917042,4.4333289238
-0.0903,-0.1885,0.8887,0.4078,-0.2941,-0.1474,0.71,0.6226,0.3589,0.6046,0.5021,0.5034,35.247820003,96.7984616892,1.6594938668
-0.0886,-0.1868,0.89,0.4061,-0.2982,-0.1376,0.7156,0.6163,0.3469,0.6117,0.5198,0.4848,35.2556861618,96.818112094,1.0144084426
-0.0877,-0.1871,0.8905,0.4053,-0.2988,-0.1363,0.716,0.6159,0.3416,0.6148,0.5225,0.4818,36.934079492,96.71496505,-1.3616992152
-0.088,-0.1871,0.8906,0.405,-0.297,-0.1356,0.7157,0.6172,0.3415,0.6176,0.5237,0.477,37.1769515238,96.742895996,-1.4472127162
-0.0883,-0.1887,0.8889,0.4077,-0.2892,-0.1547,0.7086,0.6246,0.354,0.6134,0.5051,0.4931,37.1225528854,96.6782537572,-1.4069948098
-0.0874,-0.185,0.8895,0.4085,-0.2877,-0.143,0.7088,0.6279,0.365,0.6025,0.5028,0.5008,34.2557270968,96.674508572,3.6609535632
-0.0875,-0.1839,0.8905,0.4068,-0.2909,-0.1322,0.7139,0.6229,0.3594,0.6076,0.5122,0.489,38.5511971764,96.182965216,-0.5537763242
-0.0873,-0.1853,0.8918,0.4033,-0.2934,-0.1321,0.716,0.6195,0.3492,0.6206,0.522,0.4692,38.2925152004,96.3248380336,-0.0825849964
-0.0897,-0.1848,0.8916,0.4035,-0.2935,-0.1342,0.7141,0.6211,0.3497,0.6231,0.5216,0.4661,38.1360433284,96.5941701256,-1.4455563724
-0.0894,-0.1858,0.8905,0.4055,-0.2893,-0.1475,0.7089,0.626,0.351,0.6219,0.5159,0.473,34.945062655,97.1117104052,2.0093819554
-0.0936,-0.1862,0.8888,0.408,-0.2875,-0.1598,0.7025,0.631,0.3721,0.6047,0.4901,0.5055,34.660561696,96.880503068,1.949530406
-0.0947,-0.1853,0.8887,0.4085,-0.286,-0.1591,0.7033,0.6309,0.3749,0.6024,0.4887,0.5075,32.727560132,96.9919355808,4.2675959952
-0.0917,-0.1853,0.8889,0.4085,-0.2838,-0.1531,0.7029,0.6339,0.3745,0.602,0.4909,0.5061,33.4294848296,96.7367663826,4.2865725916
-0.0874,-0.1848,0.8896,0.4083,-0.2915,-0.1363,0.7078,0.6288,0.3704,0.6024,0.5075,0.4921,33.3796042104,96.7412872304,3.967113204
-0.0851,-0.1835,0.8909,0.4064,-0.2949,-0.1276,0.7131,0.6229,0.3689,0.6041,0.5245,0.4729,36.6346213958,96.485257886,1.0232707806
-0.0833,-0.1842,0.892,0.4041,-0.298,-0.1188,0.7204,0.6148,0.3706,0.6012,0.5293,0.4699,41.0388703268,95.8136164968,-3.4653621048
-0.0803,-0.1854,0.8931,0.4017,-0.3,-0.108,0.729,0.6056,0.3832,0.5888,0.53,0.4747,41.0918393664,95.7046524196,-3.509474592
-0.0797,-0.1859,0.8936,0.4006,-0.2987,-0.1053,0.7313,0.6039,0.3871,0.5852,0.5315,0.4744,42.938712059,94.9257645966,-5.975480112
-0.0797,-0.1864,0.8939,0.3997,-0.3006,-0.1049,0.7318,0.6025,0.3897,0.582,0.5319,0.4756,43.1935179632,94.7494297976,-6.9850811112
-0.0799,-0.1878,0.8933,0.4002,-0.3027,-0.1045,0.7329,0.6001,0.4003,0.5723,0.5288,0.4819,43.1878174,94.7375427348,-6.7272349104
-0.0787,-0.1885,0.8937,0.3992,-0.3035,-0.1038,0.733,0.5997,0.4091,0.5646,0.5288,0.4838,43.104205256,94.657650942,-7.074233992
-0.0785,-0.1889,0.8933,0.4002,-0.3054,-0.1027,0.7324,0.5997,0.4188,0.5575,0.5264,0.4863,43.10491125,94.5153961212,-7.8176435732
-0.0801,-0.1896,0.8923,0.4015,-0.3067,-0.1125,0.7278,0.6029,0.4258,0.5542,0.5266,0.4838,43.3222128288,94.495343432,-7.69111124
-0.0832,-0.191,0.8916,0.4019,-0.3044,-0.1234,0.7248,0.6055,0.4071,0.5743,0.5319,0.4705,42.3147945064,94.7525808764,-6.7680046668
-0.0874,-0.1908,0.8904,0.4037,-0.2968,-0.139,0.721,0.6105,0.3836,0.5966,0.5358,0.458,37.6320336116,96.3587397584,-2.828884336
-0.0899,-0.1912,0.8895,0.4049,-0.2815,-0.1605,0.7117,0.6232,0.3735,0.6039,0.5183,0.4765,37.8558735648,96.5727849384,-2.5430913672
-0.0866,-0.1928,0.8874,0.4095,-0.2745,-0.1679,0.7088,0.6276,0.3834,0.5938,0.504,0.4962,32.9373824982,96.9077595666,3.2482587954
-0.0857,-0.1936,0.887,0.4102,-0.2738,-0.1715,0.7088,0.6269,0.3843,0.5905,0.5,0.5034,30.7278799124,97.1583908462,6.62727599
-0.0854,-0.1942,0.8883,0.4072,-0.273,-0.1699,0.7135,0.6224,0.3827,0.5897,0.5004,0.5052,31.4173561696,96.9679338128,5.8398965736
-0.0863,-0.1946,0.89,0.403,-0.2745,-0.163,0.716,0.6206,0.3803,0.5905,0.5054,0.501,31.4350765056,97.1392594456,4.618762154
-0.0858,-0.195,0.8909,0.4008,-0.2797,-0.1546,0.7143,0.6224,0.3786,0.5907,0.5102,0.4973,32.9079983834,97.1765317622,2.642329428
-0.0844,-0.1939,0.8916,0.4003,-0.291,-0.139,0.7232,0.6107,0.3691,0.5999,0.5274,0.4749,32.948858801,97.106672434,3.4211236038
-0.0816,-0.1937,0.8932,0.3973,-0.2944,-0.1328,0.7287,0.6038,0.3633,0.6019,0.5394,0.4632,36.4452839368,97.2743820838,-0.2261838296
-0.0811,-0.1933,0.8947,0.3942,-0.298,-0.1276,0.7327,0.5983,0.3691,0.5966,0.5407,0.4641,40.650279488,96.3871242564,-4.712104866
-0.0856,-0.1936,0.8933,0.3964,-0.303,-0.1303,0.7305,0.5979,0.3753,0.5946,0.5345,0.4687,39.923133207,96.4095228602,-4.6929109766
-0.0874,-0.1936,0.8924,0.3979,-0.2996,-0.139,0.7274,0.6014,0.3587,0.608,0.5346,0.4645,39.124208183,96.6837868542,-4.1313160186
-0.0914,-0.1939,0.8916,0.3986,-0.2951,-0.1497,0.7242,0.6049,0.3496,0.6132,0.5336,0.4657,35.8928438792,97.343553976,-0.6220315474
-0.0917,-0.1966,0.8894,0.4021,-0.2856,-0.1694,0.7159,0.614,0.3649,0.5996,0.5104,0.4967,35.8695350298,97.338543891,-0.3951887492
-0.0942,-0.1964,0.889,0.4025,-0.2877,-0.1723,0.7141,0.6143,0.3722,0.592,0.5034,0.5073,31.6733363452,97.4433760452,4.394163924
-0.0941,-0.1958,0.8884,0.4042,-0.2879,-0.1738,0.7127,0.6154,0.3736,0.5904,0.5011,0.5104,30.9947724264,97.26161777,4.9378125998
-0.0895,-0.1958,0.889,0.4039,-0.285,-0.163,0.7131,0.6193,0.3734,0.5913,0.5031,0.5076,31.3594645384,97.4352421616,4.7007743976
-0.0876,-0.1949,0.8898,0.4031,-0.2872,-0.1549,0.7145,0.6187,0.3703,0.5961,0.511,0.4962,32.3818276736,97.172358166,4.326464082
-0.0869,-0.1928,0.8905,0.4025,-0.2933,-0.1425,0.7177,0.6152,0.3687,0.6006,0.5258,0.4761,36.7597125822,96.8049294434,0.1113799986
-0.0833,-0.1926,0.8911,0.4022,-0.2974,-0.1389,0.719,0.6125,0.3719,0.5986,0.5299,0.4716,36.5416616968,96.9629573338,-0.1121746742
-0.0841,-0.1926,0.8904,0.4036,-0.296,-0.1414,0.7177,0.614,0.3706,0.601,0.5281,0.4715,38.4183844928,96.8698498774,-1.566689855
-0.0877,-0.1929,0.8895,0.4047,-0.2907,-0.1523,0.7153,0.6169,0.3637,0.6085,0.5287,0.4666,37.1811909724,97.1065327576,-0.5680342948
-0.0906,-0.1963,0.8882,0.4052,-0.2843,-0.1735,0.7092,0.6212,0.3634,0.6012,0.5111,0.4951,36.681961975,96.9761635372,-0.6668726862
-0.0926,-0.1968,0.8873,0.4066,-0.2843,-0.177,0.7086,0.621,0.371,0.5952,0.5019,0.506,32.059232026,97.5582897192,3.1521437308
-0.0916,-0.1975,0.8869,0.4073,-0.2843,-0.1788,0.7077,0.6215,0.3725,0.593,0.5004,0.5089,30.158749976,97.4564924692,5.3414212698
-0.0908,-0.1982,0.8865,0.4078,-0.2835,-0.1768,0.7069,0.6233,0.3742,0.5891,0.5004,0.5123,30.6037068916,97.367700854,5.2677270608
-0.0859,-0.1987,0.8864,0.4091,-0.285,-0.1643,0.7058,0.6272,0.3752,0.585,0.5094,0.5073,30.7714635934,97.3478249106,5.698924964
-0.0847,-0.1981,0.8863,0.4097,-0.2909,-0.158,0.7084,0.6231,0.3738,0.5886,0.5182,0.4951,33.5264942652,97.1634503988,2.554935486
-0.0845,-0.1981,0.8863,0.4099,-0.293,-0.1563,0.7094,0.6215,0.3706,0.5951,0.5281,0.479,33.3890111498,97.300686568,1.8846518462
-0.0853,-0.1981,0.8862,0.4098,-0.2951,-0.1558,0.7076,0.6227,0.3629,0.603,0.5301,0.4729,34.3794474156,97.315378608,0.5919602484
-0.0864,-0.1981,0.8854,0.4114,-0.294,-0.1595,0.7062,0.6239,0.3623,0.6057,0.5286,0.4715,34.233900221,97.4081341034,0.8381569268
-0.0883,-0.1983,0.8851,0.4115,-0.2947,-0.1644,0.7041,0.6246,0.3602,0.6051,0.5217,0.4815,33.6371417836,97.4101062156,0.7392918508
-0.0931,-0.1994,0.8841,0.412,-0.2912,-0.179,0.6997,0.6272,0.3713,0.5936,0.5037,0.5059,31.7354352642,97.4674018682,2.3614334944
-0.0956,-0.1988,0.8837,0.4125,-0.2913,-0.1804,0.6995,0.627,0.3726,0.5925,0.5018,0.5081,29.8418747652,97.4504283714,4.596431265
-0.0955,-0.1986,0.8838,0.4125,-0.2904,-0.1779,0.7,0.6275,0.374,0.5899,0.5014,0.5106,30.108858529,97.487440756,4.945030131
-0.0907,-0.199,0.8843,0.4122,-0.2917,-0.1647,0.702,0.6284,0.3741,0.5847,0.509,0.5089,30.5581701148,97.3511214736,4.9400706492
-0.0881,-0.198,0.8851,0.4116,-0.2965,-0.153,0.7074,0.6229,0.3724,0.586,0.5158,0.5017,34.4483495972,97.1353410172,1.9503256666
-0.0871,-0.1971,0.8859,0.4106,-0.2987,-0.1472,0.71,0.6204,0.3647,0.5966,0.5311,0.4783,34.569059148,97.3404190192,1.4652268924
-0.0858,-0.1967,0.8861,0.4106,-0.3015,-0.1424,0.7126,0.6172,0.3637,0.5999,0.5368,0.4685,37.405639884,96.8770537692,-1.3748890336
-0.0855,-0.1959,0.8876,0.4078,-0.3045,-0.135,0.717,0.6122,0.3754,0.5977,0.5363,0.4626,39.6434035378,96.5481270954,-3.3496097536
-0.0855,-0.1959,0.8876,0.4078,-0.3045,-0.135,0.717,0.6122,0.3754,0.5977,0.5363,0.4626,39.0400704952,96.491750968,-3.8498138664
-0.088,-0.1958,0.8869,0.4088,-0.3059,-0.1423,0.7133,0.6142,0.3695,0.6022,0.5359,0.462,39.0883985416,96.523265744,-4.4303431912
-0.0919,-0.1977,0.8851,0.4111,-0.3005,-0.1644,0.7064,0.6193,0.348,0.6145,0.5327,0.4661,34.8295741154,97.6401017918,-0.4584733718
-0.0919,-0.1977,0.8851,0.4111,-0.3005,-0.1644,0.7064,0.6193,0.348,0.6145,0.5327,0.4661,34.8314174046,97.450969554,-0.2039590258
-0.0934,-0.2005,0.8841,0.4114,-0.2912,-0.1798,0.7017,0.6247,0.3614,0.597,0.5111,0.5015,30.7987326954,97.7734056132,4.1624023894
-0.0966,-0.1996,0.8833,0.4129,-0.2907,-0.1808,0.7003,0.6262,0.3658,0.5924,0.5061,0.5089,29.8131940852,97.6186989448,5.0639789548
-0.0936,-0.2008,0.8834,0.4129,-0.2905,-0.1714,0.6997,0.6296,0.3651,0.5934,0.5073,0.507,30.1551618146,97.63468695,5.07096269
-0.0892,-0.2002,0.8845,0.4117,-0.2913,-0.1629,0.7012,0.6299,0.3637,0.5963,0.5131,0.4988,30.457029714,97.6584144776,4.8026254088
-0.0892,-0.2002,0.8845,0.4117,-0.2913,-0.1629,0.7012,0.6299,0.3637,0.5963,0.5131,0.4988,34.579587664,97.3100772118,1.1161998174
-0.0855,-0.1955,0.8872,0.4088,-0.2975,-0.1369,0.7135,0.6193,0.3626,0.5995,0.5321,0.4751,34.498393924,97.42585684,1.087952868
-0.0833,-0.1945,0.8883,0.4076,-0.3001,-0.1265,0.7202,0.6124,0.3616,0.6051,0.5404,0.4592,39.7576824136,96.366764716,-3.1752876648
-0.0872,-0.1957,0.8861,0.4108,-0.3054,-0.1342,0.7144,0.6149,0.359,0.6115,0.5389,0.4545,39.9667870292,96.289874302,-4.3967350876
-0.0872,-0.1957,0.8861,0.4108,-0.3054,-0.1342,0.7144,0.6149,0.359,0.6115,0.5389,0.4545,39.4134284428,96.3207763594,-4.7054083494
-0.0922,-0.1987,0.8837,0.4133,-0.3027,-0.1594,0.7039,0.6223,0.3535,0.6108,0.5261,0.4744,37.3017251712,97.122039789,-3.0899450246
-0.0939,-0.2,0.8834,0.4132,-0.2968,-0.1733,0.699,0.627,0.3594,0.6015,0.5162,0.4923,32.0142442716,97.9646298644,2.1075540588
-0.0939,-0.2,0.8834,0.4132,-0.2968,-0.1733,0.699,0.627,0.3594,0.6015,0.5162,0.4923,32.443284135,97.8366812622,2.5551256004
-0.0952,-0.2012,0.8817,0.4158,-0.2958,-0.1847,0.6951,0.6285,0.3666,0.5906,0.5117,0.5046,29.12637854,97.8066333152,5.4357702928
-0.0944,-0.2012,0.8809,0.4176,-0.2921,-0.1799,0.6969,0.6296,0.3697,0.5859,0.5115,0.5081,29.242821352,97.6810059366,5.7320197922
-0.0843,-0.201,0.8813,0.419,-0.293,-0.1623,0.697,0.6339,0.3662,0.5932,0.5093,0.5045,30.12326118,97.7000071072,5.0270050504
-0.0843,-0.201,0.8813,0.419,-0.293,-0.1623,0.697,0.6339,0.3662,0.5932,0.5093,0.5045,32.850635475,97.1932225224,4.3467201268
-0.084,-0.199,0.8833,0.4158,-0.3023,-0.1383,0.7118,0.6185,0.3569,0.5986,0.5221,0.4913,38.5942468248,96.5795940256,-0.88851835
-0.084,-0.1977,0.8878,0.4068,-0.3035,-0.1234,0.7245,0.6063,0.3552,0.5991,0.5449,0.4667,38.327979163,96.881382603,-0.619226645
-0.084,-0.1977,0.8878,0.4068,-0.3035,-0.1234,0.7245,0.6063,0.3552,0.5991,0.5449,0.4667,41.47970831,95.859236886,-5.40715643
-0.0841,-0.1967,0.8893,0.404,-0.3023,-0.1163,0.7286,0.6033,0.3615,0.5932,0.5457,0.4685,41.7268751404,95.706942194,-6.2751024528
-0.0863,-0.196,0.8883,0.4062,-0.306,-0.1227,0.7247,0.6049,0.3591,0.598,0.5451,0.4649,41.3548107916,95.7070115166,-5.8800170858
-0.0935,-0.1966,0.8865,0.4081,-0.3034,-0.1454,0.7131,0.6148,0.3375,0.6136,0.5404,0.4662,39.9351385592,96.3794768068,-5.1041018916
-0.0987,-0.1978,0.8848,0.41,-0.2962,-0.165,0.7064,0.6212,0.3577,0.5975,0.5163,0.4982,34.293679039,97.759680154,0.4483877018
-0.0987,-0.1978,0.8848,0.41,-0.2962,-0.165,0.7064,0.6212,0.3577,0.5975,0.5163,0.4982,34.3548932608,97.779032286,1.0080821016
-0.1006,-0.1976,0.884,0.4114,-0.2946,-0.1705,0.7039,0.6234,0.36,0.5983,0.511,0.5011,31.3766921804,97.761194635,3.3422037278
-0.0972,-0.1984,0.8836,0.4125,-0.2925,-0.1692,0.7031,0.6255,0.3599,0.5997,0.5105,0.5001,31.3037140928,97.6634255956,4.9858875666
-0.0972,-0.1984,0.8836,0.4125,-0.2925,-0.1692,0.7031,0.6255,0.3599,0.5997,0.5105,0.5001,32.1159868322,97.5924745526,3.8985413088
-0.0864,-0.1989,0.8836,0.4148,-0.2919,-0.156,0.7005,0.6322,0.363,0.6003,0.513,0.4945,34.059936407,97.033648244,3.5701024492
-0.0855,-0.1951,0.8868,0.41,-0.3001,-0.1292,0.716,0.6167,0.3588,0.6008,0.5398,0.4677,40.707436269,95.7060939086,-2.5447173098
-0.0855,-0.1951,0.8868,0.41,-0.3001,-0.1292,0.716,0.6167,0.3588,0.6008,0.5398,0.4677,40.6405531112,95.9548020306,-2.4759754148
-0.0831,-0.1947,0.8901,0.4034,-0.2989,-0.1143,0.7283,0.6058,0.3605,0.6019,0.5546,0.4472,42.8196336766,95.1868720482,-5.9040929782
-0.0863,-0.1921,0.8907,0.4027,-0.2999,-0.1089,0.7301,0.6042,0.3703,0.6038,0.5527,0.4389,43.198403374,94.958986836,-6.584652928
-0.0947,-0.1931,0.889,0.4039,-0.305,-0.1267,0.7192,0.6112,0.343,0.618,0.5529,0.4411,42.7083056022,94.823172004,-6.2650025834
-0.0947,-0.1931,0.889,0.4039,-0.305,-0.1267,0.7192,0.6112,0.343,0.618,0.5529,0.4411,40.6563951324,96.0731200736,-5.0819844676
-0.0977,-0.195,0.887,0.4067,-0.2997,-0.1518,0.7085,0.6204,0.3567,0.6016,0.5283,0.4812,35.6269635154,97.405481879,-0.1656920892
-0.0997,-0.1956,0.8845,0.4114,-0.2926,-0.1682,0.7007,0.6285,0.3624,0.5939,0.5215,0.4937,35.5101737528,97.1441309788,0.1530038508
-0.0996,-0.1959,0.8842,0.4119,-0.2908,-0.1674,0.7008,0.6293,0.3636,0.5927,0.5211,0.4948,31.9579506928,97.3449596648,4.8003888376
-0.0996,-0.1959,0.8842,0.4119,-0.2908,-0.1674,0.7008,0.6293,0.3636,0.5927,0.5211,0.4948,32.1981615732,97.2102215016,4.1094049778
-0.0944,-0.1953,0.8855,0.4106,-0.2906,-0.1569,0.7003,0.6328,0.3635,0.5927,0.5231,0.4927,32.561185928,97.222697586,3.80859864
-0.0912,-0.192,0.8865,0.4108,-0.2971,-0.14,0.7037,0.6299,0.3664,0.5936,0.5302,0.4816,35.2186726352,96.7203720796,1.717007024
-0.0912,-0.192,0.8865,0.4108,-0.2971,-0.14,0.7037,0.6299,0.3664,0.5936,0.5302,0.4816,38.8496749192,96.5242262396,-1.0634147024
-0.0872,-0.1914,0.8876,0.4095,-0.3021,-0.1307,0.7103,0.622,0.364,0.6021,0.5439,0.4571,38.4022030576,96.447344688,-1.7784966782
-0.09,-0.1904,0.8882,0.4082,-0.3023,-0.1306,0.711,0.6212,0.3673,0.6057,0.5459,0.4472,40.9862708224,96.0201579688,-3.3754821886
-0.0938,-0.1914,0.8872,0.4089,-0.3029,-0.1413,0.7056,0.6247,0.3592,0.6091,0.5443,0.4511,39.1228270816,96.3748010218,-3.573477263
-0.0938,-0.1914,0.8872,0.4089,-0.3029,-0.1413,0.7056,0.6247,0.3592,0.6091,0.5443,0.4511,38.3653908236,96.4389076624,-2.7666185544
-0.0993,-0.1925,0.8853,0.4113,-0.2977,-0.1596,0.6961,0.6335,0.365,0.5928,0.5192,0.4956,34.0737509018,97.3276600148,0.5432168446
-0.1013,-0.192,0.8841,0.4136,-0.295,-0.1705,0.694,0.634,0.3684,0.5872,0.5163,0.5028,31.955520865,97.1450530592,4.0244841198
-0.0974,-0.1913,0.8849,0.4132,-0.2927,-0.1586,0.6944,0.6379,0.3672,0.5902,0.5165,0.4998,32.1197165328,97.2031985104,3.7860965576
-0.0958,-0.1903,0.8853,0.4131,-0.2942,-0.1522,0.6937,0.6394,0.3679,0.5905,0.5171,0.4984,32.6013076794,96.9890192564,3.5735555072
-0.0958,-0.1903,0.8853,0.4131,-0.2942,-0.1522,0.6937,0.6394,0.3679,0.5905,0.5171,0.4984,35.5346369748,96.6158294228,1.3867121602
-0.0933,-0.1868,0.8862,0.4135,-0.2982,-0.1374,0.6979,0.6364,0.369,0.5968,0.5264,0.48,35.4072046376,96.7320278482,1.27837062
-0.091,-0.1885,0.8861,0.4133,-0.2995,-0.1412,0.6986,0.6342,0.3654,0.6044,0.5344,0.4641,37.5134663952,96.6364577084,0.07602632
-0.091,-0.1885,0.8861,0.4133,-0.2995,-0.1412,0.6986,0.6342,0.3654,0.6044,0.5344,0.4641,36.5058430488,96.854416798,0.3133137448
-0.095,-0.1894,0.885,0.4143,-0.2957,-0.1553,0.6939,0.6378,0.3696,0.5904,0.5189,0.4953,36.0494626368,96.6635473636,0.2099233732
-0.1011,-0.1898,0.8842,0.4146,-0.2944,-0.1657,0.6912,0.6387,0.3715,0.5863,0.516,0.5018,33.3461910036,96.8192071526,2.598534635
-0.0991,-0.1906,0.884,0.415,-0.2926,-0.1649,0.6914,0.6395,0.3726,0.5844,0.5166,0.5026,32.0090590692,96.8302932018,4.2127109898
-0.0991,-0.1906,0.884,0.415,-0.2926,-0.1649,0.6914,0.6395,0.3726,0.5844,0.5166,0.5026,32.4510372518,96.9231794474,4.147598235
-0.0911,-0.1897,0.884,0.4172,-0.2905,-0.1503,0.6917,0.6437,0.375,0.5829,0.518,0.5011,33.3542353114,96.5964139062,4.210855269
-0.0881,-0.1877,0.8848,0.4172,-0.2952,-0.1383,0.6969,0.6386,0.3755,0.5889,0.5252,0.4859,37.188999964,96.045600252,0.9252191
-0.087,-0.1887,0.8854,0.4155,-0.2975,-0.1359,0.7006,0.6341,0.3706,0.6008,0.5352,0.4638,37.2533593496,96.3341553808,0.360385836
-0.087,-0.1887,0.8854,0.4155,-0.2975,-0.1359,0.7006,0.6341,0.3706,0.6008,0.5352,0.4638,38.277602066,96.232832012,-0.7738741148
-0.093,-0.1902,0.8834,0.4177,-0.2965,-0.1503,0.6964,0.6359,0.3681,0.601,0.5322,0.469,36.5419524852,96.4549272664,-0.7700095036
-0.0997,-0.1917,0.8832,0.416,-0.2921,-0.1637,0.6934,0.6378,0.3712,0.5869,0.5182,0.499,36.4256900194,96.5940779258,-0.1906759322
-0.1011,-0.1916,0.8836,0.415,-0.29,-0.1669,0.695,0.6363,0.3733,0.5829,0.5191,0.5013,32.7010068948,96.8112255264,2.4859031126
-0.1011,-0.1916,0.8836,0.415,-0.29,-0.1669,0.695,0.6363,0.3733,0.5829,0.5191,0.5013,32.342263844,96.7422181106,4.5096563982
-0.0979,-0.1909,0.8839,0.4153,-0.2832,-0.1622,0.6975,0.6378,0.3752,0.58,0.5215,0.5006,32.6822962064,96.9181775624,4.7115893172
-0.0943,-0.1912,0.8831,0.4177,-0.2869,-0.1586,0.6939,0.641,0.3759,0.5841,0.5221,0.4948,33.2574888004,96.6718138274,5.2341120426
-0.0943,-0.1912,0.8831,0.4177,-0.2869,-0.1586,0.6939,0.641,0.3759,0.5841,0.5221,0.4948,33.6313042676,96.8114370488,4.0531892952
-0.0906,-0.1915,0.8835,0.4176,-0.289,-0.1519,0.6951,0.6403,0.3739,0.5928,0.5285,0.4788,33.5124833282,96.6846448302,3.3633437342
-0.0911,-0.1908,0.8838,0.4171,-0.2898,-0.1498,0.6964,0.639,0.3764,0.5891,0.5285,0.4815,35.4455008304,96.7170106744,2.4640887022
-0.0911,-0.1908,0.8838,0.4171,-0.2898,-0.1498,0.6964,0.639,0.3764,0.5891,0.5285,0.4815,34.601327293,96.688104026,1.663358015
-0.0948,-0.1914,0.8834,0.417,-0.2891,-0.1623,0.6908,0.6424,0.3787,0.5837,0.5214,0.4937,34.2875205678,96.7421537788,2.6121215646
-0.0974,-0.1911,0.8823,0.4189,-0.2883,-0.1676,0.6891,0.6432,0.3793,0.5824,0.5199,0.4963,32.0240862952,96.6843466316,4.5834426964
-0.0995,-0.1907,0.8822,0.4188,-0.2885,-0.1701,0.6896,0.642,0.3798,0.5792,0.519,0.5007,31.3999642274,96.697307695,5.1058952208
-0.094,-0.1895,0.8834,0.418,-0.2853,-0.1571,0.6889,0.6475,0.3807,0.5803,0.5214,0.4963,31.3305455568,96.6668709144,4.9547455656
-0.094,-0.1895,0.8834,0.418,-0.2853,-0.1571,0.6889,0.6475,0.3807,0.5803,0.5214,0.4963,32.9651615136,96.4132379452,4.5482592796
-0.0895,-0.187,0.8847,0.4175,-0.2904,-0.1425,0.6931,0.6441,0.3814,0.5876,0.5257,0.4824,36.2232016016,96.4384602528,2.499158976
-0.0847,-0.1866,0.8854,0.4169,-0.2931,-0.1342,0.6987,0.6386,0.377,0.6002,0.5367,0.4577,35.8649833258,96.3226365274,1.9091974702
-0.0847,-0.1866,0.8854,0.4169,-0.2931,-0.1342,0.6987,0.6386,0.377,0.6002,0.5367,0.4577,38.3418470874,96.2259603402,0.2574366686
-0.0855,-0.1867,0.8856,0.4165,-0.2938,-0.1342,0.6987,0.6382,0.3784,0.603,0.5385,0.4506,37.6141088942,96.3185393986,-0.130888651
-0.0901,-0.1888,0.8839,0.418,-0.2934,-0.1492,0.6926,0.6417,0.3769,0.5927,0.5247,0.4808,37.338918706,96.26713531,-0.23354097
-0.095,-0.1916,0.882,0.4196,-0.2908,-0.1703,0.6879,0.6426,0.3803,0.5841,0.5172,0.4966,33.49555228,96.647074859,1.764980099
-0.095,-0.1916,0.882,0.4196,-0.2908,-0.1703,0.6879,0.6426,0.3803,0.5841,0.5172,0.4966,30.8340060922,96.7045115738,4.4827105852
-0.0983,-0.1925,0.8817,0.4192,-0.289,-0.1724,0.6904,0.6401,0.3811,0.5797,0.5176,0.5007,31.404819707,96.7695965438,4.6919796732
-0.0956,-0.1922,0.8822,0.4191,-0.2876,-0.1686,0.691,0.6412,0.3811,0.5793,0.5183,0.5003,31.381339026,96.604061198,4.55507002
-0.0883,-0.1903,0.8831,0.4194,-0.2878,-0.1515,0.6919,0.6444,0.3818,0.5823,0.5227,0.4916,34.4365075332,96.2927026278,3.281161908
-0.0883,-0.1903,0.8831,0.4194,-0.2878,-0.1515,0.6919,0.6444,0.3818,0.5823,0.5227,0.4916,34.5901485358,96.5181842888,2.8644693998
-0.0838,-0.1893,0.8843,0.4182,-0.2919,-0.1418,0.697,0.6392,0.3775,0.5958,0.533,0.4672,37.0885694552,96.4027300112,1.0577704224
-0.0823,-0.1878,0.8853,0.4172,-0.2943,-0.1309,0.7018,0.6353,0.3826,0.604,0.5361,0.4486,39.0499126488,96.1359902364,-1.536785468
-0.0799,-0.188,0.888,0.4118,-0.2947,-0.121,0.7129,0.6246,0.3874,0.6011,0.5363,0.448,38.5485134424,96.0719593432,-1.818232444
-0.0799,-0.188,0.888,0.4118,-0.2947,-0.121,0.7129,0.6246,0.3874,0.6011,0.5363,0.448,41.3427114412,95.627895941,-4.368993973
-0.0818,-0.1877,0.8889,0.4096,-0.2973,-0.1156,0.7164,0.6203,0.3903,0.5979,0.5361,0.4501,41.704072965,95.154766318,-6.226526161
-0.083,-0.1893,0.8887,0.409,-0.2956,-0.1202,0.7172,0.6194,0.3782,0.599,0.5379,0.4567,41.6680854196,95.1098546002,-5.284096417
-0.083,-0.1893,0.8887,0.409,-0.2956,-0.1202,0.7172,0.6194,0.3782,0.599,0.5379,0.4567,41.2610116876,95.4564677642,-4.973100442
-0.0897,-0.1933,0.8851,0.4136,-0.2974,-0.1385,0.7096,0.6234,0.3367,0.6051,0.5348,0.4841,38.9821241096,96.38099496,-2.9369830852
-0.0902,-0.1958,0.8828,0.4171,-0.2958,-0.1557,0.7029,0.6277,0.3167,0.6086,0.5325,0.4956,39.987996735,96.2233168452,-2.3068971678
-0.0902,-0.1958,0.8828,0.4171,-0.2958,-0.1557,0.7029,0.6277,0.3167,0.6086,0.5325,0.4956,34.1964968394,97.9174685724,2.7365305938
-0.0889,-0.2007,0.8786,0.424,-0.2894,-0.1756,0.6977,0.6312,0.3135,0.6058,0.5131,0.5209,31.0442586142,97.7028150828,5.9223655898
-0.091,-0.202,0.8767,0.4268,-0.2841,-0.1887,0.695,0.6328,0.3215,0.6022,0.5042,0.5288,31.762320882,97.4677782148,5.7529584496
-0.0905,-0.2024,0.8768,0.4265,-0.2839,-0.1892,0.6943,0.6335,0.3233,0.6021,0.5032,0.5287,29.95111979,97.4646906556,6.2168981392
-0.0885,-0.2023,0.8775,0.4255,-0.2833,-0.1831,0.695,0.6349,0.3265,0.6013,0.5053,0.5256,30.9377056216,97.4041380812,6.0557254556
-0.0885,-0.2023,0.8775,0.4255,-0.2833,-0.1831,0.695,0.6349,0.3265,0.6013,0.5053,0.5256,31.0337498476,97.4915444824,5.818575098
-0.0853,-0.1993,0.8805,0.4213,-0.2871,-0.1627,0.7003,0.6328,0.3334,0.599,0.5189,0.5104,34.1701901162,97.2087615444,2.9461581862
-0.0827,-0.1943,0.886,0.4126,-0.2905,-0.1364,0.715,0.6209,0.3369,0.601,0.5405,0.4827,39.571677599,96.332875901,-2.525465058
-0.0825,-0.1928,0.8882,0.4087,-0.2914,-0.1273,0.7229,0.6134,0.3457,0.5993,0.5378,0.4816,38.790836281,96.6872860428,-1.7218802278
-0.0825,-0.1928,0.8882,0.4087,-0.2914,-0.1273,0.7229,0.6134,0.3457,0.5993,0.5378,0.4816,41.16310154,96.1661192632,-4.0071760436
-0.0876,-0.1916,0.8892,0.406,-0.2877,-0.137,0.721,0.6152,0.3357,0.6146,0.5338,0.4738,39.4433685856,96.6967246528,-3.155785384
-0.0902,-0.1915,0.8891,0.4057,-0.2841,-0.1461,0.7194,0.6166,0.3272,0.624,0.5316,0.4699,38.8299093204,96.6704870056,-2.1372472924
-0.0902,-0.1915,0.8891,0.4057,-0.2841,-0.1461,0.7194,0.6166,0.3272,0.624,0.5316,0.4699,34.8838920792,97.3078645008,1.7114612568
-0.0933,-0.1928,0.8886,0.4053,-0.2774,-0.1625,0.7144,0.6213,0.3479,0.6159,0.5059,0.4935,31.7854814626,97.1925415866,4.686906242
-0.0953,-0.1937,0.8867,0.4087,-0.281,-0.1696,0.7112,0.6215,0.3557,0.611,0.4985,0.5015,32.1024073028,97.2187218578,5.0484440526
-0.0939,-0.1941,0.887,0.408,-0.2792,-0.1632,0.711,0.6243,0.3562,0.6108,0.4999,0.5,31.0531396704,97.1779182456,5.3958610984
-0.0891,-0.1938,0.8877,0.4078,-0.2776,-0.1518,0.7102,0.6287,0.3538,0.6138,0.5037,0.4942,32.5915340318,96.8732102196,4.403428625
-0.0891,-0.1938,0.8877,0.4078,-0.2776,-0.1518,0.7102,0.6287,0.3538,0.6138,0.5037,0.4942,32.900281496,97.080099301,4.218019902
-0.0858,-0.1893,0.8898,0.4061,-0.2873,-0.1275,0.7192,0.6195,0.3492,0.6168,0.5222,0.4741,37.578044777,96.624648385,0.191301235
-0.0825,-0.1871,0.8927,0.4016,-0.2873,-0.1129,0.729,0.6108,0.3503,0.6175,0.5354,0.4573,42.0219056192,95.7986137374,-3.4713609432
-0.0861,-0.1878,0.892,0.4017,-0.288,-0.1251,0.7229,0.6153,0.3483,0.6263,0.5294,0.4539,41.253579984,95.7965742816,-3.4365870336
-0.0861,-0.1878,0.892,0.4017,-0.288,-0.1251,0.7229,0.6153,0.3483,0.6263,0.5294,0.4539,41.3588047248,96.1228176064,-3.6114674512
-0.0902,-0.1898,0.8903,0.4038,-0.28,-0.151,0.7155,0.6218,0.3414,0.6284,0.5119,0.4758,36.1194883016,97.325342459,1.0464824406
-0.0924,-0.1909,0.8898,0.4039,-0.2772,-0.1574,0.7133,0.624,0.3471,0.6223,0.5046,0.4873,35.9286704768,96.9583824902,1.2905128934
-0.0924,-0.1909,0.8898,0.4039,-0.2772,-0.1574,0.7133,0.624,0.3471,0.6223,0.5046,0.4873,32.1376387968,97.28385809,4.1370958808
-0.0955,-0.1929,0.8883,0.4055,-0.2797,-0.1668,0.7124,0.6215,0.3522,0.6162,0.5013,0.4948,30.511318712,97.3321146444,4.8147154412
-0.096,-0.1945,0.8881,0.4052,-0.2802,-0.1676,0.7117,0.6219,0.3525,0.6145,0.5017,0.4962,31.2737399568,97.3538724282,4.7761914006
-0.0895,-0.1948,0.8884,0.4057,-0.2778,-0.1534,0.7101,0.6284,0.3519,0.6155,0.5062,0.4907,31.1458506674,97.1367955224,4.705351759
-0.0895,-0.1948,0.8884,0.4057,-0.2778,-0.1534,0.7101,0.6284,0.3519,0.6155,0.5062,0.4907,34.538114144,96.7324012374,3.0388275794
-0.0847,-0.189,0.89,0.4061,-0.2844,-0.1266,0.7192,0.6209,0.3533,0.6166,0.5231,0.4702,34.4022634286,96.9719025712,2.4396043286
-0.0838,-0.187,0.8922,0.4024,-0.2877,-0.1152,0.7283,0.611,0.3495,0.6208,0.5371,0.4514,41.068169642,95.723042569,-2.277909661
-0.0877,-0.1853,0.894,0.3983,-0.2933,-0.1063,0.733,0.6043,0.3567,0.6188,0.5371,0.4485,43.0564133254,95.2562088782,-5.7567365144
-0.0877,-0.1853,0.894,0.3983,-0.2933,-0.1063,0.733,0.6043,0.3567,0.6188,0.5371,0.4485,42.0830069856,95.47038438,-4.9309849792
-0.0951,-0.1857,0.8923,0.4002,-0.2933,-0.1253,0.7247,0.6107,0.3512,0.6281,0.53,0.4483,40.843666727,96.06574295,-4.007535709
-0.0984,-0.1894,0.8906,0.4015,-0.2841,-0.1518,0.7186,0.6162,0.34,0.6283,0.5179,0.4703,35.5254199864,97.2457487408,1.6231095112
-0.0984,-0.1894,0.8906,0.4015,-0.2841,-0.1518,0.7186,0.6162,0.34,0.6283,0.5179,0.4703,35.6420059004,97.1168150128,1.771258571
-0.1036,-0.1918,0.8885,0.4036,-0.2855,-0.1622,0.7137,0.6186,0.3496,0.6173,0.5069,0.4895,31.2674215896,97.1537296912,4.22647249
-0.1032,-0.1918,0.8881,0.4046,-0.2866,-0.1641,0.7128,0.6186,0.3508,0.6149,0.5061,0.4924,30.378939672,97.2167647472,5.3642913632
-0.1006,-0.1929,0.8887,0.4032,-0.2814,-0.1573,0.7139,0.6214,0.3528,0.6123,0.5093,0.491,31.0552742502,97.3430603388,4.9088877678
-0.1006,-0.1929,0.8887,0.4032,-0.2814,-0.1573,0.7139,0.6214,0.3528,0.6123,0.5093,0.491,32.5434079628,96.8988333432,4.6413677212
-0.0896,-0.1899,0.8908,0.4027,-0.284,-0.1324,0.7191,0.6201,0.3546,0.6154,0.5198,0.4746,39.7796537512,96.0993981584,-0.58481758
-0.0888,-0.1856,0.8936,0.3986,-0.2898,-0.1105,0.7336,0.6046,0.3543,0.6197,0.5401,0.4456,39.555306252,96.373661501,-0.743483695
-0.0863,-0.1851,0.8958,0.3946,-0.2894,-0.1055,0.7372,0.6012,0.3592,0.6163,0.5403,0.4461,43.66300155,95.35902519,-4.25129473
-0.0911,-0.1832,0.8964,0.393,-0.2923,-0.1046,0.7366,0.6008,0.3608,0.6184,0.5404,0.4418,43.8241619184,95.2686163448,-5.3908405372
-0.0911,-0.1832,0.8964,0.393,-0.2923,-0.1046,0.7366,0.6008,0.3608,0.6184,0.5404,0.4418,42.968889765,95.2254596882,-4.9115648652
-0.0983,-0.1854,0.8933,0.3972,-0.2917,-0.1334,0.7244,0.6101,0.3381,0.6333,0.5373,0.4425,38.4280774086,96.9438971558,-1.0154882668
-0.1,-0.1906,0.8912,0.399,-0.2849,-0.1572,0.7176,0.6156,0.3565,0.6143,0.5163,0.4783,32.413461604,97.5789669426,3.8898589034
-0.1,-0.1906,0.8912,0.399,-0.2849,-0.1572,0.7176,0.6156,0.3565,0.6143,0.5163,0.4783,32.77854594,97.29598996,3.9658125764
-0.1015,-0.1903,0.8906,0.4002,-0.2846,-0.1622,0.7153,0.6172,0.3617,0.6107,0.5106,0.4852,30.6685598496,97.0640445056,4.8564812568
-0.1011,-0.1901,0.8905,0.4008,-0.2814,-0.1599,0.7162,0.6182,0.361,0.611,0.5114,0.4845,31.5036139524,96.8006879054,5.3119360832
-0.094,-0.1888,0.8916,0.4006,-0.2795,-0.1433,0.7185,0.6204,0.3592,0.615,0.5166,0.4751,32.055518912,97.0731211036,4.9295327476
-0.0918,-0.184,0.8936,0.3989,-0.2893,-0.1193,0.7291,0.6085,0.3517,0.6253,0.5347,0.4462,35.8311098984,96.5974811388,2.0919253764
-0.0918,-0.184,0.8936,0.3989,-0.2893,-0.1193,0.7291,0.6085,0.3517,0.6253,0.5347,0.4462,40.8750857802,96.0410828452,-2.8316734268
-0.0914,-0.1824,0.8953,0.3957,-0.2925,-0.1143,0.7313,0.6053,0.3493,0.6304,0.5371,0.4379,40.1714982636,96.1892194392,-2.4593299668
-0.0934,-0.1835,0.8943,0.3971,-0.2919,-0.1269,0.7261,0.6093,0.3335,0.6409,0.5355,0.4371,38.6118861594,97.1029948284,-1.6755861398
-0.0992,-0.1859,0.8941,0.3952,-0.2876,-0.1466,0.7217,0.6122,0.348,0.6287,0.5112,0.4713,34.204697644,97.6338650116,1.5292009988
-0.0992,-0.1859,0.8941,0.3952,-0.2876,-0.1466,0.7217,0.6122,0.348,0.6287,0.5112,0.4713,33.9030766034,97.2430599546,2.5387676244
-0.1035,-0.1871,0.8925,0.3969,-0.286,-0.1549,0.7197,0.6133,0.3551,0.6231,0.5042,0.4809,31.276610436,97.5094092156,3.8133422724
-0.1029,-0.1871,0.893,0.3959,-0.2829,-0.1476,0.721,0.615,0.3556,0.6206,0.5073,0.4805,31.5204683936,97.2618147568,3.7436974848
-0.1029,-0.1871,0.893,0.3959,-0.2829,-0.1476,0.721,0.615,0.3556,0.6206,0.5073,0.4805,32.1217857832,97.2204513652,3.5767493652
-0.0931,-0.1849,0.8955,0.3937,-0.2844,-0.1228,0.7255,0.6143,0.356,0.6209,0.5208,0.4651,35.8989572676,96.528125719,0.744449585
-0.0925,-0.1825,0.8964,0.393,-0.2881,-0.1135,0.7303,0.6088,0.3511,0.6253,0.531,0.4511,41.6180088584,95.516690854,-3.5904127612
-0.0905,-0.1803,0.8977,0.3917,-0.2888,-0.101,0.7388,0.6003,0.3497,0.6308,0.5444,0.4281,41.2931218832,95.8742247752,-3.717013832
-0.0905,-0.1803,0.8977,0.3917,-0.2888,-0.101,0.7388,0.6003,0.3497,0.6308,0.5444,0.4281,42.4849253748,95.4802454218,-4.1885360952
-0.0951,-0.1809,0.896,0.394,-0.2924,-0.1096,0.7345,0.6024,0.3551,0.6327,0.5396,0.427,38.695941494,96.6793829564,-2.9760857088
-0.0997,-0.1838,0.8948,0.3942,-0.2943,-0.1306,0.728,0.6052,0.3381,0.6411,0.5351,0.4338,38.4788988336,96.599562959,-2.5899768966
-0.0993,-0.1875,0.8934,0.3957,-0.2861,-0.1508,0.7224,0.611,0.3556,0.6229,0.5134,0.4708,34.5487313952,97.3280566278,0.811717441
-0.1035,-0.1875,0.8933,0.3949,-0.2903,-0.1527,0.7208,0.6105,0.3588,0.6181,0.5098,0.4788,31.8452135064,97.3552114012,2.6754532772
-0.1035,-0.1875,0.8933,0.3949,-0.2903,-0.1527,0.7208,0.6105,0.3588,0.6181,0.5098,0.4788,32.4847711518,97.3019415222,2.948255298
-0.106,-0.1863,0.8934,0.3947,-0.2898,-0.152,0.7219,0.6095,0.3586,0.6168,0.509,0.4813,31.5756133572,97.2214820196,2.7305369112
-0.1018,-0.1873,0.8946,0.3925,-0.2846,-0.1408,0.7224,0.6141,0.3536,0.6218,0.517,0.47,33.0657900288,97.1861693264,2.5625145648
-0.1018,-0.1873,0.8946,0.3925,-0.2846,-0.1408,0.7224,0.6141,0.3536,0.6218,0.517,0.47,33.557950571,97.124929127,2.6786739266
-0.0906,-0.1832,0.8963,0.3935,-0.2895,-0.1196,0.7238,0.6147,0.3543,0.6253,0.5272,0.4531,38.2442850856,96.3197434464,0.403966885
-0.0868,-0.1798,0.8975,0.3929,-0.2894,-0.1022,0.7348,0.6047,0.353,0.6315,0.5429,0.4262,43.1736648216,95.0883930104,-3.5385246984
-0.0868,-0.1798,0.8975,0.3929,-0.2894,-0.1022,0.7348,0.6047,0.353,0.6315,0.5429,0.4262,42.0275897304,95.443274885,-4.1911841982
-0.088,-0.1784,0.8983,0.3915,-0.2896,-0.0978,0.7372,0.6025,0.3609,0.6293,0.5414,0.4247,43.3457482328,94.980317358,-5.2502952804
-0.0938,-0.1795,0.8963,0.3942,-0.2907,-0.1136,0.7315,0.6061,0.3566,0.6355,0.537,0.4247,38.018771219,96.7976962886,-1.9833621648
-0.0972,-0.1832,0.8956,0.3933,-0.2847,-0.136,0.7274,0.6092,0.3527,0.6255,0.5182,0.4643,38.2060228882,96.5738602552,-1.6361346514
-0.1035,-0.1853,0.8942,0.3939,-0.2885,-0.1459,0.7252,0.6077,0.3639,0.6146,0.5139,0.4748,33.4673674564,97.1276072504,1.2182674272
-0.1035,-0.1853,0.8942,0.3939,-0.2885,-0.1459,0.7252,0.6077,0.3639,0.6146,0.5139,0.4748,32.621358043,96.9369050398,2.5077051448
-0.1039,-0.1853,0.8939,0.3946,-0.2877,-0.1467,0.725,0.6081,0.3642,0.6123,0.5144,0.4771,33.4126426256,97.1143317844,2.3599268036
-0.0982,-0.1848,0.8956,0.3922,-0.2799,-0.1331,0.728,0.6113,0.3609,0.6156,0.5192,0.4702,34.158172537,96.6835350474,2.4281178364
-0.0911,-0.1802,0.8976,0.3916,-0.2818,-0.1107,0.7297,0.6129,0.3627,0.6199,0.5253,0.4561,38.589077019,96.058229457,0.295909623
-0.0886,-0.1787,0.8988,0.3903,-0.2827,-0.0993,0.7381,0.6043,0.3549,0.6287,0.5416,0.4304,38.436268482,96.2614998092,0.2216933524
-0.0894,-0.1786,0.8991,0.3893,-0.2831,-0.0968,0.74,0.6022,0.3541,0.6312,0.5466,0.4208,42.4871503624,95.4956417274,-2.5055987702
-0.0898,-0.1784,0.8996,0.3882,-0.2841,-0.0955,0.7406,0.6012,0.3621,0.6307,0.5471,0.4141,43.5322231534,95.4243518358,-4.2972508658
-0.0914,-0.1786,0.8992,0.3886,-0.2865,-0.0977,0.7393,0.6015,0.3657,0.6296,0.546,0.4142,42.8223485344,95.2876553808,-4.2664492784
-0.0927,-0.1796,0.8986,0.3891,-0.2888,-0.1027,0.7369,0.6024,0.3663,0.6282,0.5457,0.4162,42.43105196,95.8104043136,-4.2046859632
-0.0927,-0.1796,0.8986,0.3891,-0.2888,-0.1027,0.7369,0.6024,0.3663,0.6282,0.5457,0.4162,41.3620863238,95.886512621,-3.7798077736
-0.0966,-0.1834,0.8959,0.3928,-0.2897,-0.1232,0.7288,0.608,0.3532,0.6366,0.5441,0.4169,41.2356480642,95.6474821744,-4.010390496
-0.1054,-0.1877,0.8947,0.3912,-0.2921,-0.1439,0.7244,0.6075,0.3583,0.6205,0.5175,0.4675,35.3225668284,97.2370027188,-0.468742052
-0.1054,-0.1877,0.8947,0.3912,-0.2921,-0.1439,0.7244,0.6075,0.3583,0.6205,0.5175,0.4675,32.4692149676,97.26567189,0.631173936
-0.1071,-0.1881,0.8942,0.3917,-0.2925,-0.1492,0.7255,0.6046,0.3587,0.6201,0.5157,0.4697,33.1986636592,97.2748349976,1.7014848144
-0.1019,-0.1885,0.8948,0.3915,-0.29,-0.1457,0.7257,0.6066,0.3565,0.6224,0.5161,0.4679,32.700316228,97.181054634,2.1887191064
-0.0944,-0.1864,0.8963,0.3909,-0.2924,-0.123,0.7266,0.6093,0.3527,0.6261,0.5186,0.4631,35.904523371,96.655759145,0.92802889
-0.095,-0.1837,0.8968,0.3909,-0.2971,-0.1079,0.7345,0.6003,0.3424,0.6296,0.5338,0.4485,35.996017754,96.9063984988,0.486697254
-0.0936,-0.1839,0.898,0.3884,-0.2968,-0.0994,0.7427,0.5918,0.34,0.6303,0.5391,0.4431,40.744377243,95.8074525806,-3.272455482
-0.095,-0.1838,0.8988,0.3864,-0.2976,-0.095,0.7466,0.5872,0.3447,0.6257,0.5405,0.4443,43.1849801804,95.2991437824,-6.4203491232
-0.0948,-0.1835,0.8997,0.3843,-0.2962,-0.0907,0.7508,0.5832,0.3484,0.6239,0.5404,0.444,42.6083518444,95.4288852688,-6.3721919048
-0.0966,-0.1815,0.9025,0.3781,-0.2911,-0.0872,0.7542,0.582,0.3479,0.6256,0.5407,0.4417,43.9149670968,95.1946153796,-8.0508003716
-0.0966,-0.1815,0.9025,0.3781,-0.2911,-0.0872,0.7542,0.582,0.3479,0.6256,0.5407,0.4417,44.13742076,95.112209315,-7.666748045
-0.1026,-0.1788,0.9024,0.3782,-0.2912,-0.0912,0.7499,0.5868,0.3402,0.6342,0.5366,0.4403,43.7505782132,95.160318822,-6.2408724684
-0.1083,-0.1767,0.9011,0.3807,-0.2908,-0.1047,0.7418,0.5949,0.3264,0.6488,0.5317,0.4356,42.8893468188,95.4972513816,-5.5063131676
-0.1092,-0.1779,0.8983,0.3864,-0.2901,-0.1156,0.7368,0.5996,0.3225,0.6542,0.5241,0.4393,40.0257337576,96.1579044712,-0.9924563564
-0.1092,-0.1779,0.8983,0.3864,-0.2901,-0.1156,0.7368,0.5996,0.3225,0.6542,0.5241,0.4393,40.031706212,96.3517978618,-1.273376533
-0.1026,-0.1845,0.8953,0.3921,-0.2824,-0.1401,0.7287,0.6078,0.3352,0.644,0.5087,0.4626,35.1359534288,96.8655640372,4.2735333788
-0.1002,-0.1895,0.8929,0.3958,-0.2801,-0.1539,0.725,0.61,0.3502,0.6322,0.5022,0.4746,32.80689211,97.2051794774,5.705688629
-0.1002,-0.1895,0.8929,0.3958,-0.2801,-0.1539,0.725,0.61,0.3502,0.6322,0.5022,0.4746,34.1603641292,97.013456698,4.0476084828
-0.0985,-0.1907,0.8942,0.3927,-0.2815,-0.1504,0.7244,0.6109,0.3501,0.6306,0.5042,0.4747,33.399687098,97.30544763,3.5514535848
-0.096,-0.1876,0.8961,0.3905,-0.2862,-0.1301,0.7249,0.6127,0.3508,0.6282,0.5124,0.4686,36.557085784,97.1015510576,1.4180930896
-0.0929,-0.1871,0.8985,0.3859,-0.2904,-0.1091,0.7362,0.6013,0.337,0.6349,0.5346,0.4442,36.49305806,96.7270502,1.42968399
-0.0929,-0.1871,0.8985,0.3859,-0.2904,-0.1091,0.7362,0.6013,0.337,0.6349,0.5346,0.4442,41.050031654,96.51528294,-2.635198949
-0.0927,-0.1868,0.9009,0.3806,-0.2911,-0.0973,0.7456,0.5914,0.3428,0.6325,0.5391,0.4378,43.3113144708,95.7390325564,-5.9484316956
-0.0951,-0.1863,0.901,0.38,-0.2936,-0.0973,0.7459,0.5897,0.3427,0.6344,0.5361,0.4388,42.8199369232,95.3536223186,-5.6021900534
-0.0951,-0.1863,0.901,0.38,-0.2936,-0.0973,0.7459,0.5897,0.3427,0.6344,0.5361,0.4388,42.956458502,95.746878051,-7.049548105
-0.1029,-0.1839,0.9016,0.3776,-0.294,-0.0989,0.7443,0.5913,0.33,0.6446,0.5357,0.434,42.028861305,95.8552603836,-5.1871432522
-0.1076,-0.1849,0.8994,0.381,-0.2935,-0.1221,0.7364,0.5971,0.3166,0.6559,0.5294,0.4348,41.8756585538,95.8411914156,-4.0340771266
-0.1095,-0.1879,0.8973,0.3839,-0.2915,-0.1419,0.7295,0.6021,0.3362,0.6417,0.507,0.4667,37.1866470524,96.9227820876,0.0228972452001
-0.1099,-0.1895,0.8959,0.3862,-0.2918,-0.1457,0.729,0.6017,0.3385,0.6411,0.5048,0.4684,34.1262316606,96.9549683438,2.9832182238
-0.1099,-0.1895,0.8959,0.3862,-0.2918,-0.1457,0.729,0.6017,0.3385,0.6411,0.5048,0.4684,34.7033684428,97.2663158796,2.6506427296
-0.1085,-0.1913,0.8955,0.3867,-0.2901,-0.1469,0.7288,0.6024,0.3377,0.6403,0.5061,0.4686,33.267359596,96.981157554,3.293218172
-0.1015,-0.1885,0.8969,0.3867,-0.2875,-0.1281,0.7288,0.608,0.3401,0.6383,0.5127,0.4625,35.8379674,96.3720105,2.07269045
-0.097,-0.1843,0.8986,0.3861,-0.2897,-0.1042,0.7376,0.6008,0.3348,0.6407,0.5338,0.4384,36.1283016996,96.899496078,1.7257686524
-0.097,-0.1843,0.8986,0.3861,-0.2897,-0.1042,0.7376,0.6008,0.3348,0.6407,0.5338,0.4384,41.6299502408,95.3277404502,-1.4483004806
-0.1004,-0.1831,0.898,0.387,-0.2922,-0.1009,0.7376,0.6002,0.332,0.6461,0.5357,0.4302,42.7584655132,95.393412817,-2.9827484062
-0.1025,-0.1829,0.8973,0.3883,-0.2937,-0.1038,0.7353,0.6018,0.3276,0.6517,0.5316,0.4302,41.7695917492,95.7486784812,-3.1928712904
-0.1025,-0.1829,0.8973,0.3883,-0.2937,-0.1038,0.7353,0.6018,0.3276,0.6517,0.5316,0.4302,39.8104538032,96.4462267088,-1.6334072366
-0.1076,-0.1859,0.8964,0.3875,-0.295,-0.1255,0.7299,0.6035,0.3338,0.6443,0.5111,0.4604,34.8393359652,97.2238230768,1.7517622788
-0.1121,-0.1885,0.8953,0.3875,-0.298,-0.142,0.7263,0.6029,0.3425,0.6381,0.5033,0.4711,35.383521428,97.0178515532,2.6615434656
-0.1084,-0.1901,0.8959,0.3863,-0.2973,-0.1391,0.7256,0.6047,0.3428,0.6361,0.5054,0.4713,33.244892468,97.4070062712,2.7820421396
-0.1023,-0.1898,0.8971,0.3854,-0.295,-0.129,0.7248,0.609,0.3432,0.6361,0.5081,0.4682,34.793652283,96.927519651,2.2780418324
-0.1023,-0.1898,0.8971,0.3854,-0.295,-0.129,0.7248,0.609,0.3432,0.6361,0.5081,0.4682,35.3211030416,97.011107232,2.1014565472
-0.102,-0.1865,0.8978,0.3854,-0.3027,-0.1089,0.7301,0.6027,0.34,0.6375,0.5234,0.4514,39.4796017428,96.259523262,-1.5215381388
-0.101,-0.1859,0.8986,0.3842,-0.3034,-0.0992,0.7354,0.5976,0.3292,0.6484,0.5359,0.4287,41.6200865672,95.924790776,-3.8484227016
-0.1033,-0.186,0.8983,0.3843,-0.301,-0.1079,0.7333,0.5999,0.3242,0.6555,0.5332,0.4251,40.9969184248,95.8266155438,-4.216192595
-0.1033,-0.186,0.8983,0.3843,-0.301,-0.1079,0.7333,0.5999,0.3242,0.6555,0.5332,0.4251,40.888430924,96.287046793,-3.7057088818
-0.1105,-0.1883,0.8972,0.3837,-0.2993,-0.133,0.7272,0.603,0.3355,0.6442,0.509,0.4616,35.8189355486,97.474974729,-0.00729687519996
-0.1135,-0.189,0.8957,0.3859,-0.2996,-0.1425,0.7259,0.6023,0.3412,0.6399,0.5046,0.4682,35.7356212172,97.0833133654,1.041578175
-0.1135,-0.189,0.8957,0.3859,-0.2996,-0.1425,0.7259,0.6023,0.3412,0.6399,0.5046,0.4682,33.5854416984,97.3822441938,2.719009095
-0.1114,-0.1893,0.896,0.3857,-0.2986,-0.1408,0.7261,0.603,0.3414,0.6389,0.505,0.4691,33.9638023092,96.993988726,2.4084619354
-0.104,-0.1874,0.8975,0.3851,-0.2977,-0.1199,0.7276,0.6063,0.3439,0.636,0.5112,0.4645,34.1621191768,97.1940521992,2.0713520944
-0.104,-0.1874,0.8975,0.3851,-0.2977,-0.1199,0.7276,0.6063,0.3439,0.636,0.5112,0.4645,38.2142464032,96.2188922296,-0.8596962064
-0.1027,-0.1841,0.8988,0.3842,-0.3018,-0.1029,0.7367,0.5962,0.3366,0.6401,0.5272,0.4459,40.745699924,96.072462168,-3.1518599832
-0.1047,-0.1851,0.898,0.3851,-0.3032,-0.1062,0.7349,0.5971,0.3238,0.6508,0.5351,0.4302,40.2191383562,96.2190164156,-3.350804145
-0.1047,-0.1851,0.898,0.3851,-0.3032,-0.1062,0.7349,0.5971,0.3238,0.6508,0.5351,0.4302,39.7250886242,96.5451157988,-2.7425182648
-0.1081,-0.187,0.8972,0.3851,-0.3026,-0.1241,0.7286,0.6017,0.3351,0.6427,0.5154,0.457,35.6352884084,97.294513624,0.0262980244
-0.1152,-0.1874,0.8952,0.3873,-0.303,-0.1398,0.7235,0.6041,0.34,0.6397,0.5077,0.4661,35.496326805,97.0958456422,0.7682044996
-0.1154,-0.1878,0.8948,0.388,-0.3034,-0.1433,0.7235,0.6031,0.3405,0.6384,0.5073,0.468,33.60294306,97.373106501,2.550257268
-0.1135,-0.188,0.8955,0.3868,-0.2996,-0.1333,0.7236,0.6071,0.3413,0.6382,0.5083,0.4665,33.5536835384,97.316307677,2.0597803076
-0.1135,-0.188,0.8955,0.3868,-0.2996,-0.1333,0.7236,0.6071,0.3413,0.6382,0.5083,0.4665,33.842069445,97.3199231924,2.0207621608
-0.1024,-0.186,0.8979,0.3853,-0.299,-0.1102,0.7292,0.6054,0.3486,0.6319,0.515,0.4624,36.7963077052,96.7179380866,0.7723186458
-0.1002,-0.1815,0.9002,0.3827,-0.2969,-0.0903,0.74,0.5966,0.3378,0.6372,0.5369,0.4375,42.1513134762,95.6876039848,-3.1103613186
-0.0999,-0.1788,0.9017,0.3805,-0.2981,-0.0761,0.7467,0.5896,0.353,0.6294,0.5365,0.4373,41.629723586,95.723511456,-3.43604453
-0.0999,-0.1788,0.9017,0.3805,-0.2981,-0.0761,0.7467,0.5896,0.353,0.6294,0.5365,0.4373,44.3542817452,94.8293382894,-6.181501497
-0.0984,-0.1777,0.9031,0.3782,-0.2987,-0.0702,0.7526,0.5825,0.3585,0.6228,0.5367,0.4419,45.4257814296,94.2755411858,-7.51772148
-0.1013,-0.178,0.9035,0.3762,-0.3023,-0.0765,0.7487,0.5848,0.3584,0.6231,0.5385,0.4395,44.7950381214,94.2374443006,-7.6969440526
-0.1013,-0.178,0.9035,0.3762,-0.3023,-0.0765,0.7487,0.5848,0.3584,0.6231,0.5385,0.4395,44.8546299952,94.4698331922,-8.6612283508
-0.1051,-0.1788,0.9024,0.3775,-0.3031,-0.0864,0.7446,0.5883,0.3523,0.6311,0.5382,0.4334,41.4087323118,95.9014436626,-5.603417868
-0.1109,-0.1824,0.9002,0.3794,-0.3005,-0.1132,0.738,0.5934,0.325,0.6442,0.5294,0.4461,41.3074454796,95.7121221468,-5.5537501224
-0.1149,-0.1862,0.8981,0.3812,-0.2991,-0.1339,0.7309,0.5985,0.3492,0.6276,0.5095,0.4737,35.5902045352,97.3091002752,-1.3863003368
-0.1149,-0.1862,0.8981,0.3812,-0.2991,-0.1339,0.7309,0.5985,0.3492,0.6276,0.5095,0.4737,32.6295388158,97.4765779934,1.57393419
-0.1141,-0.1876,0.8969,0.3837,-0.2988,-0.1381,0.7301,0.5987,0.3516,0.6217,0.51,0.4793,33.4393834604,97.424912824,1.1219554036
-0.111,-0.1882,0.898,0.3818,-0.294,-0.1275,0.7313,0.602,0.349,0.6234,0.5136,0.475,32.4374652556,97.3950039248,1.867638146
-0.1083,-0.1882,0.8989,0.3803,-0.2933,-0.12,0.7306,0.6047,0.3466,0.6269,0.5165,0.4689,34.8603309852,97.0250330896,0.570130096
-0.1083,-0.1882,0.8989,0.3803,-0.2933,-0.12,0.7306,0.6047,0.3466,0.6269,0.5165,0.4689,34.896528226,97.2257108554,0.8277623234
-0.1059,-0.1832,0.9006,0.3795,-0.2999,-0.0963,0.7388,0.5957,0.3383,0.6323,0.5329,0.449,39.9712245976,96.36311871,-2.67302377
-0.1029,-0.1828,0.9042,0.3717,-0.3021,-0.0794,0.7564,0.5745,0.3398,0.628,0.5477,0.4358,43.8646647782,95.6643440648,-7.2626249854
-0.1029,-0.1828,0.9042,0.3717,-0.3021,-0.0794,0.7564,0.5745,0.3398,0.628,0.5477,0.4358,42.711546443,95.691843031,-6.82330679
-0.104,-0.1815,0.9072,0.3649,-0.3035,-0.0697,0.762,0.5675,0.3518,0.6225,0.5449,0.4378,44.74053225,95.0677433972,-9.5877698536
-0.1052,-0.1814,0.9071,0.3649,-0.3021,-0.0736,0.7602,0.5703,0.3472,0.6259,0.5442,0.4375,44.0374351508,95.2248701716,-8.8960160138
-0.1074,-0.182,0.9058,0.3671,-0.3021,-0.084,0.7556,0.575,0.3383,0.6331,0.5445,0.4337,43.9132802222,94.9499682762,-8.8895376184
-0.1104,-0.1848,0.9037,0.37,-0.2987,-0.1123,0.7473,0.5828,0.3223,0.6458,0.5313,0.4434,39.3744392672,96.8938360912,-5.5639256012
-0.1104,-0.1848,0.9037,0.37,-0.2987,-0.1123,0.7473,0.5828,0.3223,0.6458,0.5313,0.4434,34.09998537,97.7315364432,-1.7193933114
-0.1181,-0.1867,0.9015,0.3719,-0.2986,-0.1278,0.7427,0.5855,0.3417,0.6356,0.5167,0.4605,35.023294539,97.6393128504,-0.4526996184
-0.1141,-0.1871,0.9014,0.3732,-0.2953,-0.1265,0.7409,0.5896,0.3441,0.6317,0.5165,0.4644,33.2844526908,97.7472637192,0.460052668
-0.103,-0.1853,0.9035,0.3723,-0.2883,-0.1089,0.7384,0.5997,0.3446,0.6337,0.5238,0.453,35.0030635882,97.3032112768,0.6317902838
-0.103,-0.1853,0.9035,0.3723,-0.2883,-0.1089,0.7384,0.5997,0.3446,0.6337,0.5238,0.453,35.1239670578,97.388235346,-0.2291205434
-0.1024,-0.1828,0.9041,0.3722,-0.293,-0.0935,0.7413,0.5963,0.3439,0.6345,0.53,0.4449,40.1667037066,96.256565972,-3.2612917978
-0.099,-0.1806,0.9055,0.3709,-0.292,-0.0805,0.7514,0.5861,0.3415,0.6389,0.548,0.418,43.521402325,95.546079847,-5.5985664112
-0.099,-0.1806,0.9055,0.3709,-0.292,-0.0805,0.7514,0.5861,0.3415,0.6389,0.548,0.418,42.4339659084,95.5636048428,-6.2465486968
-0.1023,-0.1798,0.9048,0.372,-0.2941,-0.0821,0.7509,0.5855,0.3554,0.6348,0.542,0.4204,42.392776526,95.7982234228,-5.8871709184
-0.1056,-0.1813,0.9019,0.3773,-0.2941,-0.1031,0.7429,0.5922,0.3341,0.6492,0.535,0.4248,37.1770910074,97.1356898212,-2.261612798
-0.1107,-0.1848,0.8997,0.3793,-0.2918,-0.1271,0.7352,0.5983,0.3504,0.6315,0.5115,0.4653,37.1988630472,96.9091583258,-2.4346307352
-0.1107,-0.1848,0.8997,0.3793,-0.2918,-0.1271,0.7352,0.5983,0.3504,0.6315,0.5115,0.4653,32.6639034726,97.3863660234,0.4216769664
-0.1135,-0.1863,0.8988,0.38,-0.2931,-0.1349,0.7353,0.5959,0.3527,0.629,0.5106,0.4681,31.6459195664,97.5193651544,1.1364584704
-0.109,-0.1875,0.8995,0.3789,-0.2888,-0.1286,0.7354,0.5992,0.35,0.6308,0.5125,0.4655,32.5872305448,97.6155192952,1.0813482552
-0.1033,-0.1874,0.9002,0.379,-0.2846,-0.1166,0.7343,0.6051,0.3474,0.6344,0.5174,0.4571,33.4397008534,97.0447678888,0.824326769
-0.1033,-0.1874,0.9002,0.379,-0.2846,-0.1166,0.7343,0.6051,0.3474,0.6344,0.5174,0.4571,37.85865339,96.3197744552,-2.0220294436
-0.0997,-0.1837,0.9012,0.3795,-0.2907,-0.0974,0.7383,0.6006,0.3494,0.635,0.5294,0.4407,37.7211348846,96.7357831676,-2.4839064406
-0.0966,-0.182,0.9026,0.3778,-0.2922,-0.0842,0.749,0.5886,0.3457,0.6416,0.5447,0.4146,42.2436815944,95.5253193878,-5.3302069322
-0.0974,-0.181,0.9033,0.3763,-0.2951,-0.0791,0.7504,0.5859,0.3571,0.6374,0.5378,0.4205,43.426757744,95.101746674,-7.87786859
-0.0974,-0.181,0.9033,0.3763,-0.2951,-0.0791,0.7504,0.5859,0.3571,0.6374,0.5378,0.4205,42.6060056998,95.1308772418,-7.781408444
-0.1035,-0.1828,0.9014,0.3785,-0.2961,-0.0987,0.7404,0.5952,0.3386,0.651,0.5375,0.4153,41.6421645036,95.8887270144,-7.1682754104
-0.1084,-0.1871,0.8988,0.3811,-0.2908,-0.126,0.7316,0.6034,0.3472,0.6359,0.5158,0.457,35.8329752548,97.626795573,-2.8341912926
-0.1084,-0.1871,0.8988,0.3811,-0.2908,-0.126,0.7316,0.6034,0.3472,0.6359,0.5158,0.457,36.2881025606,97.0954129372,-2.604159934
-0.1106,-0.1898,0.8975,0.3822,-0.2924,-0.1408,0.73,0.6013,0.3574,0.6226,0.511,0.4726,31.8679537916,97.6639858692,1.333213348
-0.1061,-0.187,0.8995,0.3803,-0.2835,-0.1138,0.7326,0.608,0.3489,0.6278,0.5192,0.463,35.9235010644,96.7233359708,0.2781820216
-0.1024,-0.185,0.8999,0.3812,-0.2889,-0.101,0.739,0.6,0.3433,0.6271,0.5311,0.4545,35.9141240794,97.0631734146,-0.1973365862
-0.1024,-0.185,0.8999,0.3812,-0.2889,-0.101,0.739,0.6,0.3433,0.6271,0.5311,0.4545,39.9094342414,96.4333830762,-3.2984930762
-0.0986,-0.1835,0.9021,0.3776,-0.2911,-0.0847,0.7492,0.5888,0.3463,0.6264,0.5422,0.4399,42.9373789748,95.5942048664,-6.998909292
-0.0993,-0.1823,0.9036,0.3746,-0.2972,-0.0791,0.7532,0.5812,0.3542,0.6206,0.5385,0.4464,42.1305045864,95.598734732,-7.0036455264
-0.1011,-0.1825,0.9028,0.3759,-0.296,-0.088,0.7489,0.5862,0.3428,0.6325,0.5356,0.4421,42.8956991072,95.542126928,-8.0264039552
-0.109,-0.1832,0.9014,0.3765,-0.2918,-0.1119,0.7409,0.5943,0.3334,0.6403,0.5179,0.4588,39.0213622568,97.01273636,-4.8191937856
-0.109,-0.1832,0.9014,0.3765,-0.2918,-0.1119,0.7409,0.5943,0.3334,0.6403,0.5179,0.4588,38.991226576,96.64116406,-4.045431444
-0.1151,-0.1854,0.9005,0.376,-0.2935,-0.1262,0.7361,0.5966,0.3495,0.6298,0.5078,0.4724,34.7762768928,97.6109845504,-0.254290912
-0.1148,-0.1866,0.8987,0.3797,-0.295,-0.1285,0.7347,0.5971,0.3485,0.6259,0.5085,0.4776,33.6771132056,97.729445128,1.7442231972
-0.1148,-0.1866,0.8987,0.3797,-0.295,-0.1285,0.7347,0.5971,0.3485,0.6259,0.5085,0.4776,34.3303197356,97.3946756062,0.8958473486
-0.1135,-0.187,0.8991,0.3789,-0.2922,-0.1219,0.7349,0.5996,0.347,0.6265,0.5107,0.4755,34.7784371696,97.248210341,0.6549725666
-0.1051,-0.1866,0.9008,0.3775,-0.2907,-0.1049,0.7329,0.6061,0.3466,0.6273,0.5148,0.4702,37.33932246,96.6242183524,-0.5243418164
-0.1083,-0.1845,0.8989,0.382,-0.2996,-0.0942,0.7327,0.6035,0.3309,0.635,0.5173,0.4685,37.3873255712,96.9181337288,-0.5053297624
-0.1098,-0.1838,0.8989,0.382,-0.2985,-0.0887,0.7358,0.6013,0.324,0.6378,0.5213,0.4652,40.2820958176,96.5282371088,-1.6181776312
-0.1102,-0.1838,0.8997,0.3802,-0.2971,-0.0819,0.742,0.5952,0.3196,0.6397,0.5286,0.4572,42.6426045834,96.0722122958,-4.097254836
-0.1111,-0.1842,0.9003,0.3781,-0.2992,-0.0789,0.7464,0.589,0.319,0.6392,0.5342,0.4517,42.2484706224,96.1446401444,-3.4571337818
-0.1137,-0.1861,0.9012,0.3743,-0.3024,-0.0761,0.7512,0.5816,0.3185,0.6367,0.5407,0.4479,42.6700651088,96.0146278564,-6.389147683
-0.1137,-0.1861,0.9012,0.3743,-0.3024,-0.0761,0.7512,0.5816,0.3185,0.6367,0.5407,0.4479,41.2970178764,96.555663497,-5.1031580244
-0.1176,-0.1889,0.8992,0.3765,-0.3074,-0.0913,0.7432,0.5871,0.3099,0.6432,0.5416,0.4436,41.7695784976,96.512129544,-4.9144829178
-0.122,-0.1943,0.8963,0.3792,-0.312,-0.122,0.732,0.593,0.3164,0.6376,0.5227,0.469,35.9994714044,98.087135181,-2.1434702582
-0.1238,-0.1958,0.8954,0.3801,-0.3153,-0.1333,0.7279,0.594,0.3259,0.6322,0.5141,0.4791,31.6943550928,98.472795805,0.6499659788
-0.1238,-0.1958,0.8954,0.3801,-0.3153,-0.1333,0.7279,0.594,0.3259,0.6322,0.5141,0.4791,32.405620497,98.354220398,0.717969481
-0.1284,-0.1965,0.8933,0.383,-0.3165,-0.1387,0.7257,0.5948,0.3295,0.6278,0.5111,0.4857,30.9465999138,98.4703706092,1.5927474674
-0.1237,-0.1973,0.8951,0.3801,-0.3095,-0.1225,0.7264,0.6011,0.3292,0.6265,0.5172,0.481,33.508821338,97.8920745116,0.6027781528
-0.1169,-0.1937,0.8973,0.3787,-0.3122,-0.0991,0.7366,0.5916,0.3301,0.6268,0.5302,0.4656,33.5893665888,98.0032585982,0.512104825
-0.1152,-0.1921,0.8989,0.3764,-0.3131,-0.0914,0.7443,0.5826,0.3222,0.6309,0.5409,0.4532,39.4177002386,96.9245421854,-2.884776565
-0.1152,-0.1921,0.8989,0.3764,-0.3131,-0.0914,0.7443,0.5826,0.3222,0.6309,0.5409,0.4532,41.732045989,96.51186253,-7.634266613
-0.1196,-0.1929,0.9008,0.3701,-0.3206,-0.081,0.7552,0.5659,0.3165,0.6317,0.552,0.4426,41.0350870762,96.6445948694,-6.9013724402
-0.1244,-0.1925,0.9008,0.3685,-0.3239,-0.078,0.7563,0.5629,0.3248,0.6279,0.5437,0.4521,42.0653329044,96.2060973208,-9.4240127314
-0.1244,-0.1925,0.9008,0.3685,-0.3239,-0.078,0.7563,0.5629,0.3248,0.6279,0.5437,0.4521,40.16411114,97.1053503148,-6.6283362754
-0.1286,-0.1939,0.8983,0.3725,-0.3195,-0.1019,0.7464,0.5747,0.2965,0.6481,0.5466,0.4394,39.851996302,97.1268149884,-6.4900843628
-0.1356,-0.1969,0.8953,0.3755,-0.3229,-0.1278,0.7357,0.5812,0.3084,0.638,0.5242,0.4721,33.408544173,98.882241573,-2.541675646
-0.1372,-0.1967,0.8945,0.3772,-0.3259,-0.134,0.7338,0.5807,0.3178,0.6311,0.52,0.4798,30.3946525836,98.8765091892,-0.0408012307997
-0.1372,-0.1967,0.8945,0.3772,-0.3259,-0.134,0.7338,0.5807,0.3178,0.6311,0.52,0.4798,30.8573459308,98.7925620644,-0.332143798
-0.1395,-0.1966,0.8936,0.3786,-0.3261,-0.1351,0.7327,0.5817,0.3176,0.6286,0.5198,0.4833,30.5015079014,98.7321805942,0.0780028170001
-0.1325,-0.197,0.8966,0.3736,-0.3164,-0.1195,0.7335,0.5894,0.3172,0.6305,0.5269,0.4733,33.5248673666,98.1508529562,-0.148090907
-0.1256,-0.1928,0.8982,0.3744,-0.3202,-0.0967,0.7379,0.5861,0.3234,0.6276,0.5344,0.4645,33.5730678678,98.2610904072,-0.3828704166
-0.1232,-0.1916,0.899,0.3738,-0.3201,-0.0867,0.7452,0.5783,0.3159,0.6328,0.55,0.444,39.2984842768,97.1704493062,-3.6059710008
-0.1207,-0.1913,0.9001,0.3721,-0.3191,-0.0824,0.7484,0.5755,0.3163,0.6342,0.5558,0.4344,41.999812092,96.4031466032,-6.8457495556
-0.1229,-0.1903,0.8999,0.3724,-0.3217,-0.0789,0.749,0.5737,0.32,0.6332,0.5547,0.4345,41.1075779668,96.5470716032,-7.1125634724
-0.1253,-0.1898,0.8988,0.3745,-0.3253,-0.082,0.7456,0.5757,0.3321,0.6297,0.5454,0.4422,42.09069412,96.23706383,-8.0361233492
-0.1253,-0.1898,0.8988,0.3745,-0.3253,-0.082,0.7456,0.5757,0.3321,0.6297,0.5454,0.4422,38.3722236402,97.5830995628,-5.1434041386
-0.1305,-0.1917,0.8952,0.3804,-0.3246,-0.1079,0.7327,0.5881,0.3055,0.6415,0.5389,0.4522,38.240217104,97.293733106,-5.241873433
-0.1411,-0.1925,0.8927,0.3821,-0.327,-0.1274,0.7243,0.5934,0.3168,0.6317,0.5222,0.4773,32.9550418496,98.4089924912,-1.259487276
-0.1418,-0.1926,0.8917,0.384,-0.3286,-0.1309,0.7232,0.593,0.3168,0.6301,0.521,0.4805,31.466326066,98.4010758962,1.004560726
-0.1418,-0.1926,0.8917,0.384,-0.3286,-0.1309,0.7232,0.593,0.3168,0.6301,0.521,0.4805,31.8821598914,98.480984408,0.5017908784
-0.1414,-0.1939,0.8913,0.3845,-0.3281,-0.13,0.7211,0.596,0.3128,0.631,0.5227,0.4802,32.0179312946,98.2934084704,0.9710146592
-0.1329,-0.1903,0.8927,0.386,-0.3272,-0.1092,0.7174,0.6052,0.3141,0.6333,0.5242,0.4747,36.2470774432,97.39941581,-1.5820277756
-0.1358,-0.1877,0.8937,0.384,-0.3381,-0.0898,0.726,0.5919,0.3012,0.6397,0.5375,0.4593,36.1029629068,97.6946172164,-2.0046114406
-0.1358,-0.1877,0.8937,0.384,-0.3381,-0.0898,0.726,0.5919,0.3012,0.6397,0.5375,0.4593,40.2867998388,96.7537939296,-5.319377091
-0.1375,-0.1867,0.8942,0.3826,-0.3411,-0.0843,0.7311,0.5847,0.302,0.6431,0.5416,0.449,40.7777060912,96.779720664,-6.8000391296
-0.1414,-0.1853,0.8937,0.3833,-0.3377,-0.0861,0.7302,0.5875,0.3056,0.6456,0.537,0.4486,39.922774125,96.7958878652,-6.5153107242
-0.142,-0.1861,0.8931,0.3839,-0.3334,-0.1015,0.7254,0.5935,0.2913,0.6554,0.5349,0.4464,39.2821739398,97.2977266068,-5.0257985562
-0.142,-0.1861,0.8931,0.3839,-0.3334,-0.1015,0.7254,0.5935,0.2913,0.6554,0.5349,0.4464,33.7503365586,98.3531085848,-0.902574691
-0.1476,-0.1877,0.8925,0.3824,-0.3291,-0.1215,0.722,0.5963,0.3118,0.64,0.5148,0.4775,33.9762068928,98.1137013228,0.208587004
-0.1476,-0.1877,0.8925,0.3824,-0.3291,-0.1215,0.722,0.5963,0.3118,0.64,0.5148,0.4775,31.4030196912,98.2241863662,0.740682846
-0.144,-0.1894,0.8932,0.3814,-0.326,-0.1296,0.7238,0.5939,0.3193,0.6365,0.5152,0.4768,31.42934885,98.126971945,1.394485115
-0.1332,-0.1903,0.8961,0.3781,-0.3148,-0.1172,0.7238,0.6025,0.3221,0.635,0.5217,0.4697,32.29704872,98.0145981404,1.0702508728
-0.1253,-0.1878,0.8978,0.3779,-0.3132,-0.1073,0.7245,0.6044,0.3259,0.6342,0.5258,0.4636,35.87159158,97.2431369912,-0.6607841516
-0.1259,-0.184,0.8992,0.3762,-0.3204,-0.0837,0.7338,0.593,0.3183,0.6408,0.5433,0.4388,41.1574025824,96.2177051346,-4.6409922674
-0.1306,-0.1845,0.8975,0.3784,-0.3192,-0.0906,0.7314,0.5957,0.3101,0.6512,0.5432,0.4295,40.6273071786,96.4573349772,-4.5268836462
-0.1306,-0.1845,0.8975,0.3784,-0.3192,-0.0906,0.7314,0.5957,0.3101,0.6512,0.5432,0.4295,38.6961128866,97.2291382572,-2.7051685716
-0.1332,-0.1881,0.8963,0.3789,-0.314,-0.1168,0.7254,0.6011,0.323,0.64,0.5209,0.4632,33.3446898148,98.1221757568,0.9855086696
-0.1387,-0.1884,0.8951,0.3794,-0.3183,-0.1287,0.7246,0.5974,0.3283,0.6334,0.5174,0.4723,33.493444605,97.7429244976,1.4569668954
-0.1387,-0.1886,0.8959,0.3773,-0.3183,-0.1279,0.7254,0.5966,0.3279,0.6312,0.52,0.4729,31.5636593878,98.0283362284,1.2771709614
-0.1267,-0.1878,0.8989,0.3747,-0.3095,-0.1101,0.7263,0.6036,0.3308,0.6306,0.5272,0.4633,33.020849141,97.559322828,1.257576911
-0.1267,-0.1878,0.8989,0.3747,-0.3095,-0.1101,0.7263,0.6036,0.3308,0.6306,0.5272,0.4633,33.403920262,97.6496719732,1.42038196
-0.1223,-0.1844,0.8993,0.377,-0.3142,-0.0925,0.732,0.5972,0.3217,0.6392,0.5396,0.4432,37.7757279118,96.881119809,-0.7804617592
-0.1237,-0.1851,0.8986,0.378,-0.3145,-0.0949,0.7326,0.596,0.3134,0.6503,0.5433,0.4284,39.320153714,96.7658779956,-2.9178517892
-0.1284,-0.1857,0.8974,0.3789,-0.3129,-0.1154,0.7275,0.5994,0.3278,0.6393,0.5227,0.4586,38.6217481836,96.8415310636,-3.4046886964
-0.1284,-0.1857,0.8974,0.3789,-0.3129,-0.1154,0.7275,0.5994,0.3278,0.6393,0.5227,0.4586,37.0993861104,97.1715175852,-1.6668826488
-0.135,-0.1867,0.8961,0.3791,-0.3161,-0.121,0.727,0.5973,0.331,0.6353,0.5186,0.4666,32.8027625412,97.8926088018,0.675875784
-0.137,-0.187,0.8959,0.3786,-0.3181,-0.1256,0.7266,0.5957,0.3324,0.6309,0.518,0.4722,32.8325532576,97.7081099442,1.1821487282
-0.137,-0.187,0.8959,0.3786,-0.3181,-0.1256,0.7266,0.5957,0.3324,0.6309,0.518,0.4722,31.6565567856,98.056495325,1.0229258594
-0.13,-0.1891,0.8977,0.3759,-0.3088,-0.1123,0.7262,0.6037,0.3331,0.629,0.5244,0.4671,33.3055261552,97.6398070344,1.4148592384
-0.1188,-0.1859,0.8996,0.3767,-0.3109,-0.0923,0.7326,0.5983,0.3319,0.6329,0.5401,0.4443,33.7635653388,97.5499411612,0.8033753096
-0.1181,-0.1851,0.9004,0.3754,-0.3125,-0.0846,0.7387,0.591,0.3213,0.6439,0.551,0.4223,39.4157040852,96.5981542036,-2.6441069512
-0.1181,-0.1851,0.9004,0.3754,-0.3125,-0.0846,0.7387,0.591,0.3213,0.6439,0.551,0.4223,40.071505662,96.4486022576,-4.9120059132
-0.1237,-0.1857,0.899,0.3766,-0.3126,-0.1027,0.7332,0.595,0.3241,0.6412,0.5397,0.4385,39.5977667124,96.5577676276,-4.5731327376
-0.1278,-0.187,0.8977,0.3778,-0.3128,-0.1118,0.7306,0.5964,0.3325,0.6337,0.5288,0.4562,36.4531648654,97.3041374558,-2.3241150168
-0.1318,-0.1889,0.8958,0.3798,-0.313,-0.1265,0.7286,0.5958,0.3375,0.6287,0.5219,0.4671,32.7583936252,97.6840355956,1.0075311372
-0.132,-0.1892,0.8966,0.3779,-0.3111,-0.1229,0.7296,0.5963,0.3366,0.6271,0.5244,0.4672,33.0910144908,97.6594407626,1.1267494102
-0.132,-0.1892,0.8966,0.3779,-0.3111,-0.1229,0.7296,0.5963,0.3366,0.6271,0.5244,0.4672,32.1527688124,97.6008987238,1.2315841626
-0.1247,-0.1865,0.8983,0.3776,-0.3091,-0.1022,0.7301,0.6007,0.3388,0.6271,0.5317,0.4573,34.124392879,97.1533600968,0.8899835186
-0.1225,-0.1859,0.898,0.3793,-0.3124,-0.0975,0.7322,0.5971,0.3257,0.6395,0.5471,0.4307,34.3178641344,97.385420752,0.6013614112
-0.1225,-0.1859,0.898,0.3793,-0.3124,-0.0975,0.7322,0.5971,0.3257,0.6395,0.5471,0.4307,37.1823646656,96.948583608,-1.2751058352
-0.1233,-0.1862,0.8976,0.3798,-0.3117,-0.0993,0.7323,0.5971,0.3214,0.6445,0.5482,0.425,36.8895355136,97.1739281888,-1.7166634912
-0.1262,-0.1873,0.8969,0.38,-0.3112,-0.1132,0.7293,0.5986,0.3352,0.6307,0.5296,0.4573,36.4564137376,97.1507130992,-1.900274992
-0.1262,-0.1873,0.8969,0.38,-0.3112,-0.1132,0.7293,0.5986,0.3352,0.6307,0.5296,0.4573,33.6579743152,97.7287662804,0.033318008
-0.1339,-0.1882,0.8954,0.3804,-0.3146,-0.1249,0.7269,0.5973,0.3395,0.6252,0.5236,0.4685,31.6882624288,97.830482048,0.778060872
-0.1322,-0.189,0.8965,0.3781,-0.3103,-0.1207,0.7288,0.5981,0.338,0.6243,0.5264,0.4677,31.8641005352,97.7892356728,1.2167202468
-0.1236,-0.1894,0.8981,0.3771,-0.3046,-0.1106,0.7283,0.6036,0.3381,0.6249,0.5294,0.4634,32.480121744,97.5847413984,1.3921153552
-0.1198,-0.1876,0.8988,0.3775,-0.3056,-0.1018,0.7299,0.6027,0.3408,0.6264,0.5346,0.4534,36.953331182,96.853873474,-0.7022210518
-0.119,-0.1856,0.8989,0.3785,-0.3093,-0.0906,0.7345,0.5971,0.335,0.6309,0.5429,0.4415,37.1007340616,96.996940736,-1.4434043914
-0.1181,-0.1871,0.8991,0.3775,-0.3107,-0.093,0.7367,0.5932,0.3276,0.6381,0.5509,0.4265,39.1111884638,96.8315349528,-3.1531353672
-0.1226,-0.1884,0.898,0.3781,-0.3121,-0.1087,0.732,0.5956,0.3382,0.6279,0.5341,0.4536,37.1380533398,97.4246981,-2.7080205578
-0.1226,-0.1884,0.898,0.3781,-0.3121,-0.1087,0.732,0.5956,0.3382,0.6279,0.5341,0.4536,36.9002589758,97.2127055904,-2.3774494746
-0.1307,-0.1898,0.8961,0.3792,-0.316,-0.123,0.7271,0.5968,0.3432,0.6198,0.5233,0.4734,33.0686863522,97.974290797,-0.4200424464
-0.1298,-0.1903,0.8969,0.3772,-0.3128,-0.1196,0.7291,0.5967,0.3438,0.6176,0.5252,0.4736,32.345223603,97.728743072,0.3147152658
-0.1213,-0.1888,0.899,0.3758,-0.3084,-0.1007,0.731,0.6002,0.3427,0.6193,0.531,0.4657,32.631759728,97.7376534648,0.6324488232
-0.1213,-0.1888,0.899,0.3758,-0.3084,-0.1007,0.731,0.6002,0.3427,0.6193,0.531,0.4657,34.05257828,97.383307854,0.0848565860001
-0.1196,-0.1872,0.8997,0.3755,-0.3092,-0.0925,0.7333,0.5982,0.3399,0.625,0.5399,0.4496,38.5404067818,96.7723327782,-2.5213071876
-0.1197,-0.1872,0.8988,0.3778,-0.3125,-0.0933,0.7344,0.5951,0.3308,0.6355,0.5487,0.4307,38.2213615984,96.9364688512,-3.098236824
-0.1197,-0.1872,0.8988,0.3778,-0.3125,-0.0933,0.7344,0.5951,0.3308,0.6355,0.5487,0.4307,37.9848330612,97.2478235916,-2.677165507
-0.1221,-0.1877,0.8982,0.378,-0.3104,-0.1002,0.7333,0.5963,0.3391,0.6264,0.5374,0.4513,36.6885072488,97.4042344386,-2.5929058746
-0.1284,-0.1883,0.8978,0.3765,-0.3136,-0.1132,0.7293,0.5974,0.3465,0.6178,0.5292,0.4669,36.4762884184,97.2434465142,-1.909436311
-0.1332,-0.1895,0.8967,0.377,-0.3153,-0.1229,0.7279,0.5962,0.3469,0.6141,0.5289,0.4719,33.6916639458,97.6442132224,-0.9601812514
-0.1332,-0.1895,0.8967,0.377,-0.3153,-0.1229,0.7279,0.5962,0.3469,0.6141,0.5289,0.4719,32.1026780476,97.9293950384,0.8160123876
-0.1307,-0.1908,0.8972,0.3761,-0.3129,-0.1221,0.7285,0.5969,0.3475,0.6125,0.53,0.4721,32.7234962146,97.7578340932,0.6641251728
-0.1206,-0.1906,0.8984,0.3765,-0.3082,-0.108,0.7275,0.6033,0.3495,0.6139,0.5349,0.4634,33.4650814802,97.49864072,0.9319361418
-0.1187,-0.1883,0.8986,0.3779,-0.3141,-0.097,0.732,0.5966,0.3407,0.6256,0.5462,0.4404,37.492715546,96.8523923146,-1.5825710066
-0.1187,-0.1883,0.8986,0.3779,-0.3141,-0.097,0.732,0.5966,0.3407,0.6256,0.5462,0.4404,37.213084538,97.0160709692,-2.4846223096
-0.1224,-0.1893,0.8972,0.3796,-0.3156,-0.1058,0.7284,0.5987,0.3391,0.6252,0.5385,0.4515,37.891596476,97.0860726944,-3.0670716352
-0.1312,-0.19,0.8964,0.3782,-0.3199,-0.1201,0.7248,0.5982,0.3384,0.6212,0.5338,0.4631,34.3547832624,97.6689410592,-1.9256994768
-0.1312,-0.19,0.8964,0.3782,-0.3199,-0.1201,0.7248,0.5982,0.3384,0.6212,0.5338,0.4631,34.0227382418,97.6010261914,-0.6124020656
-0.136,-0.1901,0.8959,0.3775,-0.322,-0.1249,0.7241,0.5969,0.3364,0.6206,0.5327,0.4667,31.9459837604,97.8636254228,-0.3807201568
-0.1321,-0.1911,0.8961,0.3781,-0.3195,-0.1256,0.724,0.5982,0.3388,0.6183,0.5321,0.4687,32.045569839,97.803994253,1.00401546
-0.1321,-0.1911,0.8961,0.3781,-0.3195,-0.1256,0.724,0.5982,0.3388,0.6183,0.5321,0.4687,32.4012458508,97.816696,0.2631522584
-0.1235,-0.1894,0.8981,0.3771,-0.3152,-0.108,0.7257,0.6019,0.3389,0.6203,0.5343,0.4635,35.4959792724,97.2247747492,-1.2622509544
-0.1199,-0.1868,0.8985,0.3785,-0.3184,-0.0916,0.7323,0.5948,0.3297,0.6321,0.546,0.4398,39.3401225096,96.8178999048,-3.9073835656
-0.1213,-0.1873,0.898,0.379,-0.3209,-0.0897,0.7348,0.5907,0.3246,0.6374,0.5496,0.4314,38.912874162,96.8399844252,-4.6696590776
-0.1237,-0.1874,0.8975,0.3793,-0.3203,-0.0956,0.7325,0.593,0.3212,0.6394,0.5467,0.4348,39.744320989,97.0192808614,-5.0395111352
-0.1331,-0.1887,0.8965,0.3779,-0.3225,-0.1141,0.7262,0.5962,0.3304,0.6281,0.5274,0.4669,36.587679809,97.759746122,-3.9963673054
-0.1331,-0.1887,0.8965,0.3779,-0.3225,-0.1141,0.7262,0.5962,0.3304,0.6281,0.5274,0.4669,36.3358128666,97.505269771,-2.8790903112
-0.1356,-0.19,0.8956,0.3786,-0.3224,-0.1293,0.7244,0.5953,0.335,0.6227,0.5263,0.4721,32.773877887,98.144394935,-0.0488945120001
-0.1367,-0.1906,0.8955,0.378,-0.3212,-0.1287,0.7248,0.5956,0.3341,0.6208,0.5272,0.4741,31.6030938404,98.030185786,0.7024558016
-0.1367,-0.1906,0.8955,0.378,-0.3212,-0.1287,0.7248,0.5956,0.3341,0.6208,0.5272,0.4741,31.9969495264,98.0791247784,0.757617768
-0.1339,-0.1901,0.8963,0.3775,-0.3186,-0.1229,0.7243,0.5989,0.3345,0.6215,0.5288,0.4713,32.8333376048,97.4829483468,0.6993261428
-0.1295,-0.1884,0.8956,0.3814,-0.3207,-0.1123,0.7241,0.6,0.3355,0.6246,0.5321,0.4625,34.5395079306,97.3525998654,-0.0755354928001
-0.1295,-0.1884,0.8956,0.3814,-0.3207,-0.1123,0.7241,0.6,0.3355,0.6246,0.5321,0.4625,34.4513633998,97.6411158962,-1.1042673836
-0.1245,-0.1885,0.8963,0.3814,-0.3215,-0.1069,0.7281,0.5958,0.3275,0.6334,0.5447,0.4412,35.8529709626,97.5326229894,-1.9012376832
-0.1282,-0.1876,0.8963,0.3808,-0.322,-0.1064,0.7286,0.5949,0.3281,0.6365,0.5451,0.4357,35.872386438,97.4493253564,-2.683125638
-0.1315,-0.19,0.8946,0.3823,-0.3206,-0.123,0.7232,0.5991,0.3366,0.6241,0.5286,0.4665,35.5366403344,97.4729196024,-2.3262328832
-0.1342,-0.1907,0.8939,0.3827,-0.3208,-0.1325,0.7192,0.6018,0.3381,0.6201,0.527,0.4725,32.530527404,98.1207331988,0.3252322888
-0.1378,-0.1906,0.8939,0.3814,-0.3215,-0.1342,0.7201,0.5999,0.3391,0.6169,0.5273,0.4757,31.064449935,98.008208751,1.268436954
-0.1378,-0.1906,0.8939,0.3814,-0.3215,-0.1342,0.7201,0.5999,0.3391,0.6169,0.5273,0.4757,31.163744985,97.873203343,1.7731379246
-0.1348,-0.1906,0.8956,0.3786,-0.3162,-0.1226,0.7208,0.6044,0.3383,0.6174,0.5286,0.4741,31.1124024248,97.9286628744,1.245530116
-0.1271,-0.1876,0.8969,0.3795,-0.3203,-0.1044,0.7256,0.5998,0.3395,0.6207,0.5339,0.4627,33.5720136758,97.6385159514,1.1300315208
-0.1271,-0.1876,0.8969,0.3795,-0.3203,-0.1044,0.7256,0.5998,0.3395,0.6207,0.5339,0.4627,33.4211070192,97.5985759792,0.4487860208
-0.1251,-0.1867,0.8967,0.3811,-0.3244,-0.104,0.7259,0.5973,0.3308,0.6318,0.5447,0.4409,37.4945155644,97.1928735724,-1.7938455724
-0.1266,-0.1872,0.8961,0.3819,-0.324,-0.1048,0.7257,0.5977,0.3306,0.6312,0.5426,0.4447,36.6095222574,97.5136975238,-2.797587935
-0.1266,-0.1872,0.8961,0.3819,-0.324,-0.1048,0.7257,0.5977,0.3306,0.6312,0.5426,0.4447,36.2946161824,97.3700710592,-2.804344416
-0.1324,-0.1891,0.8954,0.3805,-0.3262,-0.1193,0.7198,0.6009,0.3344,0.6213,0.5302,0.4699,33.293864612,97.880969958,-1.750743216
-0.1399,-0.1896,0.894,0.3809,-0.3284,-0.1322,0.7186,0.5984,0.3314,0.6202,0.5299,0.4739,31.1813189592,98.1457397494,0.5150843596
-0.1399,-0.1896,0.894,0.3809,-0.3284,-0.1322,0.7186,0.5984,0.3314,0.6202,0.5299,0.4739,31.4203945404,98.069660758,0.7706183168
-0.137,-0.1903,0.8945,0.3804,-0.3233,-0.1289,0.7197,0.6006,0.333,0.6195,0.5302,0.4733,31.576543626,98.094711718,1.46692191
-0.1275,-0.1884,0.8967,0.3794,-0.3187,-0.1102,0.7214,0.6047,0.3366,0.6228,0.5312,0.4652,35.1958192976,97.428155082,0.1018040028
-0.1238,-0.1848,0.8977,0.3801,-0.3206,-0.0922,0.7321,0.5938,0.3248,0.6354,0.5468,0.4377,34.8920796658,97.5859591466,-0.2483994532
-0.121,-0.1846,0.8987,0.3787,-0.3196,-0.0877,0.7364,0.5897,0.3246,0.636,0.5505,0.4323,39.987270573,96.846231679,-2.999181442
-0.121,-0.1846,0.8987,0.3787,-0.3196,-0.0877,0.7364,0.5897,0.3246,0.636,0.5505,0.4323,40.93433732,96.59157191,-5.042656158
-0.1251,-0.1845,0.8982,0.3787,-0.3218,-0.0953,0.7329,0.5917,0.3234,0.641,0.5482,0.4288,40.2078788622,96.5823386718,-4.9768701446
-0.1325,-0.187,0.8966,0.3788,-0.3236,-0.1198,0.7247,0.5963,0.3283,0.629,0.5255,0.4692,37.3423575246,97.4858651714,-3.7406925846
-0.1325,-0.187,0.8966,0.3788,-0.3236,-0.1198,0.7247,0.5963,0.3283,0.629,0.5255,0.4692,31.917376088,98.1596120056,0.202661392
-0.138,-0.1894,0.8948,0.3798,-0.3252,-0.1339,0.7219,0.5958,0.333,0.6221,0.5249,0.4759,32.561349,98.081566208,1.0152741152
-0.1381,-0.1901,0.8945,0.3803,-0.3226,-0.133,0.7224,0.5968,0.3329,0.6195,0.5261,0.4779,30.4131253296,98.1386121776,1.4579198016
-0.1381,-0.1901,0.8945,0.3803,-0.3226,-0.133,0.7224,0.5968,0.3329,0.6195,0.5261,0.4779,31.6868255906,97.8148598468,1.6601115514
-0.1356,-0.1901,0.8951,0.3796,-0.3192,-0.1279,0.723,0.599,0.3352,0.618,0.5281,0.4761,32.3029222336,97.9282071248,1.1899427868
-0.1262,-0.1883,0.8967,0.38,-0.3178,-0.1095,0.7242,0.6019,0.337,0.6223,0.5317,0.465,35.6294172752,97.4071676992,0.0229424412
-0.1251,-0.1862,0.8968,0.3811,-0.3221,-0.1019,0.7272,0.5974,0.3254,0.6376,0.546,0.435,38.1365151164,97.299036299,-2.3028835518
-0.1273,-0.1878,0.8958,0.382,-0.3222,-0.1127,0.7238,0.5996,0.3305,0.6333,0.5343,0.4517,37.2863810428,97.219049835,-2.8971303592
-0.1273,-0.1878,0.8958,0.382,-0.3222,-0.1127,0.7238,0.5996,0.3305,0.6333,0.5343,0.4517,35.4948900772,98.0179216314,-1.9699272328
-0.1308,-0.189,0.8956,0.3807,-0.3222,-0.122,0.7205,0.6017,0.3352,0.6278,0.5275,0.4638,30.7846294782,98.3657738716,0.091085124
-0.1373,-0.1903,0.894,0.3815,-0.3224,-0.1358,0.7192,0.6002,0.3375,0.624,0.5247,0.4703,30.7749443266,98.066901422,1.4257818282
-0.1383,-0.19,0.8947,0.3798,-0.3183,-0.133,0.7229,0.5986,0.3336,0.6254,0.5244,0.4716,28.851143392,98.317944128,1.370575056
-0.1383,-0.19,0.8947,0.3798,-0.3183,-0.133,0.7229,0.5986,0.3336,0.6254,0.5244,0.4716,29.7188181772,97.9090733596,1.8948308908
-0.1332,-0.1904,0.8951,0.3803,-0.3144,-0.1234,0.7218,0.604,0.3306,0.6284,0.526,0.4679,30.2754598312,98.1038650436,1.9139696998
-0.1309,-0.1901,0.8944,0.383,-0.3233,-0.1091,0.7243,0.599,0.3215,0.6358,0.5297,0.4599,31.4411911008,97.9112662324,1.7701889554
-0.1309,-0.1901,0.8944,0.383,-0.3233,-0.1091,0.7243,0.599,0.3215,0.6358,0.5297,0.4599,35.2666564048,97.738742268,-2.4037439768
-0.1318,-0.1893,0.8947,0.3822,-0.3265,-0.1021,0.7282,0.5938,0.3123,0.6408,0.5402,0.447,35.388185151,98.054240645,-2.377333946
-0.131,-0.1881,0.8976,0.3762,-0.3305,-0.0856,0.742,0.5769,0.3239,0.6311,0.5442,0.4477,40.280442842,96.7632973612,-6.6242548884
-0.1287,-0.1894,0.8994,0.3721,-0.334,-0.0785,0.7508,0.5643,0.3271,0.6224,0.5444,0.4571,42.0178714902,96.29523929,-8.5681370942
-0.1295,-0.1878,0.9005,0.3702,-0.3336,-0.072,0.7544,0.5606,0.3312,0.6195,0.5404,0.463,41.4661390866,96.3647221628,-8.563432789
-0.1295,-0.1878,0.9005,0.3702,-0.3336,-0.072,0.7544,0.5606,0.3312,0.6195,0.5404,0.463,43.4054342756,95.5351638138,-9.551223968
-0.1323,-0.1878,0.8991,0.3724,-0.3314,-0.0801,0.7498,0.567,0.3261,0.6247,0.5408,0.4591,40.5631719714,96.7025529362,-6.8644775072
-0.1375,-0.1896,0.8974,0.3737,-0.3261,-0.1071,0.7414,0.5765,0.2917,0.6527,0.5449,0.438,40.12067769,96.8246222302,-6.6338321998
-0.1402,-0.1926,0.8956,0.3756,-0.322,-0.1291,0.7335,0.5842,0.312,0.6395,0.5203,0.4719,34.4304999516,98.3765458934,-2.4855173906
-0.1402,-0.1926,0.8956,0.3756,-0.322,-0.1291,0.7335,0.5842,0.312,0.6395,0.5203,0.4719,30.899537055,98.453899133,1.221928137
-0.1371,-0.1923,0.8951,0.3779,-0.3181,-0.1317,0.732,0.5878,0.3204,0.6339,0.5149,0.4798,32.0466792204,98.4455506014,1.3266141552
-0.1351,-0.1923,0.8958,0.377,-0.3098,-0.1284,0.7351,0.5891,0.3211,0.6334,0.5167,0.4781,31.5125985738,98.192727584,2.756694874
-0.1351,-0.1923,0.8958,0.377,-0.3098,-0.1284,0.7351,0.5891,0.3211,0.6334,0.5167,0.4781,35.2355402366,97.1724201766,3.5211520484
-0.1227,-0.189,0.8986,0.3763,-0.294,-0.1071,0.7382,0.5975,0.3209,0.6384,0.5302,0.4562,35.3575018634,97.4949219456,3.2315838242
-0.1213,-0.1812,0.9014,0.3739,-0.2976,-0.0805,0.7502,0.5848,0.3206,0.6395,0.5484,0.4328,42.0741777054,96.383652245,-0.7991354638
-0.125,-0.1779,0.9014,0.3741,-0.294,-0.0766,0.7501,0.5874,0.319,0.644,0.5501,0.4251,44.527050752,95.869594144,-3.3862626688
-0.1267,-0.179,0.9006,0.3751,-0.296,-0.0888,0.7444,0.5917,0.3128,0.6512,0.5464,0.4235,43.1143734804,95.9705656168,-3.0823931644
-0.1317,-0.1829,0.8988,0.3759,-0.3018,-0.1066,0.7371,0.5949,0.32,0.6428,0.5242,0.4577,37.6624976508,97.8406856056,0.2044201612
-0.1353,-0.1835,0.8977,0.3768,-0.3041,-0.1132,0.7344,0.5959,0.3241,0.637,0.5172,0.4707,33.6397776588,98.1320577428,2.024037052
-0.1352,-0.1849,0.897,0.3778,-0.3054,-0.1188,0.7326,0.5964,0.3267,0.6359,0.5147,0.473,33.648941748,97.8054048898,2.3212166474
-0.1352,-0.1849,0.897,0.3778,-0.3054,-0.1188,0.7326,0.5964,0.3267,0.6359,0.5147,0.473,32.843419951,97.8355865312,2.7083763956
-0.1276,-0.1851,0.8988,0.3762,-0.2976,-0.1078,0.7319,0.6032,0.3276,0.6342,0.5181,0.471,35.730904816,97.08273892,2.1428524768
-0.1215,-0.181,0.8999,0.3775,-0.2975,-0.0852,0.7393,0.5979,0.3308,0.6315,0.5322,0.4565,36.1662969096,97.2409222212,1.642050324
-0.1215,-0.181,0.8999,0.3775,-0.2975,-0.0852,0.7393,0.5979,0.3308,0.6315,0.5322,0.4565,41.7268438228,96.1343275766,-1.620664614
-0.1202,-0.1814,0.9008,0.3756,-0.2998,-0.0796,0.7445,0.5911,0.3178,0.6413,0.5515,0.4283,41.2060499968,96.5113541328,-3.293039744
-0.1262,-0.1836,0.8981,0.379,-0.3073,-0.0996,0.7346,0.5966,0.3221,0.6405,0.5391,0.4418,40.8461076034,96.5492100216,-2.9854027648
-0.1223,-0.1824,0.8986,0.3797,-0.3027,-0.0875,0.7352,0.6,0.3212,0.6376,0.5443,0.4402,38.6002917468,96.8819903894,-0.7344977502
-0.1219,-0.1848,0.9015,0.3717,-0.3129,-0.0744,0.7525,0.5747,0.3287,0.6262,0.5504,0.4435,42.239921388,96.612073808,-5.426376576
-0.1218,-0.1858,0.9025,0.3687,-0.3164,-0.0715,0.7566,0.5676,0.3358,0.6181,0.5475,0.453,41.726094225,96.393957002,-5.4983687618
-0.1218,-0.1858,0.9025,0.3687,-0.3164,-0.0715,0.7566,0.5676,0.3358,0.6181,0.5475,0.453,43.6252128016,95.8515309968,-9.0105972468
-0.125,-0.1869,0.9038,0.364,-0.3197,-0.0683,0.7622,0.5585,0.3338,0.6144,0.5454,0.4621,43.5106768872,95.8383542016,-9.185042144
-0.1292,-0.1873,0.903,0.3642,-0.3222,-0.0809,0.7547,0.5656,0.3234,0.6235,0.5442,0.4586,43.4759330012,95.6980785294,-8.5493432398
-0.1292,-0.1873,0.903,0.3642,-0.3222,-0.0809,0.7547,0.5656,0.3234,0.6235,0.5442,0.4586,40.8791629576,96.564898818,-7.1573525124
-0.1336,-0.1882,0.8991,0.3717,-0.3175,-0.1061,0.7446,0.5773,0.2963,0.6478,0.5438,0.4434,36.1953873416,97.9829872512,-2.3273414
-0.1337,-0.1907,0.8983,0.3725,-0.315,-0.1155,0.7412,0.5812,0.2945,0.649,0.5327,0.4562,36.7387557282,97.9335634918,-2.344395726
-0.1371,-0.1925,0.8949,0.3783,-0.3129,-0.1311,0.7311,0.5918,0.316,0.6399,0.5131,0.4766,31.822143209,98.2260873618,1.6590234498
-0.1369,-0.1929,0.8936,0.3812,-0.3149,-0.1353,0.7279,0.5938,0.3159,0.6381,0.51,0.4824,30.8996505388,98.2635700404,3.161036388
-0.1369,-0.1929,0.8936,0.3812,-0.3149,-0.1353,0.7279,0.5938,0.3159,0.6381,0.51,0.4824,31.3827437016,98.3416191904,2.3158733464
-0.1359,-0.1923,0.8945,0.3796,-0.3139,-0.1218,0.7261,0.5993,0.3118,0.6401,0.5134,0.4787,32.0780312268,98.0533775392,1.9416353372
-0.1334,-0.1914,0.8954,0.379,-0.3162,-0.1109,0.7269,0.5992,0.3105,0.6417,0.515,0.4757,35.4267308154,97.7656574008,0.0943970090002
-0.1332,-0.1882,0.8963,0.3787,-0.3229,-0.0917,0.734,0.5902,0.2949,0.647,0.5289,0.4631,35.0494954108,97.92000577,-0.0182987070002
-0.1332,-0.1882,0.8963,0.3787,-0.3229,-0.0917,0.734,0.5902,0.2949,0.647,0.5289,0.4631,39.7642279178,97.289389191,-3.293011766
-0.1359,-0.1854,0.8978,0.3753,-0.324,-0.0755,0.7432,0.5803,0.2833,0.6513,0.5431,0.4478,42.686441026,96.4790563324,-5.8864285188
-0.1393,-0.1832,0.8984,0.3739,-0.3283,-0.0777,0.7392,0.5827,0.2809,0.6554,0.5407,0.446,41.72668313,96.7355150238,-5.0420275294
-0.1393,-0.1832,0.8984,0.3739,-0.3283,-0.0777,0.7392,0.5827,0.2809,0.6554,0.5407,0.446,40.930032286,97.0983420956,-4.3778905048
-0.1405,-0.1837,0.8958,0.3794,-0.3302,-0.0879,0.7265,0.5961,0.2989,0.6433,0.5221,0.4734,39.4574312832,97.073577682,-2.4811038984
-0.1405,-0.1837,0.8958,0.3794,-0.3302,-0.0879,0.7265,0.5961,0.2989,0.6433,0.5221,0.4734,38.9995961308,97.295406018,-3.0557387192
-0.1378,-0.182,0.8977,0.3767,-0.3325,-0.0725,0.7393,0.5808,0.2919,0.6445,0.5422,0.4531,42.7274539868,96.1011741316,-6.1995107128
-0.1389,-0.1815,0.8988,0.3739,-0.337,-0.0627,0.7483,0.5678,0.3037,0.633,0.5406,0.4633,43.898204101,95.3468678704,-8.9841713564
-0.1389,-0.1815,0.8988,0.3739,-0.337,-0.0627,0.7483,0.5678,0.3037,0.633,0.5406,0.4633,43.4387048612,95.429542802,-8.8484229708
-0.1414,-0.1808,0.9006,0.3688,-0.3407,-0.0535,0.7545,0.5582,0.3092,0.6247,0.5375,0.4744,44.940994456,94.4670349284,-11.0468849912
-0.1394,-0.1808,0.901,0.3687,-0.3414,-0.0505,0.7557,0.5563,0.3151,0.6191,0.5369,0.4785,44.6587292734,94.2295405808,-10.98468573
-0.1394,-0.1808,0.901,0.3687,-0.3414,-0.0505,0.7557,0.5563,0.3151,0.6191,0.5369,0.4785,44.953850441,94.2697952692,-11.113887871
-0.1401,-0.1822,0.901,0.3677,-0.3403,-0.0516,0.7567,0.5556,0.3078,0.6225,0.5379,0.4777,44.2892254692,94.3035369988,-11.2513294732
-0.1448,-0.1838,0.8995,0.3686,-0.3405,-0.064,0.7514,0.5614,0.2913,0.633,0.538,0.4741,41.800867635,95.5793555704,-9.8488724918
-0.147,-0.1853,0.8981,0.3704,-0.34,-0.0874,0.7431,0.5696,0.2702,0.6469,0.5416,0.4637,42.183605177,95.964032244,-9.022739053
-0.1442,-0.186,0.8997,0.3673,-0.3339,-0.0635,0.7535,0.5626,0.278,0.6362,0.5514,0.4624,43.0883314,96.319028068,-8.08131594
-0.1438,-0.1858,0.9,0.367,-0.3336,-0.0643,0.7527,0.5638,0.2778,0.6355,0.5497,0.4654,43.5559736728,96.007986686,-8.4801307904
-0.1438,-0.1858,0.9,0.367,-0.3336,-0.0643,0.7527,0.5638,0.2778,0.6355,0.5497,0.4654,43.3342323224,96.1221655822,-7.9087034714
-0.145,-0.1865,0.8985,0.3698,-0.3342,-0.0776,0.7467,0.5697,0.2692,0.6431,0.5494,0.4603,42.75739934,96.283702794,-6.907535854
-0.1474,-0.187,0.8969,0.3725,-0.3352,-0.0874,0.7409,0.5753,0.2617,0.6531,0.5444,0.4564,40.978791595,96.8688903202,-5.7016746834
-0.1474,-0.187,0.8969,0.3725,-0.3352,-0.0874,0.7409,0.5753,0.2617,0.6531,0.5444,0.4564,41.0511494362,96.9931930852,-5.8017235806
-0.1453,-0.1908,0.8944,0.3775,-0.3291,-0.1197,0.7302,0.5865,0.2765,0.6513,0.5236,0.4744,36.6562194368,98.1187309476,-2.3572305792
-0.1453,-0.1928,0.8923,0.3811,-0.3272,-0.1273,0.7252,0.5922,0.2863,0.6481,0.5151,0.4821,32.3565944846,98.6271778628,2.01139053
-0.1472,-0.1925,0.89,0.386,-0.3294,-0.1354,0.7211,0.5941,0.2964,0.6401,0.5073,0.4948,33.0661853718,98.4664588878,1.3594443024
-0.1472,-0.1925,0.89,0.386,-0.3294,-0.1354,0.7211,0.5941,0.2964,0.6401,0.5073,0.4948,31.537280455,98.584485075,2.5480818632
-0.149,-0.1921,0.8908,0.3836,-0.3297,-0.1334,0.7231,0.592,0.2963,0.6384,0.5081,0.4962,32.015459726,98.5722982828,0.6967445604
-0.1444,-0.1911,0.893,0.3809,-0.3236,-0.1188,0.7246,0.5966,0.2948,0.6419,0.5116,0.489,31.8067341832,98.6024471664,1.2431223856
-0.1346,-0.188,0.8958,0.3795,-0.3214,-0.0968,0.7289,0.5965,0.2934,0.6398,0.5216,0.482,34.0183119024,98.2132587936,1.089375312
-0.1346,-0.188,0.8958,0.3795,-0.3214,-0.0968,0.7289,0.5965,0.2934,0.6398,0.5216,0.482,38.6577999154,97.411781743,-1.519646676
-0.1348,-0.186,0.9,0.3703,-0.3248,-0.0726,0.7517,0.5693,0.278,0.6386,0.5541,0.4558,38.31955839,97.434847041,-2.235803607
-0.1364,-0.1865,0.9024,0.3637,-0.3267,-0.0655,0.7598,0.5581,0.2844,0.6289,0.5604,0.4576,43.2753726552,96.1148341308,-8.3577156972
-0.1371,-0.1864,0.9067,0.3524,-0.3311,-0.0519,0.7724,0.5394,0.2971,0.6175,0.5605,0.4649,45.4766561034,94.8225091964,-12.1029854282
-0.1371,-0.1864,0.9067,0.3524,-0.3311,-0.0519,0.7724,0.5394,0.2971,0.6175,0.5605,0.4649,45.1991192104,94.859618604,-10.8320629892
-0.1362,-0.1855,0.9085,0.3485,-0.3312,-0.0426,0.7795,0.5299,0.3075,0.6058,0.561,0.4728,46.7024895248,93.8264206496,-12.94917926
-0.1343,-0.1831,0.9108,0.3444,-0.3284,-0.0353,0.7841,0.5253,0.3164,0.6024,0.5612,0.4711,47.7641066088,92.9109095192,-13.7801016436
-0.1343,-0.1831,0.9108,0.3444,-0.3284,-0.0353,0.7841,0.5253,0.3164,0.6024,0.5612,0.4711,47.639878115,92.941148975,-13.798157645
-0.134,-0.1806,0.9119,0.343,-0.3265,-0.0296,0.7857,0.5245,0.3184,0.604,0.5578,0.4718,48.5920541794,91.9198059682,-14.9000924
-0.134,-0.1797,0.9116,0.3444,-0.3261,-0.0291,0.7849,0.5258,0.3179,0.6051,0.557,0.4716,48.4275959836,92.1261886016,-14.1216798824
-0.132,-0.1804,0.9119,0.3439,-0.3215,-0.0334,0.7863,0.5265,0.314,0.6083,0.5598,0.4666,48.4300077506,92.3008183082,-14.446903401
-0.132,-0.1804,0.9119,0.3439,-0.3215,-0.0334,0.7863,0.5265,0.314,0.6083,0.5598,0.4666,48.2288541928,92.6932848386,-13.713021134
-0.1316,-0.181,0.9114,0.3453,-0.3201,-0.0418,0.7817,0.5335,0.3122,0.6123,0.557,0.4661,46.639635221,93.6178669798,-12.396969761
-0.1312,-0.1815,0.9097,0.3493,-0.3182,-0.0504,0.7766,0.5412,0.3065,0.6215,0.5512,0.4645,46.7400357156,93.519519356,-12.7448444356
-0.1295,-0.1813,0.9094,0.351,-0.3155,-0.0547,0.7742,0.5458,0.3078,0.6237,0.5484,0.4641,45.7958352236,94.3103324024,-10.747661114
-0.1295,-0.1821,0.9086,0.3527,-0.3127,-0.0593,0.7727,0.5491,0.3047,0.6285,0.5466,0.4617,45.8204530412,94.5638313746,-10.1852723398
-0.1295,-0.1821,0.9086,0.3527,-0.3127,-0.0593,0.7727,0.5491,0.3047,0.6285,0.5466,0.4617,45.7233253268,94.531479405,-10.42398056
-0.129,-0.1828,0.9074,0.3556,-0.3118,-0.0672,0.7659,0.5581,0.3021,0.6343,0.5448,0.4575,44.140229998,95.4669665686,-8.5913628672
-0.1267,-0.1815,0.9068,0.3585,-0.3074,-0.0665,0.7635,0.5639,0.3096,0.6333,0.5413,0.4581,43.9357283852,95.437379973,-7.0662894944
-0.1267,-0.1815,0.9068,0.3585,-0.3074,-0.0665,0.7635,0.5639,0.3096,0.6333,0.5413,0.4581,44.1310335778,95.3972392892,-7.7604423744
